Effective Date,Rate Type,Rate (%)
07/23/2026,EFFR,3.63
07/23/2026,OBFR,3.63
07/23/2026,TGCR,3.62
07/23/2026,BGCR,3.62
07/23/2026,SOFR,3.64
07/22/2026,EFFR,3.63
07/22/2026,OBFR,3.63
07/22/2026,TGCR,3.6
07/22/2026,BGCR,3.6
07/22/2026,SOFR,3.62
07/21/2026,EFFR,3.63
07/21/2026,OBFR,3.63
07/21/2026,TGCR,3.58
07/21/2026,BGCR,3.58
07/21/2026,SOFR,3.61
07/20/2026,EFFR,3.63
07/20/2026,OBFR,3.62
07/20/2026,TGCR,3.54
07/20/2026,BGCR,3.54
07/20/2026,SOFR,3.57
07/17/2026,EFFR,3.63
07/17/2026,OBFR,3.62
07/17/2026,TGCR,3.56
07/17/2026,BGCR,3.56
07/17/2026,SOFR,3.59
07/16/2026,EFFR,3.63
07/16/2026,OBFR,3.62
07/16/2026,TGCR,3.59
07/16/2026,BGCR,3.59
07/16/2026,SOFR,3.62
07/15/2026,EFFR,3.63
07/15/2026,OBFR,3.63
07/15/2026,TGCR,3.62
07/15/2026,BGCR,3.62
07/15/2026,SOFR,3.64
07/14/2026,EFFR,3.63
07/14/2026,OBFR,3.63
07/14/2026,TGCR,3.62
07/14/2026,BGCR,3.62
07/14/2026,SOFR,3.63
07/13/2026,EFFR,3.62
07/13/2026,OBFR,3.62
07/13/2026,TGCR,3.58
07/13/2026,BGCR,3.58
07/13/2026,SOFR,3.6
07/10/2026,EFFR,3.62
07/10/2026,OBFR,3.62
07/10/2026,TGCR,3.52
07/10/2026,BGCR,3.52
07/10/2026,SOFR,3.55
07/09/2026,EFFR,3.62
07/09/2026,OBFR,3.62
07/09/2026,TGCR,3.51
07/09/2026,BGCR,3.51
07/09/2026,SOFR,3.53
07/08/2026,EFFR,3.62
07/08/2026,OBFR,3.62
07/08/2026,TGCR,3.57
07/08/2026,BGCR,3.57
07/08/2026,SOFR,3.58
07/07/2026,EFFR,3.63
07/07/2026,OBFR,3.62
07/07/2026,TGCR,3.6
07/07/2026,BGCR,3.6
07/07/2026,SOFR,3.62
07/06/2026,EFFR,3.63
07/06/2026,OBFR,3.62
07/06/2026,TGCR,3.61
07/06/2026,BGCR,3.61
07/06/2026,SOFR,3.63
07/03/2026,EFFR,3.63
07/03/2026,OBFR,3.63
07/02/2026,EFFR,3.63
07/02/2026,OBFR,3.63
07/02/2026,TGCR,3.62
07/02/2026,BGCR,3.62
07/02/2026,SOFR,3.64
07/01/2026,EFFR,3.63
07/01/2026,OBFR,3.63
07/01/2026,TGCR,3.63
07/01/2026,BGCR,3.63
07/01/2026,SOFR,3.66
06/30/2026,EFFR,3.63
06/30/2026,OBFR,3.63
06/30/2026,TGCR,3.64
06/30/2026,BGCR,3.64
06/30/2026,SOFR,3.68
06/29/2026,EFFR,3.63
06/29/2026,OBFR,3.62
06/29/2026,TGCR,3.6
06/29/2026,BGCR,3.6
06/29/2026,SOFR,3.62
06/26/2026,EFFR,3.63
06/26/2026,OBFR,3.62
06/26/2026,TGCR,3.6
06/26/2026,BGCR,3.6
06/26/2026,SOFR,3.62
06/25/2026,EFFR,3.63
06/25/2026,OBFR,3.62
06/25/2026,TGCR,3.62
06/25/2026,BGCR,3.62
06/25/2026,SOFR,3.64
06/24/2026,EFFR,3.63
06/24/2026,OBFR,3.63
06/24/2026,TGCR,3.61
06/24/2026,BGCR,3.61
06/24/2026,SOFR,3.62
06/23/2026,EFFR,3.63
06/23/2026,OBFR,3.62
06/23/2026,TGCR,3.6
06/23/2026,BGCR,3.6
06/23/2026,SOFR,3.62
06/22/2026,EFFR,3.63
06/22/2026,OBFR,3.62
06/22/2026,TGCR,3.59
06/22/2026,BGCR,3.59
06/22/2026,SOFR,3.61
06/18/2026,EFFR,3.63
06/18/2026,OBFR,3.62
06/18/2026,TGCR,3.6
06/18/2026,BGCR,3.6
06/18/2026,SOFR,3.62
06/17/2026,EFFR,3.63
06/17/2026,OBFR,3.63
06/17/2026,TGCR,3.61
06/17/2026,BGCR,3.61
06/17/2026,SOFR,3.63
06/16/2026,EFFR,3.63
06/16/2026,OBFR,3.63
06/16/2026,TGCR,3.61
06/16/2026,BGCR,3.61
06/16/2026,SOFR,3.63
06/15/2026,EFFR,3.63
06/15/2026,OBFR,3.63
06/15/2026,TGCR,3.67
06/15/2026,BGCR,3.67
06/15/2026,SOFR,3.69
06/12/2026,EFFR,3.62
06/12/2026,OBFR,3.62
06/12/2026,TGCR,3.63
06/12/2026,BGCR,3.63
06/12/2026,SOFR,3.65
06/11/2026,EFFR,3.62
06/11/2026,OBFR,3.62
06/11/2026,TGCR,3.58
06/11/2026,BGCR,3.58
06/11/2026,SOFR,3.6
06/10/2026,EFFR,3.62
06/10/2026,OBFR,3.62
06/10/2026,TGCR,3.57
06/10/2026,BGCR,3.57
06/10/2026,SOFR,3.59
06/09/2026,EFFR,3.62
06/09/2026,OBFR,3.62
06/09/2026,TGCR,3.59
06/09/2026,BGCR,3.59
06/09/2026,SOFR,3.6
06/08/2026,EFFR,3.62
06/08/2026,OBFR,3.62
06/08/2026,TGCR,3.61
06/08/2026,BGCR,3.61
06/08/2026,SOFR,3.63
06/05/2026,EFFR,3.62
06/05/2026,OBFR,3.62
06/05/2026,TGCR,3.61
06/05/2026,BGCR,3.61
06/05/2026,SOFR,3.63
06/04/2026,EFFR,3.62
06/04/2026,OBFR,3.62
06/04/2026,TGCR,3.59
06/04/2026,BGCR,3.59
06/04/2026,SOFR,3.62
06/03/2026,EFFR,3.62
06/03/2026,OBFR,3.62
06/03/2026,TGCR,3.59
06/03/2026,BGCR,3.59
06/03/2026,SOFR,3.61
06/02/2026,EFFR,3.62
06/02/2026,OBFR,3.62
06/02/2026,TGCR,3.6
06/02/2026,BGCR,3.61
06/02/2026,SOFR,3.63
06/01/2026,EFFR,3.62
06/01/2026,OBFR,3.62
06/01/2026,TGCR,3.63
06/01/2026,BGCR,3.63
06/01/2026,SOFR,3.65
05/29/2026,EFFR,3.62
05/29/2026,OBFR,3.62
05/29/2026,TGCR,3.61
05/29/2026,BGCR,3.61
05/29/2026,SOFR,3.63
05/28/2026,EFFR,3.62
05/28/2026,OBFR,3.62
05/28/2026,TGCR,3.6
05/28/2026,BGCR,3.6
05/28/2026,SOFR,3.62
05/27/2026,EFFR,3.62
05/27/2026,OBFR,3.62
05/27/2026,TGCR,3.62
05/27/2026,BGCR,3.62
05/27/2026,SOFR,3.63
05/26/2026,EFFR,3.62
05/26/2026,OBFR,3.62
05/26/2026,TGCR,3.61
05/26/2026,BGCR,3.61
05/26/2026,SOFR,3.63
05/22/2026,EFFR,3.62
05/22/2026,OBFR,3.61
05/22/2026,TGCR,3.53
05/22/2026,BGCR,3.53
05/22/2026,SOFR,3.55
05/21/2026,EFFR,3.62
05/21/2026,OBFR,3.61
05/21/2026,TGCR,3.51
05/21/2026,BGCR,3.51
05/21/2026,SOFR,3.51
05/20/2026,EFFR,3.62
05/20/2026,OBFR,3.62
05/20/2026,TGCR,3.5
05/20/2026,BGCR,3.5
05/20/2026,SOFR,3.5
05/19/2026,EFFR,3.62
05/19/2026,OBFR,3.62
05/19/2026,TGCR,3.51
05/19/2026,BGCR,3.51
05/19/2026,SOFR,3.51
05/18/2026,EFFR,3.63
05/18/2026,OBFR,3.62
05/18/2026,TGCR,3.52
05/18/2026,BGCR,3.52
05/18/2026,SOFR,3.53
05/15/2026,EFFR,3.63
05/15/2026,OBFR,3.62
05/15/2026,TGCR,3.53
05/15/2026,BGCR,3.53
05/15/2026,SOFR,3.55
05/14/2026,EFFR,3.63
05/14/2026,OBFR,3.63
05/14/2026,TGCR,3.55
05/14/2026,BGCR,3.55
05/14/2026,SOFR,3.56
05/13/2026,EFFR,3.63
05/13/2026,OBFR,3.63
05/13/2026,TGCR,3.58
05/13/2026,BGCR,3.58
05/13/2026,SOFR,3.59
05/12/2026,EFFR,3.63
05/12/2026,OBFR,3.63
05/12/2026,TGCR,3.58
05/12/2026,BGCR,3.58
05/12/2026,SOFR,3.6
05/11/2026,EFFR,3.63
05/11/2026,OBFR,3.63
05/11/2026,TGCR,3.58
05/11/2026,BGCR,3.58
05/11/2026,SOFR,3.6
05/08/2026,EFFR,3.63
05/08/2026,OBFR,3.63
05/08/2026,TGCR,3.58
05/08/2026,BGCR,3.58
05/08/2026,SOFR,3.6
05/07/2026,EFFR,3.63
05/07/2026,OBFR,3.63
05/07/2026,TGCR,3.58
05/07/2026,BGCR,3.58
05/07/2026,SOFR,3.6
05/06/2026,EFFR,3.64
05/06/2026,OBFR,3.63
05/06/2026,TGCR,3.6
05/06/2026,BGCR,3.6
05/06/2026,SOFR,3.61
05/05/2026,EFFR,3.64
05/05/2026,OBFR,3.63
05/05/2026,TGCR,3.6
05/05/2026,BGCR,3.6
05/05/2026,SOFR,3.62
05/04/2026,EFFR,3.64
05/04/2026,OBFR,3.63
05/04/2026,TGCR,3.61
05/04/2026,BGCR,3.61
05/04/2026,SOFR,3.63
05/01/2026,EFFR,3.64
05/01/2026,OBFR,3.63
05/01/2026,TGCR,3.63
05/01/2026,BGCR,3.63
05/01/2026,SOFR,3.64
04/30/2026,EFFR,3.64
04/30/2026,OBFR,3.64
04/30/2026,TGCR,3.64
04/30/2026,BGCR,3.64
04/30/2026,SOFR,3.66
04/29/2026,EFFR,3.64
04/29/2026,OBFR,3.64
04/29/2026,TGCR,3.61
04/29/2026,BGCR,3.61
04/29/2026,SOFR,3.63
04/28/2026,EFFR,3.64
04/28/2026,OBFR,3.64
04/28/2026,TGCR,3.62
04/28/2026,BGCR,3.62
04/28/2026,SOFR,3.64
04/27/2026,EFFR,3.64
04/27/2026,OBFR,3.64
04/27/2026,TGCR,3.65
04/27/2026,BGCR,3.65
04/27/2026,SOFR,3.66
04/24/2026,EFFR,3.64
04/24/2026,OBFR,3.64
04/24/2026,TGCR,3.65
04/24/2026,BGCR,3.65
04/24/2026,SOFR,3.66
04/23/2026,EFFR,3.64
04/23/2026,OBFR,3.64
04/23/2026,TGCR,3.63
04/23/2026,BGCR,3.63
04/23/2026,SOFR,3.65
04/22/2026,EFFR,3.64
04/22/2026,OBFR,3.64
04/22/2026,TGCR,3.62
04/22/2026,BGCR,3.62
04/22/2026,SOFR,3.64
04/21/2026,EFFR,3.64
04/21/2026,OBFR,3.64
04/21/2026,TGCR,3.61
04/21/2026,BGCR,3.61
04/21/2026,SOFR,3.63
04/20/2026,EFFR,3.64
04/20/2026,OBFR,3.63
04/20/2026,TGCR,3.6
04/20/2026,BGCR,3.6
04/20/2026,SOFR,3.63
04/17/2026,EFFR,3.64
04/17/2026,OBFR,3.64
04/17/2026,TGCR,3.62
04/17/2026,BGCR,3.62
04/17/2026,SOFR,3.65
04/16/2026,EFFR,3.64
04/16/2026,OBFR,3.64
04/16/2026,TGCR,3.64
04/16/2026,BGCR,3.64
04/16/2026,SOFR,3.67
04/15/2026,EFFR,3.64
04/15/2026,OBFR,3.64
04/15/2026,TGCR,3.7
04/15/2026,BGCR,3.7
04/15/2026,SOFR,3.72
04/14/2026,EFFR,3.64
04/14/2026,OBFR,3.63
04/14/2026,TGCR,3.64
04/14/2026,BGCR,3.64
04/14/2026,SOFR,3.66
04/13/2026,EFFR,3.64
04/13/2026,OBFR,3.63
04/13/2026,TGCR,3.61
04/13/2026,BGCR,3.61
04/13/2026,SOFR,3.63
04/10/2026,EFFR,3.64
04/10/2026,OBFR,3.63
04/10/2026,TGCR,3.59
04/10/2026,BGCR,3.59
04/10/2026,SOFR,3.61
04/09/2026,EFFR,3.64
04/09/2026,OBFR,3.63
04/09/2026,TGCR,3.54
04/09/2026,BGCR,3.54
04/09/2026,SOFR,3.57
04/08/2026,EFFR,3.64
04/08/2026,OBFR,3.63
04/08/2026,TGCR,3.58
04/08/2026,BGCR,3.58
04/08/2026,SOFR,3.59
04/07/2026,EFFR,3.64
04/07/2026,OBFR,3.63
04/07/2026,TGCR,3.61
04/07/2026,BGCR,3.61
04/07/2026,SOFR,3.62
04/06/2026,EFFR,3.64
04/06/2026,OBFR,3.64
04/06/2026,TGCR,3.63
04/06/2026,BGCR,3.63
04/06/2026,SOFR,3.65
04/03/2026,EFFR,3.64
04/03/2026,OBFR,3.64
04/02/2026,EFFR,3.64
04/02/2026,OBFR,3.64
04/02/2026,TGCR,3.63
04/02/2026,BGCR,3.63
04/02/2026,SOFR,3.66
04/01/2026,EFFR,3.64
04/01/2026,OBFR,3.64
04/01/2026,TGCR,3.62
04/01/2026,BGCR,3.62
04/01/2026,SOFR,3.65
03/31/2026,EFFR,3.64
03/31/2026,OBFR,3.64
03/31/2026,TGCR,3.66
03/31/2026,BGCR,3.66
03/31/2026,SOFR,3.68
03/30/2026,EFFR,3.64
03/30/2026,OBFR,3.64
03/30/2026,TGCR,3.62
03/30/2026,BGCR,3.62
03/30/2026,SOFR,3.63
03/27/2026,EFFR,3.64
03/27/2026,OBFR,3.64
03/27/2026,TGCR,3.62
03/27/2026,BGCR,3.62
03/27/2026,SOFR,3.63
03/26/2026,EFFR,3.64
03/26/2026,OBFR,3.64
03/26/2026,TGCR,3.63
03/26/2026,BGCR,3.63
03/26/2026,SOFR,3.65
03/25/2026,EFFR,3.64
03/25/2026,OBFR,3.64
03/25/2026,TGCR,3.63
03/25/2026,BGCR,3.63
03/25/2026,SOFR,3.64
03/24/2026,EFFR,3.64
03/24/2026,OBFR,3.64
03/24/2026,TGCR,3.6
03/24/2026,BGCR,3.6
03/24/2026,SOFR,3.63
03/23/2026,EFFR,3.64
03/23/2026,OBFR,3.64
03/23/2026,TGCR,3.6
03/23/2026,BGCR,3.6
03/23/2026,SOFR,3.62
03/20/2026,EFFR,3.64
03/20/2026,OBFR,3.64
03/20/2026,TGCR,3.6
03/20/2026,BGCR,3.6
03/20/2026,SOFR,3.62
03/19/2026,EFFR,3.64
03/19/2026,OBFR,3.64
03/19/2026,TGCR,3.6
03/19/2026,BGCR,3.6
03/19/2026,SOFR,3.62
03/18/2026,EFFR,3.64
03/18/2026,OBFR,3.64
03/18/2026,TGCR,3.6
03/18/2026,BGCR,3.6
03/18/2026,SOFR,3.62
03/17/2026,EFFR,3.64
03/17/2026,OBFR,3.64
03/17/2026,TGCR,3.62
03/17/2026,BGCR,3.62
03/17/2026,SOFR,3.65
03/16/2026,EFFR,3.64
03/16/2026,OBFR,3.64
03/16/2026,TGCR,3.67
03/16/2026,BGCR,3.67
03/16/2026,SOFR,3.7
03/13/2026,EFFR,3.64
03/13/2026,OBFR,3.64
03/13/2026,TGCR,3.63
03/13/2026,BGCR,3.63
03/13/2026,SOFR,3.65
03/12/2026,EFFR,3.64
03/12/2026,OBFR,3.64
03/12/2026,TGCR,3.63
03/12/2026,BGCR,3.63
03/12/2026,SOFR,3.65
03/11/2026,EFFR,3.64
03/11/2026,OBFR,3.64
03/11/2026,TGCR,3.62
03/11/2026,BGCR,3.62
03/11/2026,SOFR,3.64
03/10/2026,EFFR,3.64
03/10/2026,OBFR,3.64
03/10/2026,TGCR,3.61
03/10/2026,BGCR,3.62
03/10/2026,SOFR,3.64
03/09/2026,EFFR,3.64
03/09/2026,OBFR,3.63
03/09/2026,TGCR,3.63
03/09/2026,BGCR,3.63
03/09/2026,SOFR,3.65
03/06/2026,EFFR,3.64
03/06/2026,OBFR,3.63
03/06/2026,TGCR,3.62
03/06/2026,BGCR,3.62
03/06/2026,SOFR,3.65
03/05/2026,EFFR,3.64
03/05/2026,OBFR,3.63
03/05/2026,TGCR,3.63
03/05/2026,BGCR,3.63
03/05/2026,SOFR,3.66
03/04/2026,EFFR,3.64
03/04/2026,OBFR,3.63
03/04/2026,TGCR,3.65
03/04/2026,BGCR,3.65
03/04/2026,SOFR,3.67
03/03/2026,EFFR,3.64
03/03/2026,OBFR,3.64
03/03/2026,TGCR,3.67
03/03/2026,BGCR,3.67
03/03/2026,SOFR,3.7
03/02/2026,EFFR,3.64
03/02/2026,OBFR,3.64
03/02/2026,TGCR,3.69
03/02/2026,BGCR,3.69
03/02/2026,SOFR,3.71
02/27/2026,EFFR,3.64
02/27/2026,OBFR,3.63
02/27/2026,TGCR,3.66
02/27/2026,BGCR,3.66
02/27/2026,SOFR,3.68
02/26/2026,EFFR,3.64
02/26/2026,OBFR,3.63
02/26/2026,TGCR,3.65
02/26/2026,BGCR,3.65
02/26/2026,SOFR,3.67
02/25/2026,EFFR,3.64
02/25/2026,OBFR,3.64
02/25/2026,TGCR,3.65
02/25/2026,BGCR,3.65
02/25/2026,SOFR,3.67
02/24/2026,EFFR,3.64
02/24/2026,OBFR,3.63
02/24/2026,TGCR,3.65
02/24/2026,BGCR,3.65
02/24/2026,SOFR,3.67
02/23/2026,EFFR,3.64
02/23/2026,OBFR,3.63
02/23/2026,TGCR,3.64
02/23/2026,BGCR,3.64
02/23/2026,SOFR,3.66
02/20/2026,EFFR,3.64
02/20/2026,OBFR,3.63
02/20/2026,TGCR,3.64
02/20/2026,BGCR,3.64
02/20/2026,SOFR,3.66
02/19/2026,EFFR,3.64
02/19/2026,OBFR,3.64
02/19/2026,TGCR,3.64
02/19/2026,BGCR,3.64
02/19/2026,SOFR,3.67
02/18/2026,EFFR,3.64
02/18/2026,OBFR,3.64
02/18/2026,TGCR,3.72
02/18/2026,BGCR,3.72
02/18/2026,SOFR,3.73
02/17/2026,EFFR,3.64
02/17/2026,OBFR,3.64
02/17/2026,TGCR,3.67
02/17/2026,BGCR,3.67
02/17/2026,SOFR,3.71
02/13/2026,EFFR,3.64
02/13/2026,OBFR,3.63
02/13/2026,TGCR,3.64
02/13/2026,BGCR,3.64
02/13/2026,SOFR,3.66
02/12/2026,EFFR,3.64
02/12/2026,OBFR,3.63
02/12/2026,TGCR,3.63
02/12/2026,BGCR,3.63
02/12/2026,SOFR,3.65
02/11/2026,EFFR,3.64
02/11/2026,OBFR,3.63
02/11/2026,TGCR,3.62
02/11/2026,BGCR,3.62
02/11/2026,SOFR,3.65
02/10/2026,EFFR,3.64
02/10/2026,OBFR,3.63
02/10/2026,TGCR,3.63
02/10/2026,BGCR,3.63
02/10/2026,SOFR,3.65
02/09/2026,EFFR,3.64
02/09/2026,OBFR,3.63
02/09/2026,TGCR,3.61
02/09/2026,BGCR,3.61
02/09/2026,SOFR,3.63
02/06/2026,EFFR,3.64
02/06/2026,OBFR,3.63
02/06/2026,TGCR,3.62
02/06/2026,BGCR,3.62
02/06/2026,SOFR,3.64
02/05/2026,EFFR,3.64
02/05/2026,OBFR,3.63
02/05/2026,TGCR,3.63
02/05/2026,BGCR,3.63
02/05/2026,SOFR,3.65
02/04/2026,EFFR,3.64
02/04/2026,OBFR,3.63
02/04/2026,TGCR,3.63
02/04/2026,BGCR,3.63
02/04/2026,SOFR,3.65
02/03/2026,EFFR,3.64
02/03/2026,OBFR,3.64
02/03/2026,TGCR,3.66
02/03/2026,BGCR,3.66
02/03/2026,SOFR,3.69
02/02/2026,EFFR,3.64
02/02/2026,OBFR,3.64
02/02/2026,TGCR,3.66
02/02/2026,BGCR,3.66
02/02/2026,SOFR,3.69
01/30/2026,EFFR,3.64
01/30/2026,OBFR,3.63
01/30/2026,TGCR,3.66
01/30/2026,BGCR,3.66
01/30/2026,SOFR,3.68
01/29/2026,EFFR,3.64
01/29/2026,OBFR,3.63
01/29/2026,TGCR,3.63
01/29/2026,BGCR,3.63
01/29/2026,SOFR,3.65
01/28/2026,EFFR,3.64
01/28/2026,OBFR,3.64
01/28/2026,TGCR,3.62
01/28/2026,BGCR,3.62
01/28/2026,SOFR,3.64
01/27/2026,EFFR,3.64
01/27/2026,OBFR,3.63
01/27/2026,TGCR,3.64
01/27/2026,BGCR,3.64
01/27/2026,SOFR,3.66
01/26/2026,EFFR,3.64
01/26/2026,OBFR,3.63
01/26/2026,TGCR,3.65
01/26/2026,BGCR,3.65
01/26/2026,SOFR,3.66
01/23/2026,EFFR,3.64
01/23/2026,OBFR,3.63
01/23/2026,TGCR,3.64
01/23/2026,BGCR,3.64
01/23/2026,SOFR,3.65
01/22/2026,EFFR,3.64
01/22/2026,OBFR,3.63
01/22/2026,TGCR,3.62
01/22/2026,BGCR,3.62
01/22/2026,SOFR,3.64
01/21/2026,EFFR,3.64
01/21/2026,OBFR,3.63
01/21/2026,TGCR,3.61
01/21/2026,BGCR,3.61
01/21/2026,SOFR,3.63
01/20/2026,EFFR,3.64
01/20/2026,OBFR,3.63
01/20/2026,TGCR,3.61
01/20/2026,BGCR,3.61
01/20/2026,SOFR,3.64
01/16/2026,EFFR,3.64
01/16/2026,OBFR,3.63
01/16/2026,TGCR,3.62
01/16/2026,BGCR,3.62
01/16/2026,SOFR,3.65
01/15/2026,EFFR,3.64
01/15/2026,OBFR,3.63
01/15/2026,TGCR,3.63
01/15/2026,BGCR,3.63
01/15/2026,SOFR,3.66
01/14/2026,EFFR,3.64
01/14/2026,OBFR,3.63
01/14/2026,TGCR,3.62
01/14/2026,BGCR,3.62
01/14/2026,SOFR,3.64
01/13/2026,EFFR,3.64
01/13/2026,OBFR,3.63
01/13/2026,TGCR,3.63
01/13/2026,BGCR,3.63
01/13/2026,SOFR,3.65
01/12/2026,EFFR,3.64
01/12/2026,OBFR,3.63
01/12/2026,TGCR,3.62
01/12/2026,BGCR,3.62
01/12/2026,SOFR,3.64
01/09/2026,EFFR,3.64
01/09/2026,OBFR,3.63
01/09/2026,TGCR,3.61
01/09/2026,BGCR,3.61
01/09/2026,SOFR,3.64
01/08/2026,EFFR,3.64
01/08/2026,OBFR,3.64
01/08/2026,TGCR,3.61
01/08/2026,BGCR,3.61
01/08/2026,SOFR,3.64
01/07/2026,EFFR,3.64
01/07/2026,OBFR,3.64
01/07/2026,TGCR,3.62
01/07/2026,BGCR,3.62
01/07/2026,SOFR,3.65
01/06/2026,EFFR,3.64
01/06/2026,OBFR,3.64
01/06/2026,TGCR,3.62
01/06/2026,BGCR,3.62
01/06/2026,SOFR,3.66
01/05/2026,EFFR,3.64
01/05/2026,OBFR,3.64
01/05/2026,TGCR,3.66
01/05/2026,BGCR,3.66
01/05/2026,SOFR,3.7
01/02/2026,EFFR,3.64
01/02/2026,OBFR,3.64
01/02/2026,TGCR,3.7
01/02/2026,BGCR,3.7
01/02/2026,SOFR,3.75
12/31/2025,EFFR,3.64
12/31/2025,OBFR,3.65
12/31/2025,TGCR,3.82
12/31/2025,BGCR,3.82
12/31/2025,SOFR,3.87
12/30/2025,EFFR,3.64
12/30/2025,OBFR,3.64
12/30/2025,TGCR,3.69
12/30/2025,BGCR,3.69
12/30/2025,SOFR,3.71
12/29/2025,EFFR,3.64
12/29/2025,OBFR,3.64
12/29/2025,TGCR,3.75
12/29/2025,BGCR,3.75
12/29/2025,SOFR,3.77
12/26/2025,EFFR,3.64
12/26/2025,OBFR,3.64
12/26/2025,TGCR,3.74
12/26/2025,BGCR,3.74
12/26/2025,SOFR,3.76
12/24/2025,EFFR,3.64
12/24/2025,OBFR,3.64
12/24/2025,TGCR,3.64
12/24/2025,BGCR,3.64
12/24/2025,SOFR,3.66
12/23/2025,EFFR,3.64
12/23/2025,OBFR,3.64
12/23/2025,TGCR,3.64
12/23/2025,BGCR,3.64
12/23/2025,SOFR,3.66
12/22/2025,EFFR,3.64
12/22/2025,OBFR,3.64
12/22/2025,TGCR,3.66
12/22/2025,BGCR,3.66
12/22/2025,SOFR,3.68
12/19/2025,EFFR,3.64
12/19/2025,OBFR,3.64
12/19/2025,TGCR,3.63
12/19/2025,BGCR,3.63
12/19/2025,SOFR,3.66
12/18/2025,EFFR,3.64
12/18/2025,OBFR,3.64
12/18/2025,TGCR,3.63
12/18/2025,BGCR,3.63
12/18/2025,SOFR,3.66
12/17/2025,EFFR,3.64
12/17/2025,OBFR,3.64
12/17/2025,TGCR,3.66
12/17/2025,BGCR,3.66
12/17/2025,SOFR,3.69
12/16/2025,EFFR,3.64
12/16/2025,OBFR,3.64
12/16/2025,TGCR,3.64
12/16/2025,BGCR,3.64
12/16/2025,SOFR,3.69
12/15/2025,EFFR,3.64
12/15/2025,OBFR,3.64
12/15/2025,TGCR,3.73
12/15/2025,BGCR,3.73
12/15/2025,SOFR,3.75
12/12/2025,EFFR,3.64
12/12/2025,OBFR,3.64
12/12/2025,TGCR,3.65
12/12/2025,BGCR,3.65
12/12/2025,SOFR,3.67
12/11/2025,EFFR,3.64
12/11/2025,OBFR,3.64
12/11/2025,TGCR,3.62
12/11/2025,BGCR,3.62
12/11/2025,SOFR,3.66
12/10/2025,EFFR,3.89
12/10/2025,OBFR,3.89
12/10/2025,TGCR,3.87
12/10/2025,BGCR,3.87
12/10/2025,SOFR,3.9
12/09/2025,EFFR,3.89
12/09/2025,OBFR,3.89
12/09/2025,TGCR,3.9
12/09/2025,BGCR,3.9
12/09/2025,SOFR,3.93
12/08/2025,EFFR,3.89
12/08/2025,OBFR,3.89
12/08/2025,TGCR,3.93
12/08/2025,BGCR,3.93
12/08/2025,SOFR,3.95
12/05/2025,EFFR,3.89
12/05/2025,OBFR,3.89
12/05/2025,TGCR,3.9
12/05/2025,BGCR,3.9
12/05/2025,SOFR,3.93
12/04/2025,EFFR,3.89
12/04/2025,OBFR,3.89
12/04/2025,TGCR,3.87
12/04/2025,BGCR,3.87
12/04/2025,SOFR,3.92
12/03/2025,EFFR,3.89
12/03/2025,OBFR,3.89
12/03/2025,TGCR,3.9
12/03/2025,BGCR,3.9
12/03/2025,SOFR,3.95
12/02/2025,EFFR,3.89
12/02/2025,OBFR,3.89
12/02/2025,TGCR,3.96
12/02/2025,BGCR,3.96
12/02/2025,SOFR,4.01
12/01/2025,EFFR,3.89
12/01/2025,OBFR,3.89
12/01/2025,TGCR,4.07
12/01/2025,BGCR,4.07
12/01/2025,SOFR,4.12
11/28/2025,EFFR,3.89
11/28/2025,OBFR,3.88
11/28/2025,TGCR,4.08
11/28/2025,BGCR,4.08
11/28/2025,SOFR,4.12
11/26/2025,EFFR,3.88
11/26/2025,OBFR,3.88
11/26/2025,TGCR,4.02
11/26/2025,BGCR,4.02
11/26/2025,SOFR,4.05
11/25/2025,EFFR,3.88
11/25/2025,OBFR,3.88
11/25/2025,TGCR,3.97
11/25/2025,BGCR,3.97
11/25/2025,SOFR,4.01
11/24/2025,EFFR,3.88
11/24/2025,OBFR,3.88
11/24/2025,TGCR,3.93
11/24/2025,BGCR,3.93
11/24/2025,SOFR,3.96
11/21/2025,EFFR,3.88
11/21/2025,OBFR,3.88
11/21/2025,TGCR,3.9
11/21/2025,BGCR,3.9
11/21/2025,SOFR,3.93
11/20/2025,EFFR,3.88
11/20/2025,OBFR,3.88
11/20/2025,TGCR,3.86
11/20/2025,BGCR,3.86
11/20/2025,SOFR,3.91
11/19/2025,EFFR,3.88
11/19/2025,OBFR,3.88
11/19/2025,TGCR,3.87
11/19/2025,BGCR,3.87
11/19/2025,SOFR,3.91
11/18/2025,EFFR,3.88
11/18/2025,OBFR,3.88
11/18/2025,TGCR,3.9
11/18/2025,BGCR,3.9
11/18/2025,SOFR,3.94
11/17/2025,EFFR,3.88
11/17/2025,OBFR,3.88
11/17/2025,TGCR,3.96
11/17/2025,BGCR,3.96
11/17/2025,SOFR,4
11/14/2025,EFFR,3.88
11/14/2025,OBFR,3.88
11/14/2025,TGCR,3.92
11/14/2025,BGCR,3.92
11/14/2025,SOFR,3.95
11/13/2025,EFFR,3.88
11/13/2025,OBFR,3.87
11/13/2025,TGCR,3.97
11/13/2025,BGCR,3.97
11/13/2025,SOFR,4
11/12/2025,EFFR,3.87
11/12/2025,OBFR,3.87
11/12/2025,TGCR,3.95
11/12/2025,BGCR,3.95
11/12/2025,SOFR,3.98
11/10/2025,EFFR,3.87
11/10/2025,OBFR,3.87
11/10/2025,TGCR,3.93
11/10/2025,BGCR,3.93
11/10/2025,SOFR,3.95
11/07/2025,EFFR,3.87
11/07/2025,OBFR,3.87
11/07/2025,TGCR,3.89
11/07/2025,BGCR,3.89
11/07/2025,SOFR,3.93
11/06/2025,EFFR,3.87
11/06/2025,OBFR,3.87
11/06/2025,TGCR,3.89
11/06/2025,BGCR,3.89
11/06/2025,SOFR,3.92
11/05/2025,EFFR,3.87
11/05/2025,OBFR,3.87
11/05/2025,TGCR,3.88
11/05/2025,BGCR,3.88
11/05/2025,SOFR,3.91
11/04/2025,EFFR,3.87
11/04/2025,OBFR,3.87
11/04/2025,TGCR,3.98
11/04/2025,BGCR,3.98
11/04/2025,SOFR,4
11/03/2025,EFFR,3.87
11/03/2025,OBFR,3.87
11/03/2025,TGCR,4.09
11/03/2025,BGCR,4.09
11/03/2025,SOFR,4.13
10/31/2025,EFFR,3.86
10/31/2025,OBFR,3.86
10/31/2025,TGCR,4.15
10/31/2025,BGCR,4.15
10/31/2025,SOFR,4.22
10/30/2025,EFFR,3.87
10/30/2025,OBFR,3.87
10/30/2025,TGCR,3.99
10/30/2025,BGCR,3.99
10/30/2025,SOFR,4.04
10/29/2025,EFFR,4.12
10/29/2025,OBFR,4.12
10/29/2025,TGCR,4.24
10/29/2025,BGCR,4.24
10/29/2025,SOFR,4.27
10/28/2025,EFFR,4.12
10/28/2025,OBFR,4.12
10/28/2025,TGCR,4.28
10/28/2025,BGCR,4.28
10/28/2025,SOFR,4.31
10/27/2025,EFFR,4.12
10/27/2025,OBFR,4.11
10/27/2025,TGCR,4.24
10/27/2025,BGCR,4.24
10/27/2025,SOFR,4.27
10/24/2025,EFFR,4.11
10/24/2025,OBFR,4.11
10/24/2025,TGCR,4.21
10/24/2025,BGCR,4.21
10/24/2025,SOFR,4.24
10/23/2025,EFFR,4.11
10/23/2025,OBFR,4.11
10/23/2025,TGCR,4.21
10/23/2025,BGCR,4.21
10/23/2025,SOFR,4.24
10/22/2025,EFFR,4.11
10/22/2025,OBFR,4.11
10/22/2025,TGCR,4.18
10/22/2025,BGCR,4.18
10/22/2025,SOFR,4.21
10/21/2025,EFFR,4.11
10/21/2025,OBFR,4.11
10/21/2025,TGCR,4.21
10/21/2025,BGCR,4.21
10/21/2025,SOFR,4.23
10/20/2025,EFFR,4.11
10/20/2025,OBFR,4.11
10/20/2025,TGCR,4.12
10/20/2025,BGCR,4.12
10/20/2025,SOFR,4.16
10/17/2025,EFFR,4.11
10/17/2025,OBFR,4.11
10/17/2025,TGCR,4.16
10/17/2025,BGCR,4.16
10/17/2025,SOFR,4.18
10/16/2025,EFFR,4.11
10/16/2025,OBFR,4.11
10/16/2025,TGCR,4.25
10/16/2025,BGCR,4.25
10/16/2025,SOFR,4.3
10/15/2025,EFFR,4.1
10/15/2025,OBFR,4.1
10/15/2025,TGCR,4.25
10/15/2025,BGCR,4.25
10/15/2025,SOFR,4.29
10/14/2025,EFFR,4.1
10/14/2025,OBFR,4.1
10/14/2025,TGCR,4.16
10/14/2025,BGCR,4.16
10/14/2025,SOFR,4.19
10/10/2025,EFFR,4.1
10/10/2025,OBFR,4.1
10/10/2025,TGCR,4.12
10/10/2025,BGCR,4.12
10/10/2025,SOFR,4.15
10/09/2025,EFFR,4.1
10/09/2025,OBFR,4.1
10/09/2025,TGCR,4.1
10/09/2025,BGCR,4.1
10/09/2025,SOFR,4.13
10/08/2025,EFFR,4.1
10/08/2025,OBFR,4.1
10/08/2025,TGCR,4.09
10/08/2025,BGCR,4.09
10/08/2025,SOFR,4.12
10/07/2025,EFFR,4.09
10/07/2025,OBFR,4.09
10/07/2025,TGCR,4.12
10/07/2025,BGCR,4.12
10/07/2025,SOFR,4.14
10/06/2025,EFFR,4.09
10/06/2025,OBFR,4.09
10/06/2025,TGCR,4.13
10/06/2025,BGCR,4.13
10/06/2025,SOFR,4.15
10/03/2025,EFFR,4.09
10/03/2025,OBFR,4.09
10/03/2025,TGCR,4.16
10/03/2025,BGCR,4.16
10/03/2025,SOFR,4.18
10/02/2025,EFFR,4.09
10/02/2025,OBFR,4.09
10/02/2025,TGCR,4.17
10/02/2025,BGCR,4.17
10/02/2025,SOFR,4.2
10/01/2025,EFFR,4.09
10/01/2025,OBFR,4.09
10/01/2025,TGCR,4.16
10/01/2025,BGCR,4.16
10/01/2025,SOFR,4.2
09/30/2025,EFFR,4.09
09/30/2025,OBFR,4.09
09/30/2025,TGCR,4.2
09/30/2025,BGCR,4.2
09/30/2025,SOFR,4.24
09/29/2025,EFFR,4.09
09/29/2025,OBFR,4.09
09/29/2025,TGCR,4.12
09/29/2025,BGCR,4.12
09/29/2025,SOFR,4.13
09/26/2025,EFFR,4.09
09/26/2025,OBFR,4.09
09/26/2025,TGCR,4.14
09/26/2025,BGCR,4.14
09/26/2025,SOFR,4.16
09/25/2025,EFFR,4.09
09/25/2025,OBFR,4.09
09/25/2025,TGCR,4.17
09/25/2025,BGCR,4.17
09/25/2025,SOFR,4.18
09/24/2025,EFFR,4.09
09/24/2025,OBFR,4.09
09/24/2025,TGCR,4.12
09/24/2025,BGCR,4.12
09/24/2025,SOFR,4.13
09/23/2025,EFFR,4.09
09/23/2025,OBFR,4.09
09/23/2025,TGCR,4.09
09/23/2025,BGCR,4.09
09/23/2025,SOFR,4.12
09/22/2025,EFFR,4.09
09/22/2025,OBFR,4.09
09/22/2025,TGCR,4.11
09/22/2025,BGCR,4.11
09/22/2025,SOFR,4.14
09/19/2025,EFFR,4.08
09/19/2025,OBFR,4.08
09/19/2025,TGCR,4.11
09/19/2025,BGCR,4.11
09/19/2025,SOFR,4.14
09/18/2025,EFFR,4.08
09/18/2025,OBFR,4.08
09/18/2025,TGCR,4.11
09/18/2025,BGCR,4.11
09/18/2025,SOFR,4.14
09/17/2025,EFFR,4.33
09/17/2025,OBFR,4.33
09/17/2025,TGCR,4.35
09/17/2025,BGCR,4.35
09/17/2025,SOFR,4.38
09/16/2025,EFFR,4.33
09/16/2025,OBFR,4.33
09/16/2025,TGCR,4.36
09/16/2025,BGCR,4.36
09/16/2025,SOFR,4.39
09/15/2025,EFFR,4.33
09/15/2025,OBFR,4.33
09/15/2025,TGCR,4.5
09/15/2025,BGCR,4.5
09/15/2025,SOFR,4.51
09/12/2025,EFFR,4.33
09/12/2025,OBFR,4.33
09/12/2025,TGCR,4.4
09/12/2025,BGCR,4.4
09/12/2025,SOFR,4.42
09/11/2025,EFFR,4.33
09/11/2025,OBFR,4.33
09/11/2025,TGCR,4.38
09/11/2025,BGCR,4.38
09/11/2025,SOFR,4.41
09/10/2025,EFFR,4.33
09/10/2025,OBFR,4.33
09/10/2025,TGCR,4.37
09/10/2025,BGCR,4.37
09/10/2025,SOFR,4.39
09/09/2025,EFFR,4.33
09/09/2025,OBFR,4.33
09/09/2025,TGCR,4.38
09/09/2025,BGCR,4.38
09/09/2025,SOFR,4.4
09/08/2025,EFFR,4.33
09/08/2025,OBFR,4.33
09/08/2025,TGCR,4.39
09/08/2025,BGCR,4.39
09/08/2025,SOFR,4.4
09/05/2025,EFFR,4.33
09/05/2025,OBFR,4.33
09/05/2025,TGCR,4.4
09/05/2025,BGCR,4.4
09/05/2025,SOFR,4.42
09/04/2025,EFFR,4.33
09/04/2025,OBFR,4.33
09/04/2025,TGCR,4.38
09/04/2025,BGCR,4.38
09/04/2025,SOFR,4.41
09/03/2025,EFFR,4.33
09/03/2025,OBFR,4.33
09/03/2025,TGCR,4.36
09/03/2025,BGCR,4.36
09/03/2025,SOFR,4.39
09/02/2025,EFFR,4.33
09/02/2025,OBFR,4.33
09/02/2025,TGCR,4.36
09/02/2025,BGCR,4.36
09/02/2025,SOFR,4.39
08/29/2025,EFFR,4.33
08/29/2025,OBFR,4.33
08/29/2025,TGCR,4.33
08/29/2025,BGCR,4.33
08/29/2025,SOFR,4.34
08/28/2025,EFFR,4.33
08/28/2025,OBFR,4.33
08/28/2025,TGCR,4.33
08/28/2025,BGCR,4.33
08/28/2025,SOFR,4.34
08/27/2025,EFFR,4.33
08/27/2025,OBFR,4.33
08/27/2025,TGCR,4.35
08/27/2025,BGCR,4.35
08/27/2025,SOFR,4.36
08/26/2025,EFFR,4.33
08/26/2025,OBFR,4.33
08/26/2025,TGCR,4.37
08/26/2025,BGCR,4.37
08/26/2025,SOFR,4.38
08/25/2025,EFFR,4.33
08/25/2025,OBFR,4.33
08/25/2025,TGCR,4.35
08/25/2025,BGCR,4.35
08/25/2025,SOFR,4.37
08/22/2025,EFFR,4.33
08/22/2025,OBFR,4.33
08/22/2025,TGCR,4.35
08/22/2025,BGCR,4.35
08/22/2025,SOFR,4.36
08/21/2025,EFFR,4.33
08/21/2025,OBFR,4.33
08/21/2025,TGCR,4.31
08/21/2025,BGCR,4.31
08/21/2025,SOFR,4.32
08/20/2025,EFFR,4.33
08/20/2025,OBFR,4.33
08/20/2025,TGCR,4.3
08/20/2025,BGCR,4.3
08/20/2025,SOFR,4.31
08/19/2025,EFFR,4.33
08/19/2025,OBFR,4.33
08/19/2025,TGCR,4.31
08/19/2025,BGCR,4.31
08/19/2025,SOFR,4.33
08/18/2025,EFFR,4.33
08/18/2025,OBFR,4.33
08/18/2025,TGCR,4.33
08/18/2025,BGCR,4.33
08/18/2025,SOFR,4.34
08/15/2025,EFFR,4.33
08/15/2025,OBFR,4.33
08/15/2025,TGCR,4.34
08/15/2025,BGCR,4.34
08/15/2025,SOFR,4.36
08/14/2025,EFFR,4.33
08/14/2025,OBFR,4.33
08/14/2025,TGCR,4.32
08/14/2025,BGCR,4.32
08/14/2025,SOFR,4.34
08/13/2025,EFFR,4.33
08/13/2025,OBFR,4.33
08/13/2025,TGCR,4.32
08/13/2025,BGCR,4.32
08/13/2025,SOFR,4.33
08/12/2025,EFFR,4.33
08/12/2025,OBFR,4.33
08/12/2025,TGCR,4.34
08/12/2025,BGCR,4.34
08/12/2025,SOFR,4.36
08/11/2025,EFFR,4.33
08/11/2025,OBFR,4.33
08/11/2025,TGCR,4.33
08/11/2025,BGCR,4.33
08/11/2025,SOFR,4.34
08/08/2025,EFFR,4.33
08/08/2025,OBFR,4.33
08/08/2025,TGCR,4.33
08/08/2025,BGCR,4.33
08/08/2025,SOFR,4.35
08/07/2025,EFFR,4.33
08/07/2025,OBFR,4.33
08/07/2025,TGCR,4.33
08/07/2025,BGCR,4.33
08/07/2025,SOFR,4.35
08/06/2025,EFFR,4.33
08/06/2025,OBFR,4.33
08/06/2025,TGCR,4.32
08/06/2025,BGCR,4.32
08/06/2025,SOFR,4.34
08/05/2025,EFFR,4.33
08/05/2025,OBFR,4.33
08/05/2025,TGCR,4.33
08/05/2025,BGCR,4.33
08/05/2025,SOFR,4.34
08/04/2025,EFFR,4.33
08/04/2025,OBFR,4.33
08/04/2025,TGCR,4.31
08/04/2025,BGCR,4.31
08/04/2025,SOFR,4.33
08/01/2025,EFFR,4.33
08/01/2025,OBFR,4.33
08/01/2025,TGCR,4.32
08/01/2025,BGCR,4.32
08/01/2025,SOFR,4.34
07/31/2025,EFFR,4.33
07/31/2025,OBFR,4.33
07/31/2025,TGCR,4.36
07/31/2025,BGCR,4.36
07/31/2025,SOFR,4.39
07/30/2025,EFFR,4.33
07/30/2025,OBFR,4.33
07/30/2025,TGCR,4.31
07/30/2025,BGCR,4.31
07/30/2025,SOFR,4.32
07/29/2025,EFFR,4.33
07/29/2025,OBFR,4.33
07/29/2025,TGCR,4.34
07/29/2025,BGCR,4.34
07/29/2025,SOFR,4.36
07/28/2025,EFFR,4.33
07/28/2025,OBFR,4.33
07/28/2025,TGCR,4.35
07/28/2025,BGCR,4.35
07/28/2025,SOFR,4.36
07/25/2025,EFFR,4.33
07/25/2025,OBFR,4.33
07/25/2025,TGCR,4.35
07/25/2025,BGCR,4.35
07/25/2025,SOFR,4.36
07/24/2025,EFFR,4.33
07/24/2025,OBFR,4.33
07/24/2025,TGCR,4.29
07/24/2025,BGCR,4.29
07/24/2025,SOFR,4.3
07/23/2025,EFFR,4.33
07/23/2025,OBFR,4.33
07/23/2025,TGCR,4.27
07/23/2025,BGCR,4.27
07/23/2025,SOFR,4.28
07/22/2025,EFFR,4.33
07/22/2025,OBFR,4.33
07/22/2025,TGCR,4.27
07/22/2025,BGCR,4.27
07/22/2025,SOFR,4.28
07/21/2025,EFFR,4.33
07/21/2025,OBFR,4.33
07/21/2025,TGCR,4.27
07/21/2025,BGCR,4.27
07/21/2025,SOFR,4.28
07/18/2025,EFFR,4.33
07/18/2025,OBFR,4.33
07/18/2025,TGCR,4.29
07/18/2025,BGCR,4.29
07/18/2025,SOFR,4.3
07/17/2025,EFFR,4.33
07/17/2025,OBFR,4.33
07/17/2025,TGCR,4.33
07/17/2025,BGCR,4.33
07/17/2025,SOFR,4.34
07/16/2025,EFFR,4.33
07/16/2025,OBFR,4.33
07/16/2025,TGCR,4.33
07/16/2025,BGCR,4.33
07/16/2025,SOFR,4.34
07/15/2025,EFFR,4.33
07/15/2025,OBFR,4.33
07/15/2025,TGCR,4.36
07/15/2025,BGCR,4.36
07/15/2025,SOFR,4.37
07/14/2025,EFFR,4.33
07/14/2025,OBFR,4.33
07/14/2025,TGCR,4.32
07/14/2025,BGCR,4.32
07/14/2025,SOFR,4.33
07/11/2025,EFFR,4.33
07/11/2025,OBFR,4.33
07/11/2025,TGCR,4.3
07/11/2025,BGCR,4.3
07/11/2025,SOFR,4.31
07/10/2025,EFFR,4.33
07/10/2025,OBFR,4.33
07/10/2025,TGCR,4.3
07/10/2025,BGCR,4.3
07/10/2025,SOFR,4.31
07/09/2025,EFFR,4.33
07/09/2025,OBFR,4.33
07/09/2025,TGCR,4.31
07/09/2025,BGCR,4.31
07/09/2025,SOFR,4.32
07/08/2025,EFFR,4.33
07/08/2025,OBFR,4.33
07/08/2025,TGCR,4.32
07/08/2025,BGCR,4.32
07/08/2025,SOFR,4.34
07/07/2025,EFFR,4.33
07/07/2025,OBFR,4.33
07/07/2025,TGCR,4.31
07/07/2025,BGCR,4.31
07/07/2025,SOFR,4.33
07/03/2025,EFFR,4.33
07/03/2025,OBFR,4.33
07/03/2025,TGCR,4.32
07/03/2025,BGCR,4.32
07/03/2025,SOFR,4.35
07/02/2025,EFFR,4.33
07/02/2025,OBFR,4.33
07/02/2025,TGCR,4.37
07/02/2025,BGCR,4.37
07/02/2025,SOFR,4.4
07/01/2025,EFFR,4.33
07/01/2025,OBFR,4.33
07/01/2025,TGCR,4.39
07/01/2025,BGCR,4.39
07/01/2025,SOFR,4.44
06/30/2025,EFFR,4.33
06/30/2025,OBFR,4.33
06/30/2025,TGCR,4.39
06/30/2025,BGCR,4.39
06/30/2025,SOFR,4.45
06/27/2025,EFFR,4.33
06/27/2025,OBFR,4.33
06/27/2025,TGCR,4.37
06/27/2025,BGCR,4.37
06/27/2025,SOFR,4.39
06/26/2025,EFFR,4.33
06/26/2025,OBFR,4.33
06/26/2025,TGCR,4.38
06/26/2025,BGCR,4.38
06/26/2025,SOFR,4.4
06/25/2025,EFFR,4.33
06/25/2025,OBFR,4.33
06/25/2025,TGCR,4.33
06/25/2025,BGCR,4.33
06/25/2025,SOFR,4.36
06/24/2025,EFFR,4.33
06/24/2025,OBFR,4.33
06/24/2025,TGCR,4.28
06/24/2025,BGCR,4.28
06/24/2025,SOFR,4.3
06/23/2025,EFFR,4.33
06/23/2025,OBFR,4.33
06/23/2025,TGCR,4.27
06/23/2025,BGCR,4.27
06/23/2025,SOFR,4.29
06/20/2025,EFFR,4.33
06/20/2025,OBFR,4.33
06/20/2025,TGCR,4.27
06/20/2025,BGCR,4.27
06/20/2025,SOFR,4.29
06/18/2025,EFFR,4.33
06/18/2025,OBFR,4.33
06/18/2025,TGCR,4.27
06/18/2025,BGCR,4.27
06/18/2025,SOFR,4.28
06/17/2025,EFFR,4.33
06/17/2025,OBFR,4.33
06/17/2025,TGCR,4.29
06/17/2025,BGCR,4.29
06/17/2025,SOFR,4.31
06/16/2025,EFFR,4.33
06/16/2025,OBFR,4.33
06/16/2025,TGCR,4.3
06/16/2025,BGCR,4.3
06/16/2025,SOFR,4.32
06/13/2025,EFFR,4.33
06/13/2025,OBFR,4.33
06/13/2025,TGCR,4.27
06/13/2025,BGCR,4.27
06/13/2025,SOFR,4.28
06/12/2025,EFFR,4.33
06/12/2025,OBFR,4.33
06/12/2025,TGCR,4.27
06/12/2025,BGCR,4.27
06/12/2025,SOFR,4.28
06/11/2025,EFFR,4.33
06/11/2025,OBFR,4.33
06/11/2025,TGCR,4.27
06/11/2025,BGCR,4.27
06/11/2025,SOFR,4.28
06/10/2025,EFFR,4.33
06/10/2025,OBFR,4.33
06/10/2025,TGCR,4.27
06/10/2025,BGCR,4.27
06/10/2025,SOFR,4.28
06/09/2025,EFFR,4.33
06/09/2025,OBFR,4.33
06/09/2025,TGCR,4.27
06/09/2025,BGCR,4.27
06/09/2025,SOFR,4.29
06/06/2025,EFFR,4.33
06/06/2025,OBFR,4.33
06/06/2025,TGCR,4.27
06/06/2025,BGCR,4.27
06/06/2025,SOFR,4.29
06/05/2025,EFFR,4.33
06/05/2025,OBFR,4.33
06/05/2025,TGCR,4.27
06/05/2025,BGCR,4.27
06/05/2025,SOFR,4.29
06/04/2025,EFFR,4.33
06/04/2025,OBFR,4.33
06/04/2025,TGCR,4.27
06/04/2025,BGCR,4.27
06/04/2025,SOFR,4.28
06/03/2025,EFFR,4.33
06/03/2025,OBFR,4.33
06/03/2025,TGCR,4.3
06/03/2025,BGCR,4.3
06/03/2025,SOFR,4.32
06/02/2025,EFFR,4.33
06/02/2025,OBFR,4.33
06/02/2025,TGCR,4.32
06/02/2025,BGCR,4.32
06/02/2025,SOFR,4.35
05/30/2025,EFFR,4.33
05/30/2025,OBFR,4.33
05/30/2025,TGCR,4.34
05/30/2025,BGCR,4.34
05/30/2025,SOFR,4.35
05/29/2025,EFFR,4.33
05/29/2025,OBFR,4.33
05/29/2025,TGCR,4.32
05/29/2025,BGCR,4.32
05/29/2025,SOFR,4.33
05/28/2025,EFFR,4.33
05/28/2025,OBFR,4.33
05/28/2025,TGCR,4.32
05/28/2025,BGCR,4.32
05/28/2025,SOFR,4.33
05/27/2025,EFFR,4.33
05/27/2025,OBFR,4.33
05/27/2025,TGCR,4.3
05/27/2025,BGCR,4.3
05/27/2025,SOFR,4.31
05/23/2025,EFFR,4.33
05/23/2025,OBFR,4.33
05/23/2025,TGCR,4.26
05/23/2025,BGCR,4.26
05/23/2025,SOFR,4.26
05/22/2025,EFFR,4.33
05/22/2025,OBFR,4.33
05/22/2025,TGCR,4.26
05/22/2025,BGCR,4.26
05/22/2025,SOFR,4.26
05/21/2025,EFFR,4.33
05/21/2025,OBFR,4.33
05/21/2025,TGCR,4.26
05/21/2025,BGCR,4.26
05/21/2025,SOFR,4.26
05/20/2025,EFFR,4.33
05/20/2025,OBFR,4.33
05/20/2025,TGCR,4.26
05/20/2025,BGCR,4.26
05/20/2025,SOFR,4.27
05/19/2025,EFFR,4.33
05/19/2025,OBFR,4.33
05/19/2025,TGCR,4.28
05/19/2025,BGCR,4.28
05/19/2025,SOFR,4.29
05/16/2025,EFFR,4.33
05/16/2025,OBFR,4.33
05/16/2025,TGCR,4.29
05/16/2025,BGCR,4.29
05/16/2025,SOFR,4.3
05/15/2025,EFFR,4.33
05/15/2025,OBFR,4.33
05/15/2025,TGCR,4.3
05/15/2025,BGCR,4.3
05/15/2025,SOFR,4.31
05/14/2025,EFFR,4.33
05/14/2025,OBFR,4.33
05/14/2025,TGCR,4.28
05/14/2025,BGCR,4.28
05/14/2025,SOFR,4.29
05/13/2025,EFFR,4.33
05/13/2025,OBFR,4.33
05/13/2025,TGCR,4.29
05/13/2025,BGCR,4.29
05/13/2025,SOFR,4.3
05/12/2025,EFFR,4.33
05/12/2025,OBFR,4.33
05/12/2025,TGCR,4.27
05/12/2025,BGCR,4.27
05/12/2025,SOFR,4.28
05/09/2025,EFFR,4.33
05/09/2025,OBFR,4.33
05/09/2025,TGCR,4.27
05/09/2025,BGCR,4.27
05/09/2025,SOFR,4.28
05/08/2025,EFFR,4.33
05/08/2025,OBFR,4.33
05/08/2025,TGCR,4.28
05/08/2025,BGCR,4.28
05/08/2025,SOFR,4.29
05/07/2025,EFFR,4.33
05/07/2025,OBFR,4.33
05/07/2025,TGCR,4.29
05/07/2025,BGCR,4.29
05/07/2025,SOFR,4.3
05/06/2025,EFFR,4.33
05/06/2025,OBFR,4.33
05/06/2025,TGCR,4.31
05/06/2025,BGCR,4.31
05/06/2025,SOFR,4.32
05/05/2025,EFFR,4.33
05/05/2025,OBFR,4.33
05/05/2025,TGCR,4.31
05/05/2025,BGCR,4.31
05/05/2025,SOFR,4.33
05/02/2025,EFFR,4.33
05/02/2025,OBFR,4.33
05/02/2025,TGCR,4.33
05/02/2025,BGCR,4.33
05/02/2025,SOFR,4.36
05/01/2025,EFFR,4.33
05/01/2025,OBFR,4.33
05/01/2025,TGCR,4.35
05/01/2025,BGCR,4.35
05/01/2025,SOFR,4.39
04/30/2025,EFFR,4.33
04/30/2025,OBFR,4.33
04/30/2025,TGCR,4.37
04/30/2025,BGCR,4.37
04/30/2025,SOFR,4.41
04/29/2025,EFFR,4.33
04/29/2025,OBFR,4.33
04/29/2025,TGCR,4.35
04/29/2025,BGCR,4.35
04/29/2025,SOFR,4.36
04/28/2025,EFFR,4.33
04/28/2025,OBFR,4.33
04/28/2025,TGCR,4.35
04/28/2025,BGCR,4.35
04/28/2025,SOFR,4.36
04/25/2025,EFFR,4.33
04/25/2025,OBFR,4.33
04/25/2025,TGCR,4.32
04/25/2025,BGCR,4.32
04/25/2025,SOFR,4.33
04/24/2025,EFFR,4.33
04/24/2025,OBFR,4.33
04/24/2025,TGCR,4.28
04/24/2025,BGCR,4.28
04/24/2025,SOFR,4.29
04/23/2025,EFFR,4.33
04/23/2025,OBFR,4.33
04/23/2025,TGCR,4.27
04/23/2025,BGCR,4.27
04/23/2025,SOFR,4.28
04/22/2025,EFFR,4.33
04/22/2025,OBFR,4.33
04/22/2025,TGCR,4.29
04/22/2025,BGCR,4.29
04/22/2025,SOFR,4.3
04/21/2025,EFFR,4.33
04/21/2025,OBFR,4.33
04/21/2025,TGCR,4.32
04/21/2025,BGCR,4.32
04/21/2025,SOFR,4.32
04/18/2025,EFFR,4.33
04/18/2025,OBFR,4.33
04/17/2025,EFFR,4.33
04/17/2025,OBFR,4.33
04/17/2025,TGCR,4.31
04/17/2025,BGCR,4.31
04/17/2025,SOFR,4.32
04/16/2025,EFFR,4.33
04/16/2025,OBFR,4.33
04/16/2025,TGCR,4.3
04/16/2025,BGCR,4.3
04/16/2025,SOFR,4.31
04/15/2025,EFFR,4.33
04/15/2025,OBFR,4.33
04/15/2025,TGCR,4.35
04/15/2025,BGCR,4.35
04/15/2025,SOFR,4.36
04/14/2025,EFFR,4.33
04/14/2025,OBFR,4.33
04/14/2025,TGCR,4.33
04/14/2025,BGCR,4.33
04/14/2025,SOFR,4.33
04/11/2025,EFFR,4.33
04/11/2025,OBFR,4.33
04/11/2025,TGCR,4.32
04/11/2025,BGCR,4.32
04/11/2025,SOFR,4.33
04/10/2025,EFFR,4.33
04/10/2025,OBFR,4.33
04/10/2025,TGCR,4.36
04/10/2025,BGCR,4.36
04/10/2025,SOFR,4.37
04/09/2025,EFFR,4.33
04/09/2025,OBFR,4.33
04/09/2025,TGCR,4.4
04/09/2025,BGCR,4.4
04/09/2025,SOFR,4.42
04/08/2025,EFFR,4.33
04/08/2025,OBFR,4.33
04/08/2025,TGCR,4.37
04/08/2025,BGCR,4.37
04/08/2025,SOFR,4.4
04/07/2025,EFFR,4.33
04/07/2025,OBFR,4.33
04/07/2025,TGCR,4.31
04/07/2025,BGCR,4.31
04/07/2025,SOFR,4.33
04/04/2025,EFFR,4.33
04/04/2025,OBFR,4.33
04/04/2025,TGCR,4.33
04/04/2025,BGCR,4.33
04/04/2025,SOFR,4.35
04/03/2025,EFFR,4.33
04/03/2025,OBFR,4.33
04/03/2025,TGCR,4.36
04/03/2025,BGCR,4.37
04/03/2025,SOFR,4.39
04/02/2025,EFFR,4.33
04/02/2025,OBFR,4.33
04/02/2025,TGCR,4.34
04/02/2025,BGCR,4.34
04/02/2025,SOFR,4.37
04/01/2025,EFFR,4.33
04/01/2025,OBFR,4.33
04/01/2025,TGCR,4.35
04/01/2025,BGCR,4.35
04/01/2025,SOFR,4.39
03/31/2025,EFFR,4.33
03/31/2025,OBFR,4.33
03/31/2025,TGCR,4.36
03/31/2025,BGCR,4.36
03/31/2025,SOFR,4.41
03/28/2025,EFFR,4.33
03/28/2025,OBFR,4.33
03/28/2025,TGCR,4.33
03/28/2025,BGCR,4.33
03/28/2025,SOFR,4.34
03/27/2025,EFFR,4.33
03/27/2025,OBFR,4.33
03/27/2025,TGCR,4.34
03/27/2025,BGCR,4.34
03/27/2025,SOFR,4.36
03/26/2025,EFFR,4.33
03/26/2025,OBFR,4.33
03/26/2025,TGCR,4.34
03/26/2025,BGCR,4.34
03/26/2025,SOFR,4.35
03/25/2025,EFFR,4.33
03/25/2025,OBFR,4.33
03/25/2025,TGCR,4.31
03/25/2025,BGCR,4.31
03/25/2025,SOFR,4.33
03/24/2025,EFFR,4.33
03/24/2025,OBFR,4.33
03/24/2025,TGCR,4.3
03/24/2025,BGCR,4.3
03/24/2025,SOFR,4.31
03/21/2025,EFFR,4.33
03/21/2025,OBFR,4.33
03/21/2025,TGCR,4.29
03/21/2025,BGCR,4.29
03/21/2025,SOFR,4.3
03/20/2025,EFFR,4.33
03/20/2025,OBFR,4.33
03/20/2025,TGCR,4.28
03/20/2025,BGCR,4.28
03/20/2025,SOFR,4.29
03/19/2025,EFFR,4.33
03/19/2025,OBFR,4.33
03/19/2025,TGCR,4.28
03/19/2025,BGCR,4.28
03/19/2025,SOFR,4.29
03/18/2025,EFFR,4.33
03/18/2025,OBFR,4.33
03/18/2025,TGCR,4.3
03/18/2025,BGCR,4.3
03/18/2025,SOFR,4.31
03/17/2025,EFFR,4.33
03/17/2025,OBFR,4.33
03/17/2025,TGCR,4.31
03/17/2025,BGCR,4.31
03/17/2025,SOFR,4.32
03/14/2025,EFFR,4.33
03/14/2025,OBFR,4.33
03/14/2025,TGCR,4.29
03/14/2025,BGCR,4.29
03/14/2025,SOFR,4.3
03/13/2025,EFFR,4.33
03/13/2025,OBFR,4.33
03/13/2025,TGCR,4.29
03/13/2025,BGCR,4.29
03/13/2025,SOFR,4.3
03/12/2025,EFFR,4.33
03/12/2025,OBFR,4.33
03/12/2025,TGCR,4.3
03/12/2025,BGCR,4.3
03/12/2025,SOFR,4.31
03/11/2025,EFFR,4.33
03/11/2025,OBFR,4.33
03/11/2025,TGCR,4.31
03/11/2025,BGCR,4.31
03/11/2025,SOFR,4.32
03/10/2025,EFFR,4.33
03/10/2025,OBFR,4.33
03/10/2025,TGCR,4.32
03/10/2025,BGCR,4.32
03/10/2025,SOFR,4.33
03/07/2025,EFFR,4.33
03/07/2025,OBFR,4.33
03/07/2025,TGCR,4.33
03/07/2025,BGCR,4.33
03/07/2025,SOFR,4.34
03/06/2025,EFFR,4.33
03/06/2025,OBFR,4.33
03/06/2025,TGCR,4.34
03/06/2025,BGCR,4.34
03/06/2025,SOFR,4.35
03/05/2025,EFFR,4.33
03/05/2025,OBFR,4.33
03/05/2025,TGCR,4.33
03/05/2025,BGCR,4.33
03/05/2025,SOFR,4.34
03/04/2025,EFFR,4.33
03/04/2025,OBFR,4.33
03/04/2025,TGCR,4.32
03/04/2025,BGCR,4.32
03/04/2025,SOFR,4.33
03/03/2025,EFFR,4.33
03/03/2025,OBFR,4.33
03/03/2025,TGCR,4.31
03/03/2025,BGCR,4.31
03/03/2025,SOFR,4.33
02/28/2025,EFFR,4.33
02/28/2025,OBFR,4.33
02/28/2025,TGCR,4.36
02/28/2025,BGCR,4.36
02/28/2025,SOFR,4.39
02/27/2025,EFFR,4.33
02/27/2025,OBFR,4.33
02/27/2025,TGCR,4.34
02/27/2025,BGCR,4.34
02/27/2025,SOFR,4.36
02/26/2025,EFFR,4.33
02/26/2025,OBFR,4.33
02/26/2025,TGCR,4.31
02/26/2025,BGCR,4.31
02/26/2025,SOFR,4.33
02/25/2025,EFFR,4.33
02/25/2025,OBFR,4.33
02/25/2025,TGCR,4.31
02/25/2025,BGCR,4.31
02/25/2025,SOFR,4.33
02/24/2025,EFFR,4.33
02/24/2025,OBFR,4.33
02/24/2025,TGCR,4.32
02/24/2025,BGCR,4.32
02/24/2025,SOFR,4.34
02/21/2025,EFFR,4.33
02/21/2025,OBFR,4.33
02/21/2025,TGCR,4.32
02/21/2025,BGCR,4.32
02/21/2025,SOFR,4.34
02/20/2025,EFFR,4.33
02/20/2025,OBFR,4.33
02/20/2025,TGCR,4.31
02/20/2025,BGCR,4.31
02/20/2025,SOFR,4.33
02/19/2025,EFFR,4.33
02/19/2025,OBFR,4.33
02/19/2025,TGCR,4.33
02/19/2025,BGCR,4.33
02/19/2025,SOFR,4.35
02/18/2025,EFFR,4.33
02/18/2025,OBFR,4.33
02/18/2025,TGCR,4.34
02/18/2025,BGCR,4.34
02/18/2025,SOFR,4.37
02/14/2025,EFFR,4.33
02/14/2025,OBFR,4.33
02/14/2025,TGCR,4.31
02/14/2025,BGCR,4.31
02/14/2025,SOFR,4.33
02/13/2025,EFFR,4.33
02/13/2025,OBFR,4.33
02/13/2025,TGCR,4.32
02/13/2025,BGCR,4.32
02/13/2025,SOFR,4.33
02/12/2025,EFFR,4.33
02/12/2025,OBFR,4.33
02/12/2025,TGCR,4.31
02/12/2025,BGCR,4.31
02/12/2025,SOFR,4.32
02/11/2025,EFFR,4.33
02/11/2025,OBFR,4.33
02/11/2025,TGCR,4.32
02/11/2025,BGCR,4.32
02/11/2025,SOFR,4.34
02/10/2025,EFFR,4.33
02/10/2025,OBFR,4.33
02/10/2025,TGCR,4.33
02/10/2025,BGCR,4.33
02/10/2025,SOFR,4.35
02/07/2025,EFFR,4.33
02/07/2025,OBFR,4.33
02/07/2025,TGCR,4.34
02/07/2025,BGCR,4.34
02/07/2025,SOFR,4.35
02/06/2025,EFFR,4.33
02/06/2025,OBFR,4.33
02/06/2025,TGCR,4.34
02/06/2025,BGCR,4.34
02/06/2025,SOFR,4.36
02/05/2025,EFFR,4.33
02/05/2025,OBFR,4.33
02/05/2025,TGCR,4.31
02/05/2025,BGCR,4.31
02/05/2025,SOFR,4.33
02/04/2025,EFFR,4.33
02/04/2025,OBFR,4.33
02/04/2025,TGCR,4.31
02/04/2025,BGCR,4.31
02/04/2025,SOFR,4.33
02/03/2025,EFFR,4.33
02/03/2025,OBFR,4.33
02/03/2025,TGCR,4.33
02/03/2025,BGCR,4.33
02/03/2025,SOFR,4.35
01/31/2025,EFFR,4.33
01/31/2025,OBFR,4.33
01/31/2025,TGCR,4.34
01/31/2025,BGCR,4.34
01/31/2025,SOFR,4.38
01/30/2025,EFFR,4.33
01/30/2025,OBFR,4.33
01/30/2025,TGCR,4.34
01/30/2025,BGCR,4.34
01/30/2025,SOFR,4.36
01/29/2025,EFFR,4.33
01/29/2025,OBFR,4.33
01/29/2025,TGCR,4.33
01/29/2025,BGCR,4.33
01/29/2025,SOFR,4.35
01/28/2025,EFFR,4.33
01/28/2025,OBFR,4.33
01/28/2025,TGCR,4.34
01/28/2025,BGCR,4.34
01/28/2025,SOFR,4.35
01/27/2025,EFFR,4.33
01/27/2025,OBFR,4.33
01/27/2025,TGCR,4.32
01/27/2025,BGCR,4.32
01/27/2025,SOFR,4.34
01/24/2025,EFFR,4.33
01/24/2025,OBFR,4.33
01/24/2025,TGCR,4.33
01/24/2025,BGCR,4.33
01/24/2025,SOFR,4.34
01/23/2025,EFFR,4.33
01/23/2025,OBFR,4.33
01/23/2025,TGCR,4.34
01/23/2025,BGCR,4.34
01/23/2025,SOFR,4.35
01/22/2025,EFFR,4.33
01/22/2025,OBFR,4.33
01/22/2025,TGCR,4.28
01/22/2025,BGCR,4.28
01/22/2025,SOFR,4.3
01/21/2025,EFFR,4.33
01/21/2025,OBFR,4.33
01/21/2025,TGCR,4.27
01/21/2025,BGCR,4.27
01/21/2025,SOFR,4.29
01/17/2025,EFFR,4.33
01/17/2025,OBFR,4.33
01/17/2025,TGCR,4.27
01/17/2025,BGCR,4.27
01/17/2025,SOFR,4.29
01/16/2025,EFFR,4.33
01/16/2025,OBFR,4.33
01/16/2025,TGCR,4.27
01/16/2025,BGCR,4.27
01/16/2025,SOFR,4.29
01/15/2025,EFFR,4.33
01/15/2025,OBFR,4.33
01/15/2025,TGCR,4.26
01/15/2025,BGCR,4.26
01/15/2025,SOFR,4.28
01/14/2025,EFFR,4.33
01/14/2025,OBFR,4.33
01/14/2025,TGCR,4.27
01/14/2025,BGCR,4.27
01/14/2025,SOFR,4.28
01/13/2025,EFFR,4.33
01/13/2025,OBFR,4.33
01/13/2025,TGCR,4.28
01/13/2025,BGCR,4.28
01/13/2025,SOFR,4.29
01/10/2025,EFFR,4.33
01/10/2025,OBFR,4.33
01/10/2025,TGCR,4.29
01/10/2025,BGCR,4.29
01/10/2025,SOFR,4.3
01/09/2025,EFFR,4.33
01/09/2025,OBFR,4.33
01/09/2025,TGCR,4.28
01/09/2025,BGCR,4.28
01/09/2025,SOFR,4.3
01/08/2025,EFFR,4.33
01/08/2025,OBFR,4.33
01/08/2025,TGCR,4.27
01/08/2025,BGCR,4.27
01/08/2025,SOFR,4.29
01/07/2025,EFFR,4.33
01/07/2025,OBFR,4.33
01/07/2025,TGCR,4.26
01/07/2025,BGCR,4.26
01/07/2025,SOFR,4.27
01/06/2025,EFFR,4.33
01/06/2025,OBFR,4.33
01/06/2025,TGCR,4.26
01/06/2025,BGCR,4.26
01/06/2025,SOFR,4.27
01/03/2025,EFFR,4.33
01/03/2025,OBFR,4.33
01/03/2025,TGCR,4.29
01/03/2025,BGCR,4.29
01/03/2025,SOFR,4.31
01/02/2025,EFFR,4.33
01/02/2025,OBFR,4.33
01/02/2025,TGCR,4.36
01/02/2025,BGCR,4.36
01/02/2025,SOFR,4.4
12/31/2024,EFFR,4.33
12/31/2024,OBFR,4.33
12/31/2024,TGCR,4.45
12/31/2024,BGCR,4.45
12/31/2024,SOFR,4.49
12/30/2024,EFFR,4.33
12/30/2024,OBFR,4.33
12/30/2024,TGCR,4.35
12/30/2024,BGCR,4.35
12/30/2024,SOFR,4.37
12/27/2024,EFFR,4.33
12/27/2024,OBFR,4.33
12/27/2024,TGCR,4.45
12/27/2024,BGCR,4.45
12/27/2024,SOFR,4.46
12/26/2024,EFFR,4.33
12/26/2024,OBFR,4.33
12/26/2024,TGCR,4.5
12/26/2024,BGCR,4.5
12/26/2024,SOFR,4.53
12/24/2024,EFFR,4.33
12/24/2024,OBFR,4.33
12/24/2024,TGCR,4.39
12/24/2024,BGCR,4.39
12/24/2024,SOFR,4.4
12/23/2024,EFFR,4.33
12/23/2024,OBFR,4.33
12/23/2024,TGCR,4.29
12/23/2024,BGCR,4.29
12/23/2024,SOFR,4.31
12/20/2024,EFFR,4.33
12/20/2024,OBFR,4.33
12/20/2024,TGCR,4.28
12/20/2024,BGCR,4.28
12/20/2024,SOFR,4.3
12/19/2024,EFFR,4.33
12/19/2024,OBFR,4.33
12/19/2024,TGCR,4.26
12/19/2024,BGCR,4.27
12/19/2024,SOFR,4.3
12/18/2024,EFFR,4.58
12/18/2024,OBFR,4.58
12/18/2024,TGCR,4.56
12/18/2024,BGCR,4.56
12/18/2024,SOFR,4.57
12/17/2024,EFFR,4.58
12/17/2024,OBFR,4.58
12/17/2024,TGCR,4.59
12/17/2024,BGCR,4.59
12/17/2024,SOFR,4.62
12/16/2024,EFFR,4.58
12/16/2024,OBFR,4.58
12/16/2024,TGCR,4.61
12/16/2024,BGCR,4.61
12/16/2024,SOFR,4.65
12/13/2024,EFFR,4.58
12/13/2024,OBFR,4.58
12/13/2024,TGCR,4.59
12/13/2024,BGCR,4.59
12/13/2024,SOFR,4.6
12/12/2024,EFFR,4.58
12/12/2024,OBFR,4.58
12/12/2024,TGCR,4.6
12/12/2024,BGCR,4.6
12/12/2024,SOFR,4.62
12/11/2024,EFFR,4.58
12/11/2024,OBFR,4.58
12/11/2024,TGCR,4.6
12/11/2024,BGCR,4.6
12/11/2024,SOFR,4.62
12/10/2024,EFFR,4.58
12/10/2024,OBFR,4.58
12/10/2024,TGCR,4.61
12/10/2024,BGCR,4.61
12/10/2024,SOFR,4.64
12/09/2024,EFFR,4.58
12/09/2024,OBFR,4.58
12/09/2024,TGCR,4.6
12/09/2024,BGCR,4.6
12/09/2024,SOFR,4.63
12/06/2024,EFFR,4.58
12/06/2024,OBFR,4.58
12/06/2024,TGCR,4.58
12/06/2024,BGCR,4.58
12/06/2024,SOFR,4.6
12/05/2024,EFFR,4.58
12/05/2024,OBFR,4.58
12/05/2024,TGCR,4.57
12/05/2024,BGCR,4.57
12/05/2024,SOFR,4.59
12/04/2024,EFFR,4.58
12/04/2024,OBFR,4.58
12/04/2024,TGCR,4.58
12/04/2024,BGCR,4.58
12/04/2024,SOFR,4.59
12/03/2024,EFFR,4.58
12/03/2024,OBFR,4.58
12/03/2024,TGCR,4.6
12/03/2024,BGCR,4.6
12/03/2024,SOFR,4.64
12/02/2024,EFFR,4.58
12/02/2024,OBFR,4.58
12/02/2024,TGCR,4.6
12/02/2024,BGCR,4.6
12/02/2024,SOFR,4.64
11/29/2024,EFFR,4.58
11/29/2024,OBFR,4.58
11/29/2024,TGCR,4.58
11/29/2024,BGCR,4.58
11/29/2024,SOFR,4.59
11/27/2024,EFFR,4.58
11/27/2024,OBFR,4.58
11/27/2024,TGCR,4.56
11/27/2024,BGCR,4.56
11/27/2024,SOFR,4.57
11/26/2024,EFFR,4.58
11/26/2024,OBFR,4.58
11/26/2024,TGCR,4.57
11/26/2024,BGCR,4.57
11/26/2024,SOFR,4.58
11/25/2024,EFFR,4.58
11/25/2024,OBFR,4.58
11/25/2024,TGCR,4.57
11/25/2024,BGCR,4.57
11/25/2024,SOFR,4.58
11/22/2024,EFFR,4.58
11/22/2024,OBFR,4.58
11/22/2024,TGCR,4.56
11/22/2024,BGCR,4.56
11/22/2024,SOFR,4.57
11/21/2024,EFFR,4.58
11/21/2024,OBFR,4.58
11/21/2024,TGCR,4.56
11/21/2024,BGCR,4.56
11/21/2024,SOFR,4.57
11/20/2024,EFFR,4.58
11/20/2024,OBFR,4.58
11/20/2024,TGCR,4.56
11/20/2024,BGCR,4.56
11/20/2024,SOFR,4.56
11/19/2024,EFFR,4.58
11/19/2024,OBFR,4.58
11/19/2024,TGCR,4.56
11/19/2024,BGCR,4.56
11/19/2024,SOFR,4.57
11/18/2024,EFFR,4.58
11/18/2024,OBFR,4.58
11/18/2024,TGCR,4.56
11/18/2024,BGCR,4.56
11/18/2024,SOFR,4.57
11/15/2024,EFFR,4.58
11/15/2024,OBFR,4.58
11/15/2024,TGCR,4.56
11/15/2024,BGCR,4.56
11/15/2024,SOFR,4.57
11/14/2024,EFFR,4.58
11/14/2024,OBFR,4.58
11/14/2024,TGCR,4.57
11/14/2024,BGCR,4.57
11/14/2024,SOFR,4.58
11/13/2024,EFFR,4.58
11/13/2024,OBFR,4.58
11/13/2024,TGCR,4.58
11/13/2024,BGCR,4.58
11/13/2024,SOFR,4.59
11/12/2024,EFFR,4.58
11/12/2024,OBFR,4.58
11/12/2024,TGCR,4.58
11/12/2024,BGCR,4.58
11/12/2024,SOFR,4.6
11/08/2024,EFFR,4.58
11/08/2024,OBFR,4.58
11/08/2024,TGCR,4.57
11/08/2024,BGCR,4.57
11/08/2024,SOFR,4.6
11/07/2024,EFFR,4.83
11/07/2024,OBFR,4.83
11/07/2024,TGCR,4.82
11/07/2024,BGCR,4.82
11/07/2024,SOFR,4.82
11/06/2024,EFFR,4.83
11/06/2024,OBFR,4.83
11/06/2024,TGCR,4.81
11/06/2024,BGCR,4.81
11/06/2024,SOFR,4.81
11/05/2024,EFFR,4.83
11/05/2024,OBFR,4.83
11/05/2024,TGCR,4.81
11/05/2024,BGCR,4.81
11/05/2024,SOFR,4.82
11/04/2024,EFFR,4.83
11/04/2024,OBFR,4.83
11/04/2024,TGCR,4.82
11/04/2024,BGCR,4.82
11/04/2024,SOFR,4.82
11/01/2024,EFFR,4.83
11/01/2024,OBFR,4.83
11/01/2024,TGCR,4.84
11/01/2024,BGCR,4.84
11/01/2024,SOFR,4.86
10/31/2024,EFFR,4.83
10/31/2024,OBFR,4.83
10/31/2024,TGCR,4.85
10/31/2024,BGCR,4.85
10/31/2024,SOFR,4.9
10/30/2024,EFFR,4.83
10/30/2024,OBFR,4.83
10/30/2024,TGCR,4.81
10/30/2024,BGCR,4.81
10/30/2024,SOFR,4.81
10/29/2024,EFFR,4.83
10/29/2024,OBFR,4.83
10/29/2024,TGCR,4.81
10/29/2024,BGCR,4.81
10/29/2024,SOFR,4.82
10/28/2024,EFFR,4.83
10/28/2024,OBFR,4.83
10/28/2024,TGCR,4.81
10/28/2024,BGCR,4.81
10/28/2024,SOFR,4.82
10/25/2024,EFFR,4.83
10/25/2024,OBFR,4.83
10/25/2024,TGCR,4.82
10/25/2024,BGCR,4.82
10/25/2024,SOFR,4.83
10/24/2024,EFFR,4.83
10/24/2024,OBFR,4.83
10/24/2024,TGCR,4.83
10/24/2024,BGCR,4.83
10/24/2024,SOFR,4.83
10/23/2024,EFFR,4.83
10/23/2024,OBFR,4.83
10/23/2024,TGCR,4.82
10/23/2024,BGCR,4.82
10/23/2024,SOFR,4.83
10/22/2024,EFFR,4.83
10/22/2024,OBFR,4.83
10/22/2024,TGCR,4.82
10/22/2024,BGCR,4.82
10/22/2024,SOFR,4.83
10/21/2024,EFFR,4.83
10/21/2024,OBFR,4.83
10/21/2024,TGCR,4.81
10/21/2024,BGCR,4.81
10/21/2024,SOFR,4.82
10/18/2024,EFFR,4.83
10/18/2024,OBFR,4.83
10/18/2024,TGCR,4.82
10/18/2024,BGCR,4.82
10/18/2024,SOFR,4.84
10/17/2024,EFFR,4.83
10/17/2024,OBFR,4.83
10/17/2024,TGCR,4.84
10/17/2024,BGCR,4.84
10/17/2024,SOFR,4.85
10/16/2024,EFFR,4.83
10/16/2024,OBFR,4.83
10/16/2024,TGCR,4.84
10/16/2024,BGCR,4.84
10/16/2024,SOFR,4.86
10/15/2024,EFFR,4.83
10/15/2024,OBFR,4.83
10/15/2024,TGCR,4.83
10/15/2024,BGCR,4.83
10/15/2024,SOFR,4.86
10/11/2024,EFFR,4.83
10/11/2024,OBFR,4.83
10/11/2024,TGCR,4.81
10/11/2024,BGCR,4.81
10/11/2024,SOFR,4.81
10/10/2024,EFFR,4.83
10/10/2024,OBFR,4.83
10/10/2024,TGCR,4.81
10/10/2024,BGCR,4.81
10/10/2024,SOFR,4.82
10/09/2024,EFFR,4.83
10/09/2024,OBFR,4.83
10/09/2024,TGCR,4.82
10/09/2024,BGCR,4.82
10/09/2024,SOFR,4.83
10/08/2024,EFFR,4.83
10/08/2024,OBFR,4.83
10/08/2024,TGCR,4.83
10/08/2024,BGCR,4.83
10/08/2024,SOFR,4.84
10/07/2024,EFFR,4.83
10/07/2024,OBFR,4.83
10/07/2024,TGCR,4.82
10/07/2024,BGCR,4.82
10/07/2024,SOFR,4.83
10/04/2024,EFFR,4.83
10/04/2024,OBFR,4.83
10/04/2024,TGCR,4.82
10/04/2024,BGCR,4.82
10/04/2024,SOFR,4.83
10/03/2024,EFFR,4.83
10/03/2024,OBFR,4.83
10/03/2024,TGCR,4.82
10/03/2024,BGCR,4.82
10/03/2024,SOFR,4.85
10/02/2024,EFFR,4.83
10/02/2024,OBFR,4.83
10/02/2024,TGCR,4.87
10/02/2024,BGCR,4.87
10/02/2024,SOFR,4.92
10/01/2024,EFFR,4.83
10/01/2024,OBFR,4.83
10/01/2024,TGCR,4.92
10/01/2024,BGCR,4.92
10/01/2024,SOFR,5.05
09/30/2024,EFFR,4.83
09/30/2024,OBFR,4.83
09/30/2024,TGCR,4.88
09/30/2024,BGCR,4.88
09/30/2024,SOFR,4.96
09/27/2024,EFFR,4.83
09/27/2024,OBFR,4.83
09/27/2024,TGCR,4.83
09/27/2024,BGCR,4.83
09/27/2024,SOFR,4.84
09/26/2024,EFFR,4.83
09/26/2024,OBFR,4.83
09/26/2024,TGCR,4.83
09/26/2024,BGCR,4.83
09/26/2024,SOFR,4.83
09/25/2024,EFFR,4.83
09/25/2024,OBFR,4.83
09/25/2024,TGCR,4.83
09/25/2024,BGCR,4.83
09/25/2024,SOFR,4.84
09/24/2024,EFFR,4.83
09/24/2024,OBFR,4.83
09/24/2024,TGCR,4.83
09/24/2024,BGCR,4.83
09/24/2024,SOFR,4.84
09/23/2024,EFFR,4.83
09/23/2024,OBFR,4.83
09/23/2024,TGCR,4.82
09/23/2024,BGCR,4.82
09/23/2024,SOFR,4.83
09/20/2024,EFFR,4.83
09/20/2024,OBFR,4.83
09/20/2024,TGCR,4.81
09/20/2024,BGCR,4.81
09/20/2024,SOFR,4.83
09/19/2024,EFFR,4.83
09/19/2024,OBFR,4.83
09/19/2024,TGCR,4.81
09/19/2024,BGCR,4.81
09/19/2024,SOFR,4.82
09/18/2024,EFFR,5.33
09/18/2024,OBFR,5.33
09/18/2024,TGCR,5.32
09/18/2024,BGCR,5.32
09/18/2024,SOFR,5.33
09/17/2024,EFFR,5.33
09/17/2024,OBFR,5.33
09/17/2024,TGCR,5.33
09/17/2024,BGCR,5.33
09/17/2024,SOFR,5.38
09/16/2024,EFFR,5.33
09/16/2024,OBFR,5.33
09/16/2024,TGCR,5.33
09/16/2024,BGCR,5.33
09/16/2024,SOFR,5.38
09/13/2024,EFFR,5.33
09/13/2024,OBFR,5.33
09/13/2024,TGCR,5.32
09/13/2024,BGCR,5.32
09/13/2024,SOFR,5.33
09/12/2024,EFFR,5.33
09/12/2024,OBFR,5.33
09/12/2024,TGCR,5.31
09/12/2024,BGCR,5.31
09/12/2024,SOFR,5.33
09/11/2024,EFFR,5.33
09/11/2024,OBFR,5.33
09/11/2024,TGCR,5.31
09/11/2024,BGCR,5.31
09/11/2024,SOFR,5.32
09/10/2024,EFFR,5.33
09/10/2024,OBFR,5.33
09/10/2024,TGCR,5.31
09/10/2024,BGCR,5.31
09/10/2024,SOFR,5.33
09/09/2024,EFFR,5.33
09/09/2024,OBFR,5.33
09/09/2024,TGCR,5.32
09/09/2024,BGCR,5.32
09/09/2024,SOFR,5.34
09/06/2024,EFFR,5.33
09/06/2024,OBFR,5.33
09/06/2024,TGCR,5.32
09/06/2024,BGCR,5.33
09/06/2024,SOFR,5.34
09/05/2024,EFFR,5.33
09/05/2024,OBFR,5.33
09/05/2024,TGCR,5.32
09/05/2024,BGCR,5.32
09/05/2024,SOFR,5.35
09/04/2024,EFFR,5.33
09/04/2024,OBFR,5.33
09/04/2024,TGCR,5.32
09/04/2024,BGCR,5.32
09/04/2024,SOFR,5.35
09/03/2024,EFFR,5.33
09/03/2024,OBFR,5.33
09/03/2024,TGCR,5.33
09/03/2024,BGCR,5.33
09/03/2024,SOFR,5.34
08/30/2024,EFFR,5.33
08/30/2024,OBFR,5.32
08/30/2024,TGCR,5.32
08/30/2024,BGCR,5.32
08/30/2024,SOFR,5.32
08/29/2024,EFFR,5.33
08/29/2024,OBFR,5.32
08/29/2024,TGCR,5.32
08/29/2024,BGCR,5.32
08/29/2024,SOFR,5.33
08/28/2024,EFFR,5.33
08/28/2024,OBFR,5.33
08/28/2024,TGCR,5.34
08/28/2024,BGCR,5.34
08/28/2024,SOFR,5.35
08/27/2024,EFFR,5.33
08/27/2024,OBFR,5.33
08/27/2024,TGCR,5.34
08/27/2024,BGCR,5.34
08/27/2024,SOFR,5.35
08/26/2024,EFFR,5.33
08/26/2024,OBFR,5.33
08/26/2024,TGCR,5.32
08/26/2024,BGCR,5.32
08/26/2024,SOFR,5.34
08/23/2024,EFFR,5.33
08/23/2024,OBFR,5.32
08/23/2024,TGCR,5.32
08/23/2024,BGCR,5.32
08/23/2024,SOFR,5.33
08/22/2024,EFFR,5.33
08/22/2024,OBFR,5.32
08/22/2024,TGCR,5.31
08/22/2024,BGCR,5.31
08/22/2024,SOFR,5.31
08/21/2024,EFFR,5.33
08/21/2024,OBFR,5.33
08/21/2024,TGCR,5.3
08/21/2024,BGCR,5.3
08/21/2024,SOFR,5.31
08/20/2024,EFFR,5.33
08/20/2024,OBFR,5.33
08/20/2024,TGCR,5.31
08/20/2024,BGCR,5.31
08/20/2024,SOFR,5.32
08/19/2024,EFFR,5.33
08/19/2024,OBFR,5.33
08/19/2024,TGCR,5.31
08/19/2024,BGCR,5.31
08/19/2024,SOFR,5.32
08/16/2024,EFFR,5.33
08/16/2024,OBFR,5.33
08/16/2024,TGCR,5.31
08/16/2024,BGCR,5.32
08/16/2024,SOFR,5.32
08/15/2024,EFFR,5.33
08/15/2024,OBFR,5.32
08/15/2024,TGCR,5.32
08/15/2024,BGCR,5.32
08/15/2024,SOFR,5.35
08/14/2024,EFFR,5.33
08/14/2024,OBFR,5.32
08/14/2024,TGCR,5.32
08/14/2024,BGCR,5.32
08/14/2024,SOFR,5.33
08/13/2024,EFFR,5.33
08/13/2024,OBFR,5.33
08/13/2024,TGCR,5.34
08/13/2024,BGCR,5.34
08/13/2024,SOFR,5.34
08/12/2024,EFFR,5.33
08/12/2024,OBFR,5.32
08/12/2024,TGCR,5.33
08/12/2024,BGCR,5.33
08/12/2024,SOFR,5.34
08/09/2024,EFFR,5.33
08/09/2024,OBFR,5.32
08/09/2024,TGCR,5.33
08/09/2024,BGCR,5.33
08/09/2024,SOFR,5.34
08/08/2024,EFFR,5.33
08/08/2024,OBFR,5.32
08/08/2024,TGCR,5.33
08/08/2024,BGCR,5.33
08/08/2024,SOFR,5.34
08/07/2024,EFFR,5.33
08/07/2024,OBFR,5.32
08/07/2024,TGCR,5.32
08/07/2024,BGCR,5.32
08/07/2024,SOFR,5.33
08/06/2024,EFFR,5.33
08/06/2024,OBFR,5.32
08/06/2024,TGCR,5.32
08/06/2024,BGCR,5.32
08/06/2024,SOFR,5.33
08/05/2024,EFFR,5.33
08/05/2024,OBFR,5.32
08/05/2024,TGCR,5.32
08/05/2024,BGCR,5.32
08/05/2024,SOFR,5.32
08/02/2024,EFFR,5.33
08/02/2024,OBFR,5.32
08/02/2024,TGCR,5.33
08/02/2024,BGCR,5.33
08/02/2024,SOFR,5.35
08/01/2024,EFFR,5.33
08/01/2024,OBFR,5.32
08/01/2024,TGCR,5.34
08/01/2024,BGCR,5.34
08/01/2024,SOFR,5.35
07/31/2024,EFFR,5.33
07/31/2024,OBFR,5.32
07/31/2024,TGCR,5.34
07/31/2024,BGCR,5.34
07/31/2024,SOFR,5.38
07/30/2024,EFFR,5.33
07/30/2024,OBFR,5.32
07/30/2024,TGCR,5.32
07/30/2024,BGCR,5.32
07/30/2024,SOFR,5.33
07/29/2024,EFFR,5.33
07/29/2024,OBFR,5.32
07/29/2024,TGCR,5.33
07/29/2024,BGCR,5.33
07/29/2024,SOFR,5.33
07/26/2024,EFFR,5.33
07/26/2024,OBFR,5.32
07/26/2024,TGCR,5.34
07/26/2024,BGCR,5.34
07/26/2024,SOFR,5.35
07/25/2024,EFFR,5.33
07/25/2024,OBFR,5.32
07/25/2024,TGCR,5.34
07/25/2024,BGCR,5.34
07/25/2024,SOFR,5.35
07/24/2024,EFFR,5.33
07/24/2024,OBFR,5.32
07/24/2024,TGCR,5.33
07/24/2024,BGCR,5.33
07/24/2024,SOFR,5.34
07/23/2024,EFFR,5.33
07/23/2024,OBFR,5.32
07/23/2024,TGCR,5.32
07/23/2024,BGCR,5.32
07/23/2024,SOFR,5.34
07/22/2024,EFFR,5.33
07/22/2024,OBFR,5.32
07/22/2024,TGCR,5.32
07/22/2024,BGCR,5.32
07/22/2024,SOFR,5.33
07/19/2024,EFFR,5.33
07/19/2024,OBFR,5.32
07/19/2024,TGCR,5.32
07/19/2024,BGCR,5.32
07/19/2024,SOFR,5.34
07/18/2024,EFFR,5.33
07/18/2024,OBFR,5.32
07/18/2024,TGCR,5.32
07/18/2024,BGCR,5.32
07/18/2024,SOFR,5.34
07/17/2024,EFFR,5.33
07/17/2024,OBFR,5.32
07/17/2024,TGCR,5.33
07/17/2024,BGCR,5.33
07/17/2024,SOFR,5.35
07/16/2024,EFFR,5.33
07/16/2024,OBFR,5.32
07/16/2024,TGCR,5.33
07/16/2024,BGCR,5.34
07/16/2024,SOFR,5.35
07/15/2024,EFFR,5.33
07/15/2024,OBFR,5.32
07/15/2024,TGCR,5.33
07/15/2024,BGCR,5.33
07/15/2024,SOFR,5.34
07/12/2024,EFFR,5.33
07/12/2024,OBFR,5.32
07/12/2024,TGCR,5.32
07/12/2024,BGCR,5.32
07/12/2024,SOFR,5.34
07/11/2024,EFFR,5.33
07/11/2024,OBFR,5.32
07/11/2024,TGCR,5.32
07/11/2024,BGCR,5.32
07/11/2024,SOFR,5.34
07/10/2024,EFFR,5.33
07/10/2024,OBFR,5.32
07/10/2024,TGCR,5.33
07/10/2024,BGCR,5.33
07/10/2024,SOFR,5.34
07/09/2024,EFFR,5.33
07/09/2024,OBFR,5.32
07/09/2024,TGCR,5.33
07/09/2024,BGCR,5.33
07/09/2024,SOFR,5.34
07/08/2024,EFFR,5.33
07/08/2024,OBFR,5.32
07/08/2024,TGCR,5.31
07/08/2024,BGCR,5.31
07/08/2024,SOFR,5.32
07/05/2024,EFFR,5.33
07/05/2024,OBFR,5.32
07/05/2024,TGCR,5.31
07/05/2024,BGCR,5.31
07/05/2024,SOFR,5.32
07/03/2024,EFFR,5.33
07/03/2024,OBFR,5.32
07/03/2024,TGCR,5.32
07/03/2024,BGCR,5.32
07/03/2024,SOFR,5.33
07/02/2024,EFFR,5.33
07/02/2024,OBFR,5.32
07/02/2024,TGCR,5.33
07/02/2024,BGCR,5.33
07/02/2024,SOFR,5.35
07/01/2024,EFFR,5.33
07/01/2024,OBFR,5.32
07/01/2024,TGCR,5.33
07/01/2024,BGCR,5.33
07/01/2024,SOFR,5.4
06/28/2024,EFFR,5.33
06/28/2024,OBFR,5.32
06/28/2024,TGCR,5.32
06/28/2024,BGCR,5.32
06/28/2024,SOFR,5.33
06/27/2024,EFFR,5.33
06/27/2024,OBFR,5.32
06/27/2024,TGCR,5.32
06/27/2024,BGCR,5.32
06/27/2024,SOFR,5.34
06/26/2024,EFFR,5.33
06/26/2024,OBFR,5.32
06/26/2024,TGCR,5.33
06/26/2024,BGCR,5.33
06/26/2024,SOFR,5.34
06/25/2024,EFFR,5.33
06/25/2024,OBFR,5.32
06/25/2024,TGCR,5.32
06/25/2024,BGCR,5.32
06/25/2024,SOFR,5.33
06/24/2024,EFFR,5.33
06/24/2024,OBFR,5.32
06/24/2024,TGCR,5.3
06/24/2024,BGCR,5.3
06/24/2024,SOFR,5.31
06/21/2024,EFFR,5.33
06/21/2024,OBFR,5.32
06/21/2024,TGCR,5.3
06/21/2024,BGCR,5.3
06/21/2024,SOFR,5.31
06/20/2024,EFFR,5.33
06/20/2024,OBFR,5.32
06/20/2024,TGCR,5.31
06/20/2024,BGCR,5.31
06/20/2024,SOFR,5.32
06/18/2024,EFFR,5.33
06/18/2024,OBFR,5.32
06/18/2024,TGCR,5.32
06/18/2024,BGCR,5.32
06/18/2024,SOFR,5.33
06/17/2024,EFFR,5.33
06/17/2024,OBFR,5.32
06/17/2024,TGCR,5.32
06/17/2024,BGCR,5.32
06/17/2024,SOFR,5.33
06/14/2024,EFFR,5.33
06/14/2024,OBFR,5.32
06/14/2024,TGCR,5.3
06/14/2024,BGCR,5.3
06/14/2024,SOFR,5.31
06/13/2024,EFFR,5.33
06/13/2024,OBFR,5.32
06/13/2024,TGCR,5.31
06/13/2024,BGCR,5.31
06/13/2024,SOFR,5.31
06/12/2024,EFFR,5.33
06/12/2024,OBFR,5.32
06/12/2024,TGCR,5.31
06/12/2024,BGCR,5.31
06/12/2024,SOFR,5.31
06/11/2024,EFFR,5.33
06/11/2024,OBFR,5.32
06/11/2024,TGCR,5.31
06/11/2024,BGCR,5.31
06/11/2024,SOFR,5.32
06/10/2024,EFFR,5.33
06/10/2024,OBFR,5.32
06/10/2024,TGCR,5.32
06/10/2024,BGCR,5.32
06/10/2024,SOFR,5.32
06/07/2024,EFFR,5.33
06/07/2024,OBFR,5.32
06/07/2024,TGCR,5.32
06/07/2024,BGCR,5.32
06/07/2024,SOFR,5.33
06/06/2024,EFFR,5.33
06/06/2024,OBFR,5.32
06/06/2024,TGCR,5.32
06/06/2024,BGCR,5.32
06/06/2024,SOFR,5.33
06/05/2024,EFFR,5.33
06/05/2024,OBFR,5.32
06/05/2024,TGCR,5.32
06/05/2024,BGCR,5.32
06/05/2024,SOFR,5.33
06/04/2024,EFFR,5.33
06/04/2024,OBFR,5.32
06/04/2024,TGCR,5.32
06/04/2024,BGCR,5.32
06/04/2024,SOFR,5.33
06/03/2024,EFFR,5.33
06/03/2024,OBFR,5.32
06/03/2024,TGCR,5.32
06/03/2024,BGCR,5.32
06/03/2024,SOFR,5.35
05/31/2024,EFFR,5.33
05/31/2024,OBFR,5.32
05/31/2024,TGCR,5.33
05/31/2024,BGCR,5.33
05/31/2024,SOFR,5.34
05/30/2024,EFFR,5.33
05/30/2024,OBFR,5.32
05/30/2024,TGCR,5.32
05/30/2024,BGCR,5.32
05/30/2024,SOFR,5.33
05/29/2024,EFFR,5.33
05/29/2024,OBFR,5.32
05/29/2024,TGCR,5.32
05/29/2024,BGCR,5.32
05/29/2024,SOFR,5.33
05/28/2024,EFFR,5.33
05/28/2024,OBFR,5.32
05/28/2024,TGCR,5.31
05/28/2024,BGCR,5.31
05/28/2024,SOFR,5.32
05/24/2024,EFFR,5.33
05/24/2024,OBFR,5.32
05/24/2024,TGCR,5.31
05/24/2024,BGCR,5.31
05/24/2024,SOFR,5.32
05/23/2024,EFFR,5.33
05/23/2024,OBFR,5.32
05/23/2024,TGCR,5.3
05/23/2024,BGCR,5.3
05/23/2024,SOFR,5.31
05/22/2024,EFFR,5.33
05/22/2024,OBFR,5.32
05/22/2024,TGCR,5.3
05/22/2024,BGCR,5.3
05/22/2024,SOFR,5.31
05/21/2024,EFFR,5.33
05/21/2024,OBFR,5.32
05/21/2024,TGCR,5.3
05/21/2024,BGCR,5.3
05/21/2024,SOFR,5.31
05/20/2024,EFFR,5.33
05/20/2024,OBFR,5.32
05/20/2024,TGCR,5.3
05/20/2024,BGCR,5.3
05/20/2024,SOFR,5.31
05/17/2024,EFFR,5.33
05/17/2024,OBFR,5.32
05/17/2024,TGCR,5.3
05/17/2024,BGCR,5.3
05/17/2024,SOFR,5.31
05/16/2024,EFFR,5.33
05/16/2024,OBFR,5.32
05/16/2024,TGCR,5.3
05/16/2024,BGCR,5.3
05/16/2024,SOFR,5.31
05/15/2024,EFFR,5.33
05/15/2024,OBFR,5.32
05/15/2024,TGCR,5.3
05/15/2024,BGCR,5.3
05/15/2024,SOFR,5.31
05/14/2024,EFFR,5.33
05/14/2024,OBFR,5.32
05/14/2024,TGCR,5.3
05/14/2024,BGCR,5.3
05/14/2024,SOFR,5.31
05/13/2024,EFFR,5.33
05/13/2024,OBFR,5.32
05/13/2024,TGCR,5.3
05/13/2024,BGCR,5.3
05/13/2024,SOFR,5.31
05/10/2024,EFFR,5.33
05/10/2024,OBFR,5.32
05/10/2024,TGCR,5.3
05/10/2024,BGCR,5.3
05/10/2024,SOFR,5.31
05/09/2024,EFFR,5.33
05/09/2024,OBFR,5.32
05/09/2024,TGCR,5.3
05/09/2024,BGCR,5.3
05/09/2024,SOFR,5.31
05/08/2024,EFFR,5.33
05/08/2024,OBFR,5.32
05/08/2024,TGCR,5.3
05/08/2024,BGCR,5.3
05/08/2024,SOFR,5.31
05/07/2024,EFFR,5.33
05/07/2024,OBFR,5.32
05/07/2024,TGCR,5.3
05/07/2024,BGCR,5.3
05/07/2024,SOFR,5.31
05/06/2024,EFFR,5.33
05/06/2024,OBFR,5.32
05/06/2024,TGCR,5.3
05/06/2024,BGCR,5.3
05/06/2024,SOFR,5.31
05/03/2024,EFFR,5.33
05/03/2024,OBFR,5.32
05/03/2024,TGCR,5.3
05/03/2024,BGCR,5.3
05/03/2024,SOFR,5.31
05/02/2024,EFFR,5.33
05/02/2024,OBFR,5.32
05/02/2024,TGCR,5.31
05/02/2024,BGCR,5.31
05/02/2024,SOFR,5.31
05/01/2024,EFFR,5.33
05/01/2024,OBFR,5.32
05/01/2024,TGCR,5.31
05/01/2024,BGCR,5.31
05/01/2024,SOFR,5.32
04/30/2024,EFFR,5.33
04/30/2024,OBFR,5.32
04/30/2024,TGCR,5.31
04/30/2024,BGCR,5.31
04/30/2024,SOFR,5.34
04/29/2024,EFFR,5.33
04/29/2024,OBFR,5.32
04/29/2024,TGCR,5.31
04/29/2024,BGCR,5.31
04/29/2024,SOFR,5.32
04/26/2024,EFFR,5.33
04/26/2024,OBFR,5.32
04/26/2024,TGCR,5.31
04/26/2024,BGCR,5.31
04/26/2024,SOFR,5.32
04/25/2024,EFFR,5.33
04/25/2024,OBFR,5.32
04/25/2024,TGCR,5.31
04/25/2024,BGCR,5.31
04/25/2024,SOFR,5.31
04/24/2024,EFFR,5.33
04/24/2024,OBFR,5.32
04/24/2024,TGCR,5.3
04/24/2024,BGCR,5.3
04/24/2024,SOFR,5.31
04/23/2024,EFFR,5.33
04/23/2024,OBFR,5.32
04/23/2024,TGCR,5.3
04/23/2024,BGCR,5.3
04/23/2024,SOFR,5.31
04/22/2024,EFFR,5.33
04/22/2024,OBFR,5.32
04/22/2024,TGCR,5.3
04/22/2024,BGCR,5.3
04/22/2024,SOFR,5.31
04/19/2024,EFFR,5.33
04/19/2024,OBFR,5.32
04/19/2024,TGCR,5.3
04/19/2024,BGCR,5.3
04/19/2024,SOFR,5.31
04/18/2024,EFFR,5.33
04/18/2024,OBFR,5.32
04/18/2024,TGCR,5.3
04/18/2024,BGCR,5.3
04/18/2024,SOFR,5.3
04/17/2024,EFFR,5.33
04/17/2024,OBFR,5.32
04/17/2024,TGCR,5.3
04/17/2024,BGCR,5.3
04/17/2024,SOFR,5.31
04/16/2024,EFFR,5.33
04/16/2024,OBFR,5.32
04/16/2024,TGCR,5.31
04/16/2024,BGCR,5.31
04/16/2024,SOFR,5.31
04/15/2024,EFFR,5.33
04/15/2024,OBFR,5.32
04/15/2024,TGCR,5.31
04/15/2024,BGCR,5.31
04/15/2024,SOFR,5.32
04/12/2024,EFFR,5.33
04/12/2024,OBFR,5.32
04/12/2024,TGCR,5.3
04/12/2024,BGCR,5.3
04/12/2024,SOFR,5.31
04/11/2024,EFFR,5.33
04/11/2024,OBFR,5.32
04/11/2024,TGCR,5.3
04/11/2024,BGCR,5.3
04/11/2024,SOFR,5.31
04/10/2024,EFFR,5.33
04/10/2024,OBFR,5.32
04/10/2024,TGCR,5.3
04/10/2024,BGCR,5.3
04/10/2024,SOFR,5.31
04/09/2024,EFFR,5.33
04/09/2024,OBFR,5.32
04/09/2024,TGCR,5.31
04/09/2024,BGCR,5.31
04/09/2024,SOFR,5.31
04/08/2024,EFFR,5.33
04/08/2024,OBFR,5.32
04/08/2024,TGCR,5.31
04/08/2024,BGCR,5.31
04/08/2024,SOFR,5.31
04/05/2024,EFFR,5.33
04/05/2024,OBFR,5.32
04/05/2024,TGCR,5.31
04/05/2024,BGCR,5.31
04/05/2024,SOFR,5.32
04/04/2024,EFFR,5.33
04/04/2024,OBFR,5.32
04/04/2024,TGCR,5.31
04/04/2024,BGCR,5.31
04/04/2024,SOFR,5.32
04/03/2024,EFFR,5.33
04/03/2024,OBFR,5.32
04/03/2024,TGCR,5.31
04/03/2024,BGCR,5.31
04/03/2024,SOFR,5.32
04/02/2024,EFFR,5.33
04/02/2024,OBFR,5.32
04/02/2024,TGCR,5.33
04/02/2024,BGCR,5.33
04/02/2024,SOFR,5.34
04/01/2024,EFFR,5.33
04/01/2024,OBFR,5.32
04/01/2024,TGCR,5.33
04/01/2024,BGCR,5.33
04/01/2024,SOFR,5.35
03/29/2024,EFFR,5.33
03/29/2024,OBFR,5.33
03/28/2024,EFFR,5.33
03/28/2024,OBFR,5.33
03/28/2024,TGCR,5.32
03/28/2024,BGCR,5.32
03/28/2024,SOFR,5.34
03/27/2024,EFFR,5.33
03/27/2024,OBFR,5.32
03/27/2024,TGCR,5.33
03/27/2024,BGCR,5.33
03/27/2024,SOFR,5.33
03/26/2024,EFFR,5.33
03/26/2024,OBFR,5.32
03/26/2024,TGCR,5.31
03/26/2024,BGCR,5.31
03/26/2024,SOFR,5.32
03/25/2024,EFFR,5.33
03/25/2024,OBFR,5.32
03/25/2024,TGCR,5.31
03/25/2024,BGCR,5.31
03/25/2024,SOFR,5.31
03/22/2024,EFFR,5.33
03/22/2024,OBFR,5.32
03/22/2024,TGCR,5.31
03/22/2024,BGCR,5.31
03/22/2024,SOFR,5.31
03/21/2024,EFFR,5.33
03/21/2024,OBFR,5.32
03/21/2024,TGCR,5.3
03/21/2024,BGCR,5.3
03/21/2024,SOFR,5.31
03/20/2024,EFFR,5.33
03/20/2024,OBFR,5.32
03/20/2024,TGCR,5.3
03/20/2024,BGCR,5.3
03/20/2024,SOFR,5.31
03/19/2024,EFFR,5.33
03/19/2024,OBFR,5.32
03/19/2024,TGCR,5.3
03/19/2024,BGCR,5.3
03/19/2024,SOFR,5.31
03/18/2024,EFFR,5.33
03/18/2024,OBFR,5.32
03/18/2024,TGCR,5.3
03/18/2024,BGCR,5.3
03/18/2024,SOFR,5.31
03/15/2024,EFFR,5.33
03/15/2024,OBFR,5.32
03/15/2024,TGCR,5.3
03/15/2024,BGCR,5.3
03/15/2024,SOFR,5.31
03/14/2024,EFFR,5.33
03/14/2024,OBFR,5.32
03/14/2024,TGCR,5.3
03/14/2024,BGCR,5.3
03/14/2024,SOFR,5.31
03/13/2024,EFFR,5.33
03/13/2024,OBFR,5.32
03/13/2024,TGCR,5.3
03/13/2024,BGCR,5.3
03/13/2024,SOFR,5.31
03/12/2024,EFFR,5.33
03/12/2024,OBFR,5.32
03/12/2024,TGCR,5.3
03/12/2024,BGCR,5.3
03/12/2024,SOFR,5.31
03/11/2024,EFFR,5.33
03/11/2024,OBFR,5.32
03/11/2024,TGCR,5.3
03/11/2024,BGCR,5.3
03/11/2024,SOFR,5.31
03/08/2024,EFFR,5.33
03/08/2024,OBFR,5.31
03/08/2024,TGCR,5.3
03/08/2024,BGCR,5.3
03/08/2024,SOFR,5.31
03/07/2024,EFFR,5.33
03/07/2024,OBFR,5.31
03/07/2024,TGCR,5.3
03/07/2024,BGCR,5.3
03/07/2024,SOFR,5.31
03/06/2024,EFFR,5.33
03/06/2024,OBFR,5.31
03/06/2024,TGCR,5.3
03/06/2024,BGCR,5.3
03/06/2024,SOFR,5.31
03/05/2024,EFFR,5.33
03/05/2024,OBFR,5.32
03/05/2024,TGCR,5.3
03/05/2024,BGCR,5.3
03/05/2024,SOFR,5.31
03/04/2024,EFFR,5.33
03/04/2024,OBFR,5.31
03/04/2024,TGCR,5.3
03/04/2024,BGCR,5.3
03/04/2024,SOFR,5.31
03/01/2024,EFFR,5.33
03/01/2024,OBFR,5.31
03/01/2024,TGCR,5.3
03/01/2024,BGCR,5.31
03/01/2024,SOFR,5.31
02/29/2024,EFFR,5.33
02/29/2024,OBFR,5.32
02/29/2024,TGCR,5.31
02/29/2024,BGCR,5.31
02/29/2024,SOFR,5.32
02/28/2024,EFFR,5.33
02/28/2024,OBFR,5.31
02/28/2024,TGCR,5.3
02/28/2024,BGCR,5.3
02/28/2024,SOFR,5.31
02/27/2024,EFFR,5.33
02/27/2024,OBFR,5.31
02/27/2024,TGCR,5.3
02/27/2024,BGCR,5.3
02/27/2024,SOFR,5.31
02/26/2024,EFFR,5.33
02/26/2024,OBFR,5.31
02/26/2024,TGCR,5.3
02/26/2024,BGCR,5.3
02/26/2024,SOFR,5.31
02/23/2024,EFFR,5.33
02/23/2024,OBFR,5.31
02/23/2024,TGCR,5.3
02/23/2024,BGCR,5.3
02/23/2024,SOFR,5.31
02/22/2024,EFFR,5.33
02/22/2024,OBFR,5.32
02/22/2024,TGCR,5.3
02/22/2024,BGCR,5.3
02/22/2024,SOFR,5.3
02/21/2024,EFFR,5.33
02/21/2024,OBFR,5.31
02/21/2024,TGCR,5.3
02/21/2024,BGCR,5.3
02/21/2024,SOFR,5.3
02/20/2024,EFFR,5.33
02/20/2024,OBFR,5.31
02/20/2024,TGCR,5.3
02/20/2024,BGCR,5.3
02/20/2024,SOFR,5.3
02/16/2024,EFFR,5.33
02/16/2024,OBFR,5.31
02/16/2024,TGCR,5.3
02/16/2024,BGCR,5.3
02/16/2024,SOFR,5.3
02/15/2024,EFFR,5.33
02/15/2024,OBFR,5.32
02/15/2024,TGCR,5.3
02/15/2024,BGCR,5.3
02/15/2024,SOFR,5.31
02/14/2024,EFFR,5.33
02/14/2024,OBFR,5.32
02/14/2024,TGCR,5.3
02/14/2024,BGCR,5.3
02/14/2024,SOFR,5.3
02/13/2024,EFFR,5.33
02/13/2024,OBFR,5.32
02/13/2024,TGCR,5.3
02/13/2024,BGCR,5.3
02/13/2024,SOFR,5.31
02/12/2024,EFFR,5.33
02/12/2024,OBFR,5.32
02/12/2024,TGCR,5.3
02/12/2024,BGCR,5.3
02/12/2024,SOFR,5.31
02/09/2024,EFFR,5.33
02/09/2024,OBFR,5.32
02/09/2024,TGCR,5.3
02/09/2024,BGCR,5.3
02/09/2024,SOFR,5.31
02/08/2024,EFFR,5.33
02/08/2024,OBFR,5.32
02/08/2024,TGCR,5.3
02/08/2024,BGCR,5.3
02/08/2024,SOFR,5.31
02/07/2024,EFFR,5.33
02/07/2024,OBFR,5.32
02/07/2024,TGCR,5.3
02/07/2024,BGCR,5.3
02/07/2024,SOFR,5.31
02/06/2024,EFFR,5.33
02/06/2024,OBFR,5.32
02/06/2024,TGCR,5.3
02/06/2024,BGCR,5.3
02/06/2024,SOFR,5.31
02/05/2024,EFFR,5.33
02/05/2024,OBFR,5.32
02/05/2024,TGCR,5.3
02/05/2024,BGCR,5.3
02/05/2024,SOFR,5.31
02/02/2024,EFFR,5.33
02/02/2024,OBFR,5.32
02/02/2024,TGCR,5.31
02/02/2024,BGCR,5.31
02/02/2024,SOFR,5.32
02/01/2024,EFFR,5.33
02/01/2024,OBFR,5.31
02/01/2024,TGCR,5.31
02/01/2024,BGCR,5.31
02/01/2024,SOFR,5.32
01/31/2024,EFFR,5.33
01/31/2024,OBFR,5.32
01/31/2024,TGCR,5.31
01/31/2024,BGCR,5.31
01/31/2024,SOFR,5.32
01/30/2024,EFFR,5.33
01/30/2024,OBFR,5.31
01/30/2024,TGCR,5.3
01/30/2024,BGCR,5.3
01/30/2024,SOFR,5.31
01/29/2024,EFFR,5.33
01/29/2024,OBFR,5.31
01/29/2024,TGCR,5.3
01/29/2024,BGCR,5.3
01/29/2024,SOFR,5.31
01/26/2024,EFFR,5.33
01/26/2024,OBFR,5.31
01/26/2024,TGCR,5.31
01/26/2024,BGCR,5.31
01/26/2024,SOFR,5.32
01/25/2024,EFFR,5.33
01/25/2024,OBFR,5.31
01/25/2024,TGCR,5.31
01/25/2024,BGCR,5.31
01/25/2024,SOFR,5.32
01/24/2024,EFFR,5.33
01/24/2024,OBFR,5.31
01/24/2024,TGCR,5.3
01/24/2024,BGCR,5.3
01/24/2024,SOFR,5.31
01/23/2024,EFFR,5.33
01/23/2024,OBFR,5.31
01/23/2024,TGCR,5.3
01/23/2024,BGCR,5.3
01/23/2024,SOFR,5.31
01/22/2024,EFFR,5.33
01/22/2024,OBFR,5.31
01/22/2024,TGCR,5.3
01/22/2024,BGCR,5.3
01/22/2024,SOFR,5.31
01/19/2024,EFFR,5.33
01/19/2024,OBFR,5.31
01/19/2024,TGCR,5.3
01/19/2024,BGCR,5.3
01/19/2024,SOFR,5.31
01/18/2024,EFFR,5.33
01/18/2024,OBFR,5.31
01/18/2024,TGCR,5.3
01/18/2024,BGCR,5.3
01/18/2024,SOFR,5.31
01/17/2024,EFFR,5.33
01/17/2024,OBFR,5.32
01/17/2024,TGCR,5.3
01/17/2024,BGCR,5.3
01/17/2024,SOFR,5.32
01/16/2024,EFFR,5.33
01/16/2024,OBFR,5.31
01/16/2024,TGCR,5.3
01/16/2024,BGCR,5.3
01/16/2024,SOFR,5.32
01/12/2024,EFFR,5.33
01/12/2024,OBFR,5.32
01/12/2024,TGCR,5.3
01/12/2024,BGCR,5.3
01/12/2024,SOFR,5.31
01/11/2024,EFFR,5.33
01/11/2024,OBFR,5.32
01/11/2024,TGCR,5.3
01/11/2024,BGCR,5.3
01/11/2024,SOFR,5.31
01/10/2024,EFFR,5.33
01/10/2024,OBFR,5.32
01/10/2024,TGCR,5.3
01/10/2024,BGCR,5.3
01/10/2024,SOFR,5.31
01/09/2024,EFFR,5.33
01/09/2024,OBFR,5.32
01/09/2024,TGCR,5.3
01/09/2024,BGCR,5.3
01/09/2024,SOFR,5.31
01/08/2024,EFFR,5.33
01/08/2024,OBFR,5.32
01/08/2024,TGCR,5.3
01/08/2024,BGCR,5.3
01/08/2024,SOFR,5.31
01/05/2024,EFFR,5.33
01/05/2024,OBFR,5.32
01/05/2024,TGCR,5.3
01/05/2024,BGCR,5.3
01/05/2024,SOFR,5.31
01/04/2024,EFFR,5.33
01/04/2024,OBFR,5.32
01/04/2024,TGCR,5.31
01/04/2024,BGCR,5.31
01/04/2024,SOFR,5.32
01/03/2024,EFFR,5.33
01/03/2024,OBFR,5.32
01/03/2024,TGCR,5.33
01/03/2024,BGCR,5.33
01/03/2024,SOFR,5.39
01/02/2024,EFFR,5.33
01/02/2024,OBFR,5.32
01/02/2024,TGCR,5.33
01/02/2024,BGCR,5.33
01/02/2024,SOFR,5.4
12/29/2023,EFFR,5.33
12/29/2023,OBFR,5.32
12/29/2023,TGCR,5.33
12/29/2023,BGCR,5.33
12/29/2023,SOFR,5.38
12/28/2023,EFFR,5.33
12/28/2023,OBFR,5.32
12/28/2023,TGCR,5.35
12/28/2023,BGCR,5.35
12/28/2023,SOFR,5.4
12/27/2023,EFFR,5.33
12/27/2023,OBFR,5.32
12/27/2023,TGCR,5.33
12/27/2023,BGCR,5.33
12/27/2023,SOFR,5.39
12/26/2023,EFFR,5.33
12/26/2023,OBFR,5.32
12/26/2023,TGCR,5.31
12/26/2023,BGCR,5.31
12/26/2023,SOFR,5.35
12/22/2023,EFFR,5.33
12/22/2023,OBFR,5.32
12/22/2023,TGCR,5.3
12/22/2023,BGCR,5.3
12/22/2023,SOFR,5.32
12/21/2023,EFFR,5.33
12/21/2023,OBFR,5.32
12/21/2023,TGCR,5.3
12/21/2023,BGCR,5.3
12/21/2023,SOFR,5.31
12/20/2023,EFFR,5.33
12/20/2023,OBFR,5.32
12/20/2023,TGCR,5.3
12/20/2023,BGCR,5.3
12/20/2023,SOFR,5.31
12/19/2023,EFFR,5.33
12/19/2023,OBFR,5.32
12/19/2023,TGCR,5.3
12/19/2023,BGCR,5.3
12/19/2023,SOFR,5.31
12/18/2023,EFFR,5.33
12/18/2023,OBFR,5.32
12/18/2023,TGCR,5.3
12/18/2023,BGCR,5.3
12/18/2023,SOFR,5.32
12/15/2023,EFFR,5.33
12/15/2023,OBFR,5.32
12/15/2023,TGCR,5.3
12/15/2023,BGCR,5.3
12/15/2023,SOFR,5.32
12/14/2023,EFFR,5.33
12/14/2023,OBFR,5.32
12/14/2023,TGCR,5.3
12/14/2023,BGCR,5.3
12/14/2023,SOFR,5.31
12/13/2023,EFFR,5.33
12/13/2023,OBFR,5.32
12/13/2023,TGCR,5.3
12/13/2023,BGCR,5.3
12/13/2023,SOFR,5.31
12/12/2023,EFFR,5.33
12/12/2023,OBFR,5.32
12/12/2023,TGCR,5.3
12/12/2023,BGCR,5.3
12/12/2023,SOFR,5.31
12/11/2023,EFFR,5.33
12/11/2023,OBFR,5.32
12/11/2023,TGCR,5.3
12/11/2023,BGCR,5.3
12/11/2023,SOFR,5.32
12/08/2023,EFFR,5.33
12/08/2023,OBFR,5.32
12/08/2023,TGCR,5.3
12/08/2023,BGCR,5.3
12/08/2023,SOFR,5.32
12/07/2023,EFFR,5.33
12/07/2023,OBFR,5.32
12/07/2023,TGCR,5.3
12/07/2023,BGCR,5.3
12/07/2023,SOFR,5.32
12/06/2023,EFFR,5.33
12/06/2023,OBFR,5.32
12/06/2023,TGCR,5.31
12/06/2023,BGCR,5.31
12/06/2023,SOFR,5.32
12/05/2023,EFFR,5.33
12/05/2023,OBFR,5.32
12/05/2023,TGCR,5.31
12/05/2023,BGCR,5.31
12/05/2023,SOFR,5.33
12/04/2023,EFFR,5.33
12/04/2023,OBFR,5.32
12/04/2023,TGCR,5.31
12/04/2023,BGCR,5.31
12/04/2023,SOFR,5.37
12/01/2023,EFFR,5.33
12/01/2023,OBFR,5.32
12/01/2023,TGCR,5.31
12/01/2023,BGCR,5.31
12/01/2023,SOFR,5.39
11/30/2023,EFFR,5.33
11/30/2023,OBFR,5.32
11/30/2023,TGCR,5.31
11/30/2023,BGCR,5.31
11/30/2023,SOFR,5.33
11/29/2023,EFFR,5.33
11/29/2023,OBFR,5.32
11/29/2023,TGCR,5.3
11/29/2023,BGCR,5.3
11/29/2023,SOFR,5.31
11/28/2023,EFFR,5.33
11/28/2023,OBFR,5.32
11/28/2023,TGCR,5.3
11/28/2023,BGCR,5.3
11/28/2023,SOFR,5.32
11/27/2023,EFFR,5.33
11/27/2023,OBFR,5.32
11/27/2023,TGCR,5.3
11/27/2023,BGCR,5.3
11/27/2023,SOFR,5.32
11/24/2023,EFFR,5.33
11/24/2023,OBFR,5.32
11/24/2023,TGCR,5.3
11/24/2023,BGCR,5.3
11/24/2023,SOFR,5.32
11/22/2023,EFFR,5.33
11/22/2023,OBFR,5.32
11/22/2023,TGCR,5.3
11/22/2023,BGCR,5.3
11/22/2023,SOFR,5.31
11/21/2023,EFFR,5.33
11/21/2023,OBFR,5.32
11/21/2023,TGCR,5.3
11/21/2023,BGCR,5.3
11/21/2023,SOFR,5.31
11/20/2023,EFFR,5.33
11/20/2023,OBFR,5.32
11/20/2023,TGCR,5.3
11/20/2023,BGCR,5.3
11/20/2023,SOFR,5.31
11/17/2023,EFFR,5.33
11/17/2023,OBFR,5.32
11/17/2023,TGCR,5.3
11/17/2023,BGCR,5.3
11/17/2023,SOFR,5.32
11/16/2023,EFFR,5.33
11/16/2023,OBFR,5.32
11/16/2023,TGCR,5.3
11/16/2023,BGCR,5.3
11/16/2023,SOFR,5.32
11/15/2023,EFFR,5.33
11/15/2023,OBFR,5.32
11/15/2023,TGCR,5.3
11/15/2023,BGCR,5.3
11/15/2023,SOFR,5.32
11/14/2023,EFFR,5.33
11/14/2023,OBFR,5.32
11/14/2023,TGCR,5.3
11/14/2023,BGCR,5.3
11/14/2023,SOFR,5.32
11/13/2023,EFFR,5.33
11/13/2023,OBFR,5.32
11/13/2023,TGCR,5.3
11/13/2023,BGCR,5.3
11/13/2023,SOFR,5.32
11/10/2023,EFFR,5.33
11/10/2023,OBFR,5.32
11/10/2023,TGCR,5.3
11/10/2023,BGCR,5.3
11/10/2023,SOFR,5.32
11/09/2023,EFFR,5.33
11/09/2023,OBFR,5.32
11/09/2023,TGCR,5.3
11/09/2023,BGCR,5.3
11/09/2023,SOFR,5.32
11/08/2023,EFFR,5.33
11/08/2023,OBFR,5.32
11/08/2023,TGCR,5.3
11/08/2023,BGCR,5.3
11/08/2023,SOFR,5.32
11/07/2023,EFFR,5.33
11/07/2023,OBFR,5.32
11/07/2023,TGCR,5.3
11/07/2023,BGCR,5.3
11/07/2023,SOFR,5.32
11/06/2023,EFFR,5.33
11/06/2023,OBFR,5.32
11/06/2023,TGCR,5.3
11/06/2023,BGCR,5.3
11/06/2023,SOFR,5.32
11/03/2023,EFFR,5.33
11/03/2023,OBFR,5.32
11/03/2023,TGCR,5.3
11/03/2023,BGCR,5.3
11/03/2023,SOFR,5.32
11/02/2023,EFFR,5.33
11/02/2023,OBFR,5.32
11/02/2023,TGCR,5.3
11/02/2023,BGCR,5.3
11/02/2023,SOFR,5.33
11/01/2023,EFFR,5.33
11/01/2023,OBFR,5.32
11/01/2023,TGCR,5.3
11/01/2023,BGCR,5.3
11/01/2023,SOFR,5.32
10/31/2023,EFFR,5.33
10/31/2023,OBFR,5.32
10/31/2023,TGCR,5.3
10/31/2023,BGCR,5.3
10/31/2023,SOFR,5.35
10/30/2023,EFFR,5.33
10/30/2023,OBFR,5.32
10/30/2023,TGCR,5.3
10/30/2023,BGCR,5.3
10/30/2023,SOFR,5.31
10/27/2023,EFFR,5.33
10/27/2023,OBFR,5.32
10/27/2023,TGCR,5.3
10/27/2023,BGCR,5.3
10/27/2023,SOFR,5.31
10/26/2023,EFFR,5.33
10/26/2023,OBFR,5.32
10/26/2023,TGCR,5.3
10/26/2023,BGCR,5.3
10/26/2023,SOFR,5.31
10/25/2023,EFFR,5.33
10/25/2023,OBFR,5.32
10/25/2023,TGCR,5.3
10/25/2023,BGCR,5.3
10/25/2023,SOFR,5.3
10/24/2023,EFFR,5.33
10/24/2023,OBFR,5.32
10/24/2023,TGCR,5.3
10/24/2023,BGCR,5.3
10/24/2023,SOFR,5.3
10/23/2023,EFFR,5.33
10/23/2023,OBFR,5.32
10/23/2023,TGCR,5.3
10/23/2023,BGCR,5.3
10/23/2023,SOFR,5.3
10/20/2023,EFFR,5.33
10/20/2023,OBFR,5.32
10/20/2023,TGCR,5.3
10/20/2023,BGCR,5.3
10/20/2023,SOFR,5.3
10/19/2023,EFFR,5.33
10/19/2023,OBFR,5.32
10/19/2023,TGCR,5.3
10/19/2023,BGCR,5.3
10/19/2023,SOFR,5.3
10/18/2023,EFFR,5.33
10/18/2023,OBFR,5.32
10/18/2023,TGCR,5.3
10/18/2023,BGCR,5.3
10/18/2023,SOFR,5.3
10/17/2023,EFFR,5.33
10/17/2023,OBFR,5.32
10/17/2023,TGCR,5.3
10/17/2023,BGCR,5.3
10/17/2023,SOFR,5.31
10/16/2023,EFFR,5.33
10/16/2023,OBFR,5.32
10/16/2023,TGCR,5.3
10/16/2023,BGCR,5.3
10/16/2023,SOFR,5.31
10/13/2023,EFFR,5.33
10/13/2023,OBFR,5.32
10/13/2023,TGCR,5.3
10/13/2023,BGCR,5.3
10/13/2023,SOFR,5.31
10/12/2023,EFFR,5.33
10/12/2023,OBFR,5.32
10/12/2023,TGCR,5.3
10/12/2023,BGCR,5.3
10/12/2023,SOFR,5.31
10/11/2023,EFFR,5.33
10/11/2023,OBFR,5.32
10/11/2023,TGCR,5.3
10/11/2023,BGCR,5.3
10/11/2023,SOFR,5.31
10/10/2023,EFFR,5.33
10/10/2023,OBFR,5.32
10/10/2023,TGCR,5.3
10/10/2023,BGCR,5.3
10/10/2023,SOFR,5.31
10/06/2023,EFFR,5.33
10/06/2023,OBFR,5.32
10/06/2023,TGCR,5.3
10/06/2023,BGCR,5.3
10/06/2023,SOFR,5.31
10/05/2023,EFFR,5.33
10/05/2023,OBFR,5.32
10/05/2023,TGCR,5.3
10/05/2023,BGCR,5.3
10/05/2023,SOFR,5.32
10/04/2023,EFFR,5.33
10/04/2023,OBFR,5.32
10/04/2023,TGCR,5.3
10/04/2023,BGCR,5.3
10/04/2023,SOFR,5.32
10/03/2023,EFFR,5.33
10/03/2023,OBFR,5.32
10/03/2023,TGCR,5.3
10/03/2023,BGCR,5.3
10/03/2023,SOFR,5.33
10/02/2023,EFFR,5.33
10/02/2023,OBFR,5.32
10/02/2023,TGCR,5.3
10/02/2023,BGCR,5.3
10/02/2023,SOFR,5.32
09/29/2023,EFFR,5.33
09/29/2023,OBFR,5.32
09/29/2023,TGCR,5.3
09/29/2023,BGCR,5.3
09/29/2023,SOFR,5.31
09/28/2023,EFFR,5.33
09/28/2023,OBFR,5.32
09/28/2023,TGCR,5.3
09/28/2023,BGCR,5.3
09/28/2023,SOFR,5.31
09/27/2023,EFFR,5.33
09/27/2023,OBFR,5.32
09/27/2023,TGCR,5.3
09/27/2023,BGCR,5.3
09/27/2023,SOFR,5.32
09/26/2023,EFFR,5.33
09/26/2023,OBFR,5.32
09/26/2023,TGCR,5.3
09/26/2023,BGCR,5.3
09/26/2023,SOFR,5.31
09/25/2023,EFFR,5.33
09/25/2023,OBFR,5.32
09/25/2023,TGCR,5.3
09/25/2023,BGCR,5.3
09/25/2023,SOFR,5.31
09/22/2023,EFFR,5.33
09/22/2023,OBFR,5.32
09/22/2023,TGCR,5.3
09/22/2023,BGCR,5.3
09/22/2023,SOFR,5.3
09/21/2023,EFFR,5.33
09/21/2023,OBFR,5.32
09/21/2023,TGCR,5.3
09/21/2023,BGCR,5.3
09/21/2023,SOFR,5.3
09/20/2023,EFFR,5.33
09/20/2023,OBFR,5.32
09/20/2023,TGCR,5.3
09/20/2023,BGCR,5.3
09/20/2023,SOFR,5.3
09/19/2023,EFFR,5.33
09/19/2023,OBFR,5.32
09/19/2023,TGCR,5.3
09/19/2023,BGCR,5.3
09/19/2023,SOFR,5.31
09/18/2023,EFFR,5.33
09/18/2023,OBFR,5.32
09/18/2023,TGCR,5.3
09/18/2023,BGCR,5.3
09/18/2023,SOFR,5.31
09/15/2023,EFFR,5.33
09/15/2023,OBFR,5.32
09/15/2023,TGCR,5.3
09/15/2023,BGCR,5.3
09/15/2023,SOFR,5.31
09/14/2023,EFFR,5.33
09/14/2023,OBFR,5.31
09/14/2023,TGCR,5.3
09/14/2023,BGCR,5.3
09/14/2023,SOFR,5.3
09/13/2023,EFFR,5.33
09/13/2023,OBFR,5.32
09/13/2023,TGCR,5.3
09/13/2023,BGCR,5.3
09/13/2023,SOFR,5.3
09/12/2023,EFFR,5.33
09/12/2023,OBFR,5.32
09/12/2023,TGCR,5.3
09/12/2023,BGCR,5.3
09/12/2023,SOFR,5.3
09/11/2023,EFFR,5.33
09/11/2023,OBFR,5.32
09/11/2023,TGCR,5.3
09/11/2023,BGCR,5.3
09/11/2023,SOFR,5.3
09/08/2023,EFFR,5.33
09/08/2023,OBFR,5.32
09/08/2023,TGCR,5.3
09/08/2023,BGCR,5.3
09/08/2023,SOFR,5.3
09/07/2023,EFFR,5.33
09/07/2023,OBFR,5.31
09/07/2023,TGCR,5.3
09/07/2023,BGCR,5.3
09/07/2023,SOFR,5.31
09/06/2023,EFFR,5.33
09/06/2023,OBFR,5.32
09/06/2023,TGCR,5.29
09/06/2023,BGCR,5.3
09/06/2023,SOFR,5.3
09/05/2023,EFFR,5.33
09/05/2023,OBFR,5.32
09/05/2023,TGCR,5.29
09/05/2023,BGCR,5.29
09/05/2023,SOFR,5.31
09/01/2023,EFFR,5.33
09/01/2023,OBFR,5.32
09/01/2023,TGCR,5.3
09/01/2023,BGCR,5.3
09/01/2023,SOFR,5.31
08/31/2023,EFFR,5.33
08/31/2023,OBFR,5.32
08/31/2023,TGCR,5.3
08/31/2023,BGCR,5.3
08/31/2023,SOFR,5.31
08/30/2023,EFFR,5.33
08/30/2023,OBFR,5.31
08/30/2023,TGCR,5.28
08/30/2023,BGCR,5.29
08/30/2023,SOFR,5.3
08/29/2023,EFFR,5.33
08/29/2023,OBFR,5.32
08/29/2023,TGCR,5.28
08/29/2023,BGCR,5.29
08/29/2023,SOFR,5.3
08/28/2023,EFFR,5.33
08/28/2023,OBFR,5.31
08/28/2023,TGCR,5.28
08/28/2023,BGCR,5.29
08/28/2023,SOFR,5.3
08/25/2023,EFFR,5.33
08/25/2023,OBFR,5.31
08/25/2023,TGCR,5.28
08/25/2023,BGCR,5.28
08/25/2023,SOFR,5.3
08/24/2023,EFFR,5.33
08/24/2023,OBFR,5.31
08/24/2023,TGCR,5.28
08/24/2023,BGCR,5.28
08/24/2023,SOFR,5.3
08/23/2023,EFFR,5.33
08/23/2023,OBFR,5.32
08/23/2023,TGCR,5.27
08/23/2023,BGCR,5.27
08/23/2023,SOFR,5.3
08/22/2023,EFFR,5.33
08/22/2023,OBFR,5.31
08/22/2023,TGCR,5.27
08/22/2023,BGCR,5.27
08/22/2023,SOFR,5.3
08/21/2023,EFFR,5.33
08/21/2023,OBFR,5.31
08/21/2023,TGCR,5.27
08/21/2023,BGCR,5.27
08/21/2023,SOFR,5.3
08/18/2023,EFFR,5.33
08/18/2023,OBFR,5.32
08/18/2023,TGCR,5.27
08/18/2023,BGCR,5.27
08/18/2023,SOFR,5.3
08/17/2023,EFFR,5.33
08/17/2023,OBFR,5.32
08/17/2023,TGCR,5.27
08/17/2023,BGCR,5.28
08/17/2023,SOFR,5.3
08/16/2023,EFFR,5.33
08/16/2023,OBFR,5.32
08/16/2023,TGCR,5.28
08/16/2023,BGCR,5.28
08/16/2023,SOFR,5.3
08/15/2023,EFFR,5.33
08/15/2023,OBFR,5.32
08/15/2023,TGCR,5.28
08/15/2023,BGCR,5.29
08/15/2023,SOFR,5.3
08/14/2023,EFFR,5.33
08/14/2023,OBFR,5.32
08/14/2023,TGCR,5.28
08/14/2023,BGCR,5.28
08/14/2023,SOFR,5.3
08/11/2023,EFFR,5.33
08/11/2023,OBFR,5.31
08/11/2023,TGCR,5.28
08/11/2023,BGCR,5.28
08/11/2023,SOFR,5.3
08/10/2023,EFFR,5.33
08/10/2023,OBFR,5.32
08/10/2023,TGCR,5.28
08/10/2023,BGCR,5.28
08/10/2023,SOFR,5.3
08/09/2023,EFFR,5.33
08/09/2023,OBFR,5.31
08/09/2023,TGCR,5.27
08/09/2023,BGCR,5.27
08/09/2023,SOFR,5.3
08/08/2023,EFFR,5.33
08/08/2023,OBFR,5.32
08/08/2023,TGCR,5.27
08/08/2023,BGCR,5.28
08/08/2023,SOFR,5.3
08/07/2023,EFFR,5.33
08/07/2023,OBFR,5.32
08/07/2023,TGCR,5.28
08/07/2023,BGCR,5.28
08/07/2023,SOFR,5.3
08/04/2023,EFFR,5.33
08/04/2023,OBFR,5.32
08/04/2023,TGCR,5.28
08/04/2023,BGCR,5.28
08/04/2023,SOFR,5.3
08/03/2023,EFFR,5.33
08/03/2023,OBFR,5.32
08/03/2023,TGCR,5.28
08/03/2023,BGCR,5.28
08/03/2023,SOFR,5.3
08/02/2023,EFFR,5.33
08/02/2023,OBFR,5.32
08/02/2023,TGCR,5.28
08/02/2023,BGCR,5.28
08/02/2023,SOFR,5.3
08/01/2023,EFFR,5.33
08/01/2023,OBFR,5.32
08/01/2023,TGCR,5.28
08/01/2023,BGCR,5.28
08/01/2023,SOFR,5.31
07/31/2023,EFFR,5.33
07/31/2023,OBFR,5.32
07/31/2023,TGCR,5.28
07/31/2023,BGCR,5.29
07/31/2023,SOFR,5.31
07/28/2023,EFFR,5.33
07/28/2023,OBFR,5.32
07/28/2023,TGCR,5.28
07/28/2023,BGCR,5.28
07/28/2023,SOFR,5.3
07/27/2023,EFFR,5.33
07/27/2023,OBFR,5.32
07/27/2023,TGCR,5.28
07/27/2023,BGCR,5.28
07/27/2023,SOFR,5.31
07/26/2023,EFFR,5.08
07/26/2023,OBFR,5.07
07/26/2023,TGCR,5.04
07/26/2023,BGCR,5.04
07/26/2023,SOFR,5.06
07/25/2023,EFFR,5.08
07/25/2023,OBFR,5.06
07/25/2023,TGCR,5.03
07/25/2023,BGCR,5.03
07/25/2023,SOFR,5.06
07/24/2023,EFFR,5.08
07/24/2023,OBFR,5.07
07/24/2023,TGCR,5.03
07/24/2023,BGCR,5.03
07/24/2023,SOFR,5.05
07/21/2023,EFFR,5.08
07/21/2023,OBFR,5.07
07/21/2023,TGCR,5.03
07/21/2023,BGCR,5.03
07/21/2023,SOFR,5.05
07/20/2023,EFFR,5.08
07/20/2023,OBFR,5.07
07/20/2023,TGCR,5.03
07/20/2023,BGCR,5.03
07/20/2023,SOFR,5.06
07/19/2023,EFFR,5.08
07/19/2023,OBFR,5.07
07/19/2023,TGCR,5.03
07/19/2023,BGCR,5.03
07/19/2023,SOFR,5.05
07/18/2023,EFFR,5.08
07/18/2023,OBFR,5.07
07/18/2023,TGCR,5.03
07/18/2023,BGCR,5.04
07/18/2023,SOFR,5.06
07/17/2023,EFFR,5.08
07/17/2023,OBFR,5.07
07/17/2023,TGCR,5.03
07/17/2023,BGCR,5.03
07/17/2023,SOFR,5.06
07/14/2023,EFFR,5.08
07/14/2023,OBFR,5.07
07/14/2023,TGCR,5.03
07/14/2023,BGCR,5.03
07/14/2023,SOFR,5.05
07/13/2023,EFFR,5.08
07/13/2023,OBFR,5.07
07/13/2023,TGCR,5.04
07/13/2023,BGCR,5.04
07/13/2023,SOFR,5.06
07/12/2023,EFFR,5.08
07/12/2023,OBFR,5.07
07/12/2023,TGCR,5.03
07/12/2023,BGCR,5.04
07/12/2023,SOFR,5.05
07/11/2023,EFFR,5.08
07/11/2023,OBFR,5.06
07/11/2023,TGCR,5.04
07/11/2023,BGCR,5.04
07/11/2023,SOFR,5.06
07/10/2023,EFFR,5.07
07/10/2023,OBFR,5.07
07/10/2023,TGCR,5.04
07/10/2023,BGCR,5.04
07/10/2023,SOFR,5.06
07/07/2023,EFFR,5.08
07/07/2023,OBFR,5.07
07/07/2023,TGCR,5.04
07/07/2023,BGCR,5.04
07/07/2023,SOFR,5.06
07/06/2023,EFFR,5.08
07/06/2023,OBFR,5.07
07/06/2023,TGCR,5.04
07/06/2023,BGCR,5.04
07/06/2023,SOFR,5.06
07/05/2023,EFFR,5.08
07/05/2023,OBFR,5.07
07/05/2023,TGCR,5.05
07/05/2023,BGCR,5.05
07/05/2023,SOFR,5.06
07/03/2023,EFFR,5.08
07/03/2023,OBFR,5.07
07/03/2023,TGCR,5.05
07/03/2023,BGCR,5.05
07/03/2023,SOFR,5.06
06/30/2023,EFFR,5.08
06/30/2023,OBFR,5.07
06/30/2023,TGCR,5.05
06/30/2023,BGCR,5.05
06/30/2023,SOFR,5.09
06/29/2023,EFFR,5.07
06/29/2023,OBFR,5.07
06/29/2023,TGCR,5.05
06/29/2023,BGCR,5.05
06/29/2023,SOFR,5.06
06/28/2023,EFFR,5.07
06/28/2023,OBFR,5.06
06/28/2023,TGCR,5.04
06/28/2023,BGCR,5.04
06/28/2023,SOFR,5.06
06/27/2023,EFFR,5.07
06/27/2023,OBFR,5.06
06/27/2023,TGCR,5.04
06/27/2023,BGCR,5.04
06/27/2023,SOFR,5.05
06/26/2023,EFFR,5.07
06/26/2023,OBFR,5.06
06/26/2023,TGCR,5.03
06/26/2023,BGCR,5.03
06/26/2023,SOFR,5.05
06/23/2023,EFFR,5.07
06/23/2023,OBFR,5.06
06/23/2023,TGCR,5.03
06/23/2023,BGCR,5.03
06/23/2023,SOFR,5.05
06/22/2023,EFFR,5.07
06/22/2023,OBFR,5.06
06/22/2023,TGCR,5.03
06/22/2023,BGCR,5.03
06/22/2023,SOFR,5.05
06/21/2023,EFFR,5.07
06/21/2023,OBFR,5.06
06/21/2023,TGCR,5.03
06/21/2023,BGCR,5.03
06/21/2023,SOFR,5.05
06/20/2023,EFFR,5.07
06/20/2023,OBFR,5.06
06/20/2023,TGCR,5.03
06/20/2023,BGCR,5.03
06/20/2023,SOFR,5.05
06/16/2023,EFFR,5.08
06/16/2023,OBFR,5.06
06/16/2023,TGCR,5.03
06/16/2023,BGCR,5.04
06/16/2023,SOFR,5.05
06/15/2023,EFFR,5.07
06/15/2023,OBFR,5.06
06/15/2023,TGCR,5.04
06/15/2023,BGCR,5.04
06/15/2023,SOFR,5.06
06/14/2023,EFFR,5.08
06/14/2023,OBFR,5.06
06/14/2023,TGCR,5.03
06/14/2023,BGCR,5.03
06/14/2023,SOFR,5.05
06/13/2023,EFFR,5.08
06/13/2023,OBFR,5.06
06/13/2023,TGCR,5.03
06/13/2023,BGCR,5.03
06/13/2023,SOFR,5.05
06/12/2023,EFFR,5.08
06/12/2023,OBFR,5.06
06/12/2023,TGCR,5.02
06/12/2023,BGCR,5.03
06/12/2023,SOFR,5.05
06/09/2023,EFFR,5.08
06/09/2023,OBFR,5.06
06/09/2023,TGCR,5.02
06/09/2023,BGCR,5.03
06/09/2023,SOFR,5.05
06/08/2023,EFFR,5.08
06/08/2023,OBFR,5.07
06/08/2023,TGCR,5.03
06/08/2023,BGCR,5.03
06/08/2023,SOFR,5.05
06/07/2023,EFFR,5.08
06/07/2023,OBFR,5.07
06/07/2023,TGCR,5.03
06/07/2023,BGCR,5.04
06/07/2023,SOFR,5.05
06/06/2023,EFFR,5.08
06/06/2023,OBFR,5.07
06/06/2023,TGCR,5.03
06/06/2023,BGCR,5.03
06/06/2023,SOFR,5.05
06/05/2023,EFFR,5.08
06/05/2023,OBFR,5.07
06/05/2023,TGCR,5.05
06/05/2023,BGCR,5.05
06/05/2023,SOFR,5.06
06/02/2023,EFFR,5.08
06/02/2023,OBFR,5.06
06/02/2023,TGCR,5.05
06/02/2023,BGCR,5.05
06/02/2023,SOFR,5.07
06/01/2023,EFFR,5.08
06/01/2023,OBFR,5.06
06/01/2023,TGCR,5.05
06/01/2023,BGCR,5.05
06/01/2023,SOFR,5.08
05/31/2023,EFFR,5.08
05/31/2023,OBFR,5.07
05/31/2023,TGCR,5.05
05/31/2023,BGCR,5.05
05/31/2023,SOFR,5.08
05/30/2023,EFFR,5.08
05/30/2023,OBFR,5.06
05/30/2023,TGCR,5.04
05/30/2023,BGCR,5.05
05/30/2023,SOFR,5.06
05/26/2023,EFFR,5.08
05/26/2023,OBFR,5.07
05/26/2023,TGCR,5.05
05/26/2023,BGCR,5.05
05/26/2023,SOFR,5.06
05/25/2023,EFFR,5.08
05/25/2023,OBFR,5.07
05/25/2023,TGCR,5.05
05/25/2023,BGCR,5.05
05/25/2023,SOFR,5.06
05/24/2023,EFFR,5.08
05/24/2023,OBFR,5.07
05/24/2023,TGCR,5.03
05/24/2023,BGCR,5.03
05/24/2023,SOFR,5.05
05/23/2023,EFFR,5.08
05/23/2023,OBFR,5.07
05/23/2023,TGCR,5.02
05/23/2023,BGCR,5.02
05/23/2023,SOFR,5.05
05/22/2023,EFFR,5.08
05/22/2023,OBFR,5.06
05/22/2023,TGCR,5.02
05/22/2023,BGCR,5.02
05/22/2023,SOFR,5.05
05/19/2023,EFFR,5.08
05/19/2023,OBFR,5.07
05/19/2023,TGCR,5.02
05/19/2023,BGCR,5.02
05/19/2023,SOFR,5.05
05/18/2023,EFFR,5.08
05/18/2023,OBFR,5.07
05/18/2023,TGCR,5.02
05/18/2023,BGCR,5.02
05/18/2023,SOFR,5.05
05/17/2023,EFFR,5.08
05/17/2023,OBFR,5.07
05/17/2023,TGCR,5.02
05/17/2023,BGCR,5.02
05/17/2023,SOFR,5.05
05/16/2023,EFFR,5.08
05/16/2023,OBFR,5.07
05/16/2023,TGCR,5.02
05/16/2023,BGCR,5.02
05/16/2023,SOFR,5.05
05/15/2023,EFFR,5.08
05/15/2023,OBFR,5.07
05/15/2023,TGCR,5.02
05/15/2023,BGCR,5.02
05/15/2023,SOFR,5.06
05/12/2023,EFFR,5.08
05/12/2023,OBFR,5.07
05/12/2023,TGCR,5.02
05/12/2023,BGCR,5.02
05/12/2023,SOFR,5.05
05/11/2023,EFFR,5.08
05/11/2023,OBFR,5.07
05/11/2023,TGCR,5.02
05/11/2023,BGCR,5.02
05/11/2023,SOFR,5.05
05/10/2023,EFFR,5.08
05/10/2023,OBFR,5.07
05/10/2023,TGCR,5.02
05/10/2023,BGCR,5.02
05/10/2023,SOFR,5.06
05/09/2023,EFFR,5.08
05/09/2023,OBFR,5.07
05/09/2023,TGCR,5.03
05/09/2023,BGCR,5.03
05/09/2023,SOFR,5.06
05/08/2023,EFFR,5.08
05/08/2023,OBFR,5.06
05/08/2023,TGCR,5.03
05/08/2023,BGCR,5.03
05/08/2023,SOFR,5.06
05/05/2023,EFFR,5.08
05/05/2023,OBFR,5.06
05/05/2023,TGCR,5.03
05/05/2023,BGCR,5.03
05/05/2023,SOFR,5.06
05/04/2023,EFFR,5.08
05/04/2023,OBFR,5.06
05/04/2023,TGCR,5.03
05/04/2023,BGCR,5.03
05/04/2023,SOFR,5.06
05/03/2023,EFFR,4.83
05/03/2023,OBFR,4.82
05/03/2023,TGCR,4.79
05/03/2023,BGCR,4.79
05/03/2023,SOFR,4.81
05/02/2023,EFFR,4.83
05/02/2023,OBFR,4.82
05/02/2023,TGCR,4.78
05/02/2023,BGCR,4.78
05/02/2023,SOFR,4.81
05/01/2023,EFFR,4.83
05/01/2023,OBFR,4.81
05/01/2023,TGCR,4.78
05/01/2023,BGCR,4.78
05/01/2023,SOFR,4.81
04/28/2023,EFFR,4.83
04/28/2023,OBFR,4.81
04/28/2023,TGCR,4.79
04/28/2023,BGCR,4.79
04/28/2023,SOFR,4.81
04/27/2023,EFFR,4.83
04/27/2023,OBFR,4.81
04/27/2023,TGCR,4.78
04/27/2023,BGCR,4.78
04/27/2023,SOFR,4.81
04/26/2023,EFFR,4.83
04/26/2023,OBFR,4.82
04/26/2023,TGCR,4.77
04/26/2023,BGCR,4.77
04/26/2023,SOFR,4.8
04/25/2023,EFFR,4.83
04/25/2023,OBFR,4.82
04/25/2023,TGCR,4.77
04/25/2023,BGCR,4.77
04/25/2023,SOFR,4.8
04/24/2023,EFFR,4.83
04/24/2023,OBFR,4.81
04/24/2023,TGCR,4.77
04/24/2023,BGCR,4.77
04/24/2023,SOFR,4.8
04/21/2023,EFFR,4.83
04/21/2023,OBFR,4.81
04/21/2023,TGCR,4.76
04/21/2023,BGCR,4.76
04/21/2023,SOFR,4.8
04/20/2023,EFFR,4.83
04/20/2023,OBFR,4.82
04/20/2023,TGCR,4.76
04/20/2023,BGCR,4.76
04/20/2023,SOFR,4.8
04/19/2023,EFFR,4.83
04/19/2023,OBFR,4.82
04/19/2023,TGCR,4.76
04/19/2023,BGCR,4.76
04/19/2023,SOFR,4.8
04/18/2023,EFFR,4.83
04/18/2023,OBFR,4.82
04/18/2023,TGCR,4.77
04/18/2023,BGCR,4.77
04/18/2023,SOFR,4.8
04/17/2023,EFFR,4.83
04/17/2023,OBFR,4.82
04/17/2023,TGCR,4.77
04/17/2023,BGCR,4.77
04/17/2023,SOFR,4.8
04/14/2023,EFFR,4.83
04/14/2023,OBFR,4.82
04/14/2023,TGCR,4.77
04/14/2023,BGCR,4.77
04/14/2023,SOFR,4.8
04/13/2023,EFFR,4.83
04/13/2023,OBFR,4.82
04/13/2023,TGCR,4.77
04/13/2023,BGCR,4.77
04/13/2023,SOFR,4.8
04/12/2023,EFFR,4.83
04/12/2023,OBFR,4.82
04/12/2023,TGCR,4.77
04/12/2023,BGCR,4.77
04/12/2023,SOFR,4.8
04/11/2023,EFFR,4.83
04/11/2023,OBFR,4.82
04/11/2023,TGCR,4.78
04/11/2023,BGCR,4.78
04/11/2023,SOFR,4.8
04/10/2023,EFFR,4.83
04/10/2023,OBFR,4.82
04/10/2023,TGCR,4.78
04/10/2023,BGCR,4.78
04/10/2023,SOFR,4.81
04/07/2023,EFFR,4.83
04/07/2023,OBFR,4.83
04/06/2023,EFFR,4.83
04/06/2023,OBFR,4.83
04/06/2023,TGCR,4.79
04/06/2023,BGCR,4.79
04/06/2023,SOFR,4.81
04/05/2023,EFFR,4.83
04/05/2023,OBFR,4.82
04/05/2023,TGCR,4.79
04/05/2023,BGCR,4.79
04/05/2023,SOFR,4.81
04/04/2023,EFFR,4.83
04/04/2023,OBFR,4.82
04/04/2023,TGCR,4.8
04/04/2023,BGCR,4.8
04/04/2023,SOFR,4.83
04/03/2023,EFFR,4.83
04/03/2023,OBFR,4.82
04/03/2023,TGCR,4.8
04/03/2023,BGCR,4.8
04/03/2023,SOFR,4.84
03/31/2023,EFFR,4.83
03/31/2023,OBFR,4.82
03/31/2023,TGCR,4.8
03/31/2023,BGCR,4.8
03/31/2023,SOFR,4.87
03/30/2023,EFFR,4.83
03/30/2023,OBFR,4.82
03/30/2023,TGCR,4.79
03/30/2023,BGCR,4.79
03/30/2023,SOFR,4.82
03/29/2023,EFFR,4.83
03/29/2023,OBFR,4.82
03/29/2023,TGCR,4.79
03/29/2023,BGCR,4.79
03/29/2023,SOFR,4.83
03/28/2023,EFFR,4.83
03/28/2023,OBFR,4.82
03/28/2023,TGCR,4.8
03/28/2023,BGCR,4.8
03/28/2023,SOFR,4.84
03/27/2023,EFFR,4.83
03/27/2023,OBFR,4.82
03/27/2023,TGCR,4.79
03/27/2023,BGCR,4.79
03/27/2023,SOFR,4.81
03/24/2023,EFFR,4.83
03/24/2023,OBFR,4.82
03/24/2023,TGCR,4.78
03/24/2023,BGCR,4.78
03/24/2023,SOFR,4.8
03/23/2023,EFFR,4.83
03/23/2023,OBFR,4.82
03/23/2023,TGCR,4.77
03/23/2023,BGCR,4.77
03/23/2023,SOFR,4.8
03/22/2023,EFFR,4.58
03/22/2023,OBFR,4.57
03/22/2023,TGCR,4.52
03/22/2023,BGCR,4.52
03/22/2023,SOFR,4.55
03/21/2023,EFFR,4.58
03/21/2023,OBFR,4.57
03/21/2023,TGCR,4.52
03/21/2023,BGCR,4.52
03/21/2023,SOFR,4.55
03/20/2023,EFFR,4.58
03/20/2023,OBFR,4.57
03/20/2023,TGCR,4.52
03/20/2023,BGCR,4.52
03/20/2023,SOFR,4.55
03/17/2023,EFFR,4.58
03/17/2023,OBFR,4.57
03/17/2023,TGCR,4.53
03/17/2023,BGCR,4.53
03/17/2023,SOFR,4.55
03/16/2023,EFFR,4.58
03/16/2023,OBFR,4.57
03/16/2023,TGCR,4.55
03/16/2023,BGCR,4.55
03/16/2023,SOFR,4.57
03/15/2023,EFFR,4.58
03/15/2023,OBFR,4.57
03/15/2023,TGCR,4.55
03/15/2023,BGCR,4.55
03/15/2023,SOFR,4.58
03/14/2023,EFFR,4.58
03/14/2023,OBFR,4.57
03/14/2023,TGCR,4.53
03/14/2023,BGCR,4.53
03/14/2023,SOFR,4.55
03/13/2023,EFFR,4.58
03/13/2023,OBFR,4.56
03/13/2023,TGCR,4.52
03/13/2023,BGCR,4.52
03/13/2023,SOFR,4.55
03/10/2023,EFFR,4.57
03/10/2023,OBFR,4.56
03/10/2023,TGCR,4.51
03/10/2023,BGCR,4.51
03/10/2023,SOFR,4.55
03/09/2023,EFFR,4.57
03/09/2023,OBFR,4.57
03/09/2023,TGCR,4.51
03/09/2023,BGCR,4.51
03/09/2023,SOFR,4.55
03/08/2023,EFFR,4.57
03/08/2023,OBFR,4.56
03/08/2023,TGCR,4.51
03/08/2023,BGCR,4.51
03/08/2023,SOFR,4.55
03/07/2023,EFFR,4.57
03/07/2023,OBFR,4.57
03/07/2023,TGCR,4.51
03/07/2023,BGCR,4.51
03/07/2023,SOFR,4.55
03/06/2023,EFFR,4.57
03/06/2023,OBFR,4.57
03/06/2023,TGCR,4.51
03/06/2023,BGCR,4.51
03/06/2023,SOFR,4.55
03/03/2023,EFFR,4.57
03/03/2023,OBFR,4.57
03/03/2023,TGCR,4.51
03/03/2023,BGCR,4.51
03/03/2023,SOFR,4.55
03/02/2023,EFFR,4.57
03/02/2023,OBFR,4.57
03/02/2023,TGCR,4.52
03/02/2023,BGCR,4.52
03/02/2023,SOFR,4.55
03/01/2023,EFFR,4.58
03/01/2023,OBFR,4.57
03/01/2023,TGCR,4.52
03/01/2023,BGCR,4.52
03/01/2023,SOFR,4.55
02/28/2023,EFFR,4.57
02/28/2023,OBFR,4.57
02/28/2023,TGCR,4.52
02/28/2023,BGCR,4.52
02/28/2023,SOFR,4.55
02/27/2023,EFFR,4.57
02/27/2023,OBFR,4.57
02/27/2023,TGCR,4.51
02/27/2023,BGCR,4.51
02/27/2023,SOFR,4.55
02/24/2023,EFFR,4.58
02/24/2023,OBFR,4.57
02/24/2023,TGCR,4.51
02/24/2023,BGCR,4.51
02/24/2023,SOFR,4.55
02/23/2023,EFFR,4.58
02/23/2023,OBFR,4.57
02/23/2023,TGCR,4.51
02/23/2023,BGCR,4.51
02/23/2023,SOFR,4.55
02/22/2023,EFFR,4.58
02/22/2023,OBFR,4.57
02/22/2023,TGCR,4.52
02/22/2023,BGCR,4.52
02/22/2023,SOFR,4.55
02/21/2023,EFFR,4.58
02/21/2023,OBFR,4.57
02/21/2023,TGCR,4.52
02/21/2023,BGCR,4.52
02/21/2023,SOFR,4.55
02/17/2023,EFFR,4.58
02/17/2023,OBFR,4.57
02/17/2023,TGCR,4.52
02/17/2023,BGCR,4.52
02/17/2023,SOFR,4.55
02/16/2023,EFFR,4.58
02/16/2023,OBFR,4.57
02/16/2023,TGCR,4.53
02/16/2023,BGCR,4.53
02/16/2023,SOFR,4.55
02/15/2023,EFFR,4.58
02/15/2023,OBFR,4.57
02/15/2023,TGCR,4.53
02/15/2023,BGCR,4.53
02/15/2023,SOFR,4.55
02/14/2023,EFFR,4.58
02/14/2023,OBFR,4.57
02/14/2023,TGCR,4.52
02/14/2023,BGCR,4.52
02/14/2023,SOFR,4.55
02/13/2023,EFFR,4.58
02/13/2023,OBFR,4.57
02/13/2023,TGCR,4.52
02/13/2023,BGCR,4.52
02/13/2023,SOFR,4.55
02/10/2023,EFFR,4.58
02/10/2023,OBFR,4.57
02/10/2023,TGCR,4.52
02/10/2023,BGCR,4.52
02/10/2023,SOFR,4.55
02/09/2023,EFFR,4.57
02/09/2023,OBFR,4.57
02/09/2023,TGCR,4.52
02/09/2023,BGCR,4.52
02/09/2023,SOFR,4.55
02/08/2023,EFFR,4.58
02/08/2023,OBFR,4.57
02/08/2023,TGCR,4.52
02/08/2023,BGCR,4.52
02/08/2023,SOFR,4.55
02/07/2023,EFFR,4.58
02/07/2023,OBFR,4.57
02/07/2023,TGCR,4.52
02/07/2023,BGCR,4.52
02/07/2023,SOFR,4.55
02/06/2023,EFFR,4.58
02/06/2023,OBFR,4.57
02/06/2023,TGCR,4.52
02/06/2023,BGCR,4.52
02/06/2023,SOFR,4.55
02/03/2023,EFFR,4.58
02/03/2023,OBFR,4.57
02/03/2023,TGCR,4.52
02/03/2023,BGCR,4.52
02/03/2023,SOFR,4.55
02/02/2023,EFFR,4.58
02/02/2023,OBFR,4.57
02/02/2023,TGCR,4.52
02/02/2023,BGCR,4.52
02/02/2023,SOFR,4.56
02/01/2023,EFFR,4.33
02/01/2023,OBFR,4.32
02/01/2023,TGCR,4.27
02/01/2023,BGCR,4.27
02/01/2023,SOFR,4.31
01/31/2023,EFFR,4.33
01/31/2023,OBFR,4.32
01/31/2023,TGCR,4.28
01/31/2023,BGCR,4.28
01/31/2023,SOFR,4.31
01/30/2023,EFFR,4.33
01/30/2023,OBFR,4.32
01/30/2023,TGCR,4.27
01/30/2023,BGCR,4.27
01/30/2023,SOFR,4.3
01/27/2023,EFFR,4.33
01/27/2023,OBFR,4.32
01/27/2023,TGCR,4.27
01/27/2023,BGCR,4.27
01/27/2023,SOFR,4.3
01/26/2023,EFFR,4.33
01/26/2023,OBFR,4.32
01/26/2023,TGCR,4.27
01/26/2023,BGCR,4.27
01/26/2023,SOFR,4.3
01/25/2023,EFFR,4.33
01/25/2023,OBFR,4.32
01/25/2023,TGCR,4.27
01/25/2023,BGCR,4.27
01/25/2023,SOFR,4.31
01/24/2023,EFFR,4.33
01/24/2023,OBFR,4.32
01/24/2023,TGCR,4.27
01/24/2023,BGCR,4.27
01/24/2023,SOFR,4.3
01/23/2023,EFFR,4.33
01/23/2023,OBFR,4.32
01/23/2023,TGCR,4.26
01/23/2023,BGCR,4.26
01/23/2023,SOFR,4.3
01/20/2023,EFFR,4.33
01/20/2023,OBFR,4.32
01/20/2023,TGCR,4.26
01/20/2023,BGCR,4.26
01/20/2023,SOFR,4.3
01/19/2023,EFFR,4.33
01/19/2023,OBFR,4.32
01/19/2023,TGCR,4.27
01/19/2023,BGCR,4.27
01/19/2023,SOFR,4.31
01/18/2023,EFFR,4.33
01/18/2023,OBFR,4.32
01/18/2023,TGCR,4.27
01/18/2023,BGCR,4.27
01/18/2023,SOFR,4.3
01/17/2023,EFFR,4.33
01/17/2023,OBFR,4.32
01/17/2023,TGCR,4.28
01/17/2023,BGCR,4.28
01/17/2023,SOFR,4.31
01/13/2023,EFFR,4.33
01/13/2023,OBFR,4.32
01/13/2023,TGCR,4.27
01/13/2023,BGCR,4.27
01/13/2023,SOFR,4.3
01/12/2023,EFFR,4.33
01/12/2023,OBFR,4.32
01/12/2023,TGCR,4.27
01/12/2023,BGCR,4.27
01/12/2023,SOFR,4.3
01/11/2023,EFFR,4.33
01/11/2023,OBFR,4.32
01/11/2023,TGCR,4.27
01/11/2023,BGCR,4.27
01/11/2023,SOFR,4.3
01/10/2023,EFFR,4.33
01/10/2023,OBFR,4.32
01/10/2023,TGCR,4.27
01/10/2023,BGCR,4.27
01/10/2023,SOFR,4.31
01/09/2023,EFFR,4.33
01/09/2023,OBFR,4.32
01/09/2023,TGCR,4.27
01/09/2023,BGCR,4.27
01/09/2023,SOFR,4.31
01/06/2023,EFFR,4.33
01/06/2023,OBFR,4.32
01/06/2023,TGCR,4.27
01/06/2023,BGCR,4.27
01/06/2023,SOFR,4.31
01/05/2023,EFFR,4.33
01/05/2023,OBFR,4.32
01/05/2023,TGCR,4.27
01/05/2023,BGCR,4.27
01/05/2023,SOFR,4.31
01/04/2023,EFFR,4.33
01/04/2023,OBFR,4.32
01/04/2023,TGCR,4.27
01/04/2023,BGCR,4.27
01/04/2023,SOFR,4.3
01/03/2023,EFFR,4.33
01/03/2023,OBFR,4.32
01/03/2023,TGCR,4.26
01/03/2023,BGCR,4.27
01/03/2023,SOFR,4.31
12/30/2022,EFFR,4.33
12/30/2022,OBFR,4.33
12/30/2022,TGCR,4.26
12/30/2022,BGCR,4.26
12/30/2022,SOFR,4.3
12/29/2022,EFFR,4.33
12/29/2022,OBFR,4.32
12/29/2022,TGCR,4.26
12/29/2022,BGCR,4.26
12/29/2022,SOFR,4.3
12/28/2022,EFFR,4.33
12/28/2022,OBFR,4.32
12/28/2022,TGCR,4.26
12/28/2022,BGCR,4.26
12/28/2022,SOFR,4.3
12/27/2022,EFFR,4.33
12/27/2022,OBFR,4.32
12/27/2022,TGCR,4.26
12/27/2022,BGCR,4.27
12/27/2022,SOFR,4.3
12/23/2022,EFFR,4.33
12/23/2022,OBFR,4.32
12/23/2022,TGCR,4.26
12/23/2022,BGCR,4.26
12/23/2022,SOFR,4.3
12/22/2022,EFFR,4.33
12/22/2022,OBFR,4.32
12/22/2022,TGCR,4.26
12/22/2022,BGCR,4.26
12/22/2022,SOFR,4.3
12/21/2022,EFFR,4.33
12/21/2022,OBFR,4.32
12/21/2022,TGCR,4.26
12/21/2022,BGCR,4.26
12/21/2022,SOFR,4.3
12/20/2022,EFFR,4.33
12/20/2022,OBFR,4.32
12/20/2022,TGCR,4.26
12/20/2022,BGCR,4.26
12/20/2022,SOFR,4.3
12/19/2022,EFFR,4.33
12/19/2022,OBFR,4.32
12/19/2022,TGCR,4.27
12/19/2022,BGCR,4.27
12/19/2022,SOFR,4.3
12/16/2022,EFFR,4.33
12/16/2022,OBFR,4.32
12/16/2022,TGCR,4.28
12/16/2022,BGCR,4.28
12/16/2022,SOFR,4.32
12/15/2022,EFFR,4.33
12/15/2022,OBFR,4.32
12/15/2022,TGCR,4.27
12/15/2022,BGCR,4.27
12/15/2022,SOFR,4.32
12/14/2022,EFFR,3.83
12/14/2022,OBFR,3.82
12/14/2022,TGCR,3.76
12/14/2022,BGCR,3.76
12/14/2022,SOFR,3.8
12/13/2022,EFFR,3.83
12/13/2022,OBFR,3.82
12/13/2022,TGCR,3.76
12/13/2022,BGCR,3.76
12/13/2022,SOFR,3.8
12/12/2022,EFFR,3.83
12/12/2022,OBFR,3.82
12/12/2022,TGCR,3.76
12/12/2022,BGCR,3.76
12/12/2022,SOFR,3.8
12/09/2022,EFFR,3.83
12/09/2022,OBFR,3.82
12/09/2022,TGCR,3.76
12/09/2022,BGCR,3.76
12/09/2022,SOFR,3.8
12/08/2022,EFFR,3.83
12/08/2022,OBFR,3.82
12/08/2022,TGCR,3.76
12/08/2022,BGCR,3.76
12/08/2022,SOFR,3.8
12/07/2022,EFFR,3.83
12/07/2022,OBFR,3.82
12/07/2022,TGCR,3.76
12/07/2022,BGCR,3.76
12/07/2022,SOFR,3.8
12/06/2022,EFFR,3.83
12/06/2022,OBFR,3.82
12/06/2022,TGCR,3.77
12/06/2022,BGCR,3.77
12/06/2022,SOFR,3.8
12/05/2022,EFFR,3.83
12/05/2022,OBFR,3.82
12/05/2022,TGCR,3.78
12/05/2022,BGCR,3.78
12/05/2022,SOFR,3.81
12/02/2022,EFFR,3.83
12/02/2022,OBFR,3.82
12/02/2022,TGCR,3.78
12/02/2022,BGCR,3.78
12/02/2022,SOFR,3.81
12/01/2022,EFFR,3.83
12/01/2022,OBFR,3.82
12/01/2022,TGCR,3.78
12/01/2022,BGCR,3.78
12/01/2022,SOFR,3.82
11/30/2022,EFFR,3.83
11/30/2022,OBFR,3.82
11/30/2022,TGCR,3.79
11/30/2022,BGCR,3.79
11/30/2022,SOFR,3.82
11/29/2022,EFFR,3.83
11/29/2022,OBFR,3.82
11/29/2022,TGCR,3.77
11/29/2022,BGCR,3.77
11/29/2022,SOFR,3.81
11/28/2022,EFFR,3.83
11/28/2022,OBFR,3.82
11/28/2022,TGCR,3.77
11/28/2022,BGCR,3.77
11/28/2022,SOFR,3.8
11/25/2022,EFFR,3.83
11/25/2022,OBFR,3.82
11/25/2022,TGCR,3.76
11/25/2022,BGCR,3.76
11/25/2022,SOFR,3.8
11/23/2022,EFFR,3.83
11/23/2022,OBFR,3.82
11/23/2022,TGCR,3.76
11/23/2022,BGCR,3.76
11/23/2022,SOFR,3.79
11/22/2022,EFFR,3.83
11/22/2022,OBFR,3.82
11/22/2022,TGCR,3.76
11/22/2022,BGCR,3.76
11/22/2022,SOFR,3.8
11/21/2022,EFFR,3.83
11/21/2022,OBFR,3.82
11/21/2022,TGCR,3.76
11/21/2022,BGCR,3.76
11/21/2022,SOFR,3.8
11/18/2022,EFFR,3.83
11/18/2022,OBFR,3.82
11/18/2022,TGCR,3.76
11/18/2022,BGCR,3.76
11/18/2022,SOFR,3.8
11/17/2022,EFFR,3.83
11/17/2022,OBFR,3.82
11/17/2022,TGCR,3.77
11/17/2022,BGCR,3.77
11/17/2022,SOFR,3.8
11/16/2022,EFFR,3.83
11/16/2022,OBFR,3.82
11/16/2022,TGCR,3.77
11/16/2022,BGCR,3.77
11/16/2022,SOFR,3.81
11/15/2022,EFFR,3.83
11/15/2022,OBFR,3.82
11/15/2022,TGCR,3.77
11/15/2022,BGCR,3.77
11/15/2022,SOFR,3.8
11/14/2022,EFFR,3.83
11/14/2022,OBFR,3.82
11/14/2022,TGCR,3.75
11/14/2022,BGCR,3.75
11/14/2022,SOFR,3.79
11/10/2022,EFFR,3.83
11/10/2022,OBFR,3.82
11/10/2022,TGCR,3.75
11/10/2022,BGCR,3.75
11/10/2022,SOFR,3.78
11/09/2022,EFFR,3.83
11/09/2022,OBFR,3.82
11/09/2022,TGCR,3.75
11/09/2022,BGCR,3.75
11/09/2022,SOFR,3.78
11/08/2022,EFFR,3.83
11/08/2022,OBFR,3.82
11/08/2022,TGCR,3.75
11/08/2022,BGCR,3.75
11/08/2022,SOFR,3.78
11/07/2022,EFFR,3.83
11/07/2022,OBFR,3.82
11/07/2022,TGCR,3.75
11/07/2022,BGCR,3.75
11/07/2022,SOFR,3.78
11/04/2022,EFFR,3.83
11/04/2022,OBFR,3.82
11/04/2022,TGCR,3.75
11/04/2022,BGCR,3.76
11/04/2022,SOFR,3.8
11/03/2022,EFFR,3.83
11/03/2022,OBFR,3.82
11/03/2022,TGCR,3.75
11/03/2022,BGCR,3.76
11/03/2022,SOFR,3.8
11/02/2022,EFFR,3.08
11/02/2022,OBFR,3.07
11/02/2022,TGCR,3
11/02/2022,BGCR,3
11/02/2022,SOFR,3.05
11/01/2022,EFFR,3.08
11/01/2022,OBFR,3.07
11/01/2022,TGCR,3
11/01/2022,BGCR,3.01
11/01/2022,SOFR,3.05
10/31/2022,EFFR,3.08
10/31/2022,OBFR,3.06
10/31/2022,TGCR,3
10/31/2022,BGCR,3
10/31/2022,SOFR,3.05
10/28/2022,EFFR,3.08
10/28/2022,OBFR,3.07
10/28/2022,TGCR,3
10/28/2022,BGCR,3
10/28/2022,SOFR,3.05
10/27/2022,EFFR,3.08
10/27/2022,OBFR,3.07
10/27/2022,TGCR,3
10/27/2022,BGCR,3
10/27/2022,SOFR,3.04
10/26/2022,EFFR,3.08
10/26/2022,OBFR,3.07
10/26/2022,TGCR,3
10/26/2022,BGCR,3
10/26/2022,SOFR,3.03
10/25/2022,EFFR,3.08
10/25/2022,OBFR,3.07
10/25/2022,TGCR,3
10/25/2022,BGCR,3
10/25/2022,SOFR,3.02
10/24/2022,EFFR,3.08
10/24/2022,OBFR,3.07
10/24/2022,TGCR,3
10/24/2022,BGCR,3
10/24/2022,SOFR,3.01
10/21/2022,EFFR,3.08
10/21/2022,OBFR,3.07
10/21/2022,TGCR,3
10/21/2022,BGCR,3
10/21/2022,SOFR,3.02
10/20/2022,EFFR,3.08
10/20/2022,OBFR,3.07
10/20/2022,TGCR,3
10/20/2022,BGCR,3
10/20/2022,SOFR,3.03
10/19/2022,EFFR,3.08
10/19/2022,OBFR,3.07
10/19/2022,TGCR,3
10/19/2022,BGCR,3
10/19/2022,SOFR,3.04
10/18/2022,EFFR,3.08
10/18/2022,OBFR,3.07
10/18/2022,TGCR,3
10/18/2022,BGCR,3
10/18/2022,SOFR,3.04
10/17/2022,EFFR,3.08
10/17/2022,OBFR,3.07
10/17/2022,TGCR,3
10/17/2022,BGCR,3
10/17/2022,SOFR,3.05
10/14/2022,EFFR,3.08
10/14/2022,OBFR,3.07
10/14/2022,TGCR,3
10/14/2022,BGCR,3
10/14/2022,SOFR,3.04
10/13/2022,EFFR,3.08
10/13/2022,OBFR,3.07
10/13/2022,TGCR,3
10/13/2022,BGCR,3
10/13/2022,SOFR,3.04
10/12/2022,EFFR,3.08
10/12/2022,OBFR,3.07
10/12/2022,TGCR,3
10/12/2022,BGCR,3
10/12/2022,SOFR,3.04
10/11/2022,EFFR,3.08
10/11/2022,OBFR,3.07
10/11/2022,TGCR,3
10/11/2022,BGCR,3
10/11/2022,SOFR,3.05
10/07/2022,EFFR,3.08
10/07/2022,OBFR,3.07
10/07/2022,TGCR,3
10/07/2022,BGCR,3
10/07/2022,SOFR,3.05
10/06/2022,EFFR,3.08
10/06/2022,OBFR,3.07
10/06/2022,TGCR,3
10/06/2022,BGCR,3
10/06/2022,SOFR,3.05
10/05/2022,EFFR,3.08
10/05/2022,OBFR,3.07
10/05/2022,TGCR,3
10/05/2022,BGCR,3
10/05/2022,SOFR,3.04
10/04/2022,EFFR,3.08
10/04/2022,OBFR,3.07
10/04/2022,TGCR,3
10/04/2022,BGCR,3
10/04/2022,SOFR,3.04
10/03/2022,EFFR,3.08
10/03/2022,OBFR,3.07
10/03/2022,TGCR,2.98
10/03/2022,BGCR,2.99
10/03/2022,SOFR,3
09/30/2022,EFFR,3.08
09/30/2022,OBFR,3.07
09/30/2022,TGCR,2.97
09/30/2022,BGCR,2.97
09/30/2022,SOFR,2.98
09/29/2022,EFFR,3.08
09/29/2022,OBFR,3.07
09/29/2022,TGCR,2.97
09/29/2022,BGCR,2.97
09/29/2022,SOFR,2.96
09/28/2022,EFFR,3.08
09/28/2022,OBFR,3.07
09/28/2022,TGCR,2.98
09/28/2022,BGCR,2.98
09/28/2022,SOFR,2.98
09/27/2022,EFFR,3.08
09/27/2022,OBFR,3.07
09/27/2022,TGCR,2.98
09/27/2022,BGCR,2.98
09/27/2022,SOFR,2.98
09/26/2022,EFFR,3.08
09/26/2022,OBFR,3.07
09/26/2022,TGCR,2.98
09/26/2022,BGCR,2.99
09/26/2022,SOFR,2.99
09/23/2022,EFFR,3.08
09/23/2022,OBFR,3.07
09/23/2022,TGCR,2.98
09/23/2022,BGCR,2.99
09/23/2022,SOFR,2.99
09/22/2022,EFFR,3.08
09/22/2022,OBFR,3.07
09/22/2022,TGCR,2.99
09/22/2022,BGCR,2.99
09/22/2022,SOFR,2.99
09/21/2022,EFFR,2.33
09/21/2022,OBFR,2.32
09/21/2022,TGCR,2.25
09/21/2022,BGCR,2.25
09/21/2022,SOFR,2.25
09/20/2022,EFFR,2.33
09/20/2022,OBFR,2.32
09/20/2022,TGCR,2.25
09/20/2022,BGCR,2.25
09/20/2022,SOFR,2.26
09/19/2022,EFFR,2.33
09/19/2022,OBFR,2.32
09/19/2022,TGCR,2.26
09/19/2022,BGCR,2.26
09/19/2022,SOFR,2.27
09/16/2022,EFFR,2.33
09/16/2022,OBFR,2.32
09/16/2022,TGCR,2.26
09/16/2022,BGCR,2.26
09/16/2022,SOFR,2.27
09/15/2022,EFFR,2.33
09/15/2022,OBFR,2.32
09/15/2022,TGCR,2.26
09/15/2022,BGCR,2.26
09/15/2022,SOFR,2.28
09/14/2022,EFFR,2.33
09/14/2022,OBFR,2.32
09/14/2022,TGCR,2.26
09/14/2022,BGCR,2.26
09/14/2022,SOFR,2.27
09/13/2022,EFFR,2.33
09/13/2022,OBFR,2.32
09/13/2022,TGCR,2.26
09/13/2022,BGCR,2.26
09/13/2022,SOFR,2.28
09/12/2022,EFFR,2.33
09/12/2022,OBFR,2.32
09/12/2022,TGCR,2.26
09/12/2022,BGCR,2.26
09/12/2022,SOFR,2.28
09/09/2022,EFFR,2.33
09/09/2022,OBFR,2.32
09/09/2022,TGCR,2.26
09/09/2022,BGCR,2.26
09/09/2022,SOFR,2.28
09/08/2022,EFFR,2.33
09/08/2022,OBFR,2.32
09/08/2022,TGCR,2.26
09/08/2022,BGCR,2.26
09/08/2022,SOFR,2.28
09/07/2022,EFFR,2.33
09/07/2022,OBFR,2.32
09/07/2022,TGCR,2.26
09/07/2022,BGCR,2.26
09/07/2022,SOFR,2.28
09/06/2022,EFFR,2.33
09/06/2022,OBFR,2.32
09/06/2022,TGCR,2.26
09/06/2022,BGCR,2.26
09/06/2022,SOFR,2.29
09/02/2022,EFFR,2.33
09/02/2022,OBFR,2.32
09/02/2022,TGCR,2.26
09/02/2022,BGCR,2.26
09/02/2022,SOFR,2.29
09/01/2022,EFFR,2.33
09/01/2022,OBFR,2.32
09/01/2022,TGCR,2.26
09/01/2022,BGCR,2.26
09/01/2022,SOFR,2.29
08/31/2022,EFFR,2.33
08/31/2022,OBFR,2.31
08/31/2022,TGCR,2.26
08/31/2022,BGCR,2.26
08/31/2022,SOFR,2.29
08/30/2022,EFFR,2.33
08/30/2022,OBFR,2.32
08/30/2022,TGCR,2.26
08/30/2022,BGCR,2.26
08/30/2022,SOFR,2.29
08/29/2022,EFFR,2.33
08/29/2022,OBFR,2.32
08/29/2022,TGCR,2.26
08/29/2022,BGCR,2.26
08/29/2022,SOFR,2.28
08/26/2022,EFFR,2.33
08/26/2022,OBFR,2.32
08/26/2022,TGCR,2.26
08/26/2022,BGCR,2.26
08/26/2022,SOFR,2.28
08/25/2022,EFFR,2.33
08/25/2022,OBFR,2.32
08/25/2022,TGCR,2.26
08/25/2022,BGCR,2.26
08/25/2022,SOFR,2.28
08/24/2022,EFFR,2.33
08/24/2022,OBFR,2.32
08/24/2022,TGCR,2.26
08/24/2022,BGCR,2.26
08/24/2022,SOFR,2.27
08/23/2022,EFFR,2.33
08/23/2022,OBFR,2.32
08/23/2022,TGCR,2.26
08/23/2022,BGCR,2.26
08/23/2022,SOFR,2.27
08/22/2022,EFFR,2.33
08/22/2022,OBFR,2.32
08/22/2022,TGCR,2.26
08/22/2022,BGCR,2.26
08/22/2022,SOFR,2.28
08/19/2022,EFFR,2.33
08/19/2022,OBFR,2.32
08/19/2022,TGCR,2.26
08/19/2022,BGCR,2.26
08/19/2022,SOFR,2.28
08/18/2022,EFFR,2.33
08/18/2022,OBFR,2.32
08/18/2022,TGCR,2.26
08/18/2022,BGCR,2.26
08/18/2022,SOFR,2.28
08/17/2022,EFFR,2.33
08/17/2022,OBFR,2.32
08/17/2022,TGCR,2.26
08/17/2022,BGCR,2.26
08/17/2022,SOFR,2.29
08/16/2022,EFFR,2.33
08/16/2022,OBFR,2.32
08/16/2022,TGCR,2.26
08/16/2022,BGCR,2.26
08/16/2022,SOFR,2.29
08/15/2022,EFFR,2.33
08/15/2022,OBFR,2.32
08/15/2022,TGCR,2.26
08/15/2022,BGCR,2.26
08/15/2022,SOFR,2.29
08/12/2022,EFFR,2.33
08/12/2022,OBFR,2.32
08/12/2022,TGCR,2.26
08/12/2022,BGCR,2.26
08/12/2022,SOFR,2.28
08/11/2022,EFFR,2.33
08/11/2022,OBFR,2.32
08/11/2022,TGCR,2.26
08/11/2022,BGCR,2.26
08/11/2022,SOFR,2.28
08/10/2022,EFFR,2.33
08/10/2022,OBFR,2.32
08/10/2022,TGCR,2.26
08/10/2022,BGCR,2.26
08/10/2022,SOFR,2.28
08/09/2022,EFFR,2.33
08/09/2022,OBFR,2.32
08/09/2022,TGCR,2.26
08/09/2022,BGCR,2.26
08/09/2022,SOFR,2.29
08/08/2022,EFFR,2.33
08/08/2022,OBFR,2.32
08/08/2022,TGCR,2.26
08/08/2022,BGCR,2.26
08/08/2022,SOFR,2.28
08/05/2022,EFFR,2.33
08/05/2022,OBFR,2.32
08/05/2022,TGCR,2.26
08/05/2022,BGCR,2.26
08/05/2022,SOFR,2.28
08/04/2022,EFFR,2.33
08/04/2022,OBFR,2.32
08/04/2022,TGCR,2.27
08/04/2022,BGCR,2.27
08/04/2022,SOFR,2.29
08/03/2022,EFFR,2.33
08/03/2022,OBFR,2.32
08/03/2022,TGCR,2.27
08/03/2022,BGCR,2.27
08/03/2022,SOFR,2.29
08/02/2022,EFFR,2.33
08/02/2022,OBFR,2.32
08/02/2022,TGCR,2.26
08/02/2022,BGCR,2.27
08/02/2022,SOFR,2.3
08/01/2022,EFFR,2.33
08/01/2022,OBFR,2.32
08/01/2022,TGCR,2.25
08/01/2022,BGCR,2.25
08/01/2022,SOFR,2.28
07/29/2022,EFFR,2.32
07/29/2022,OBFR,2.31
07/29/2022,TGCR,2.25
07/29/2022,BGCR,2.25
07/29/2022,SOFR,2.27
07/28/2022,EFFR,2.33
07/28/2022,OBFR,2.32
07/28/2022,TGCR,2.25
07/28/2022,BGCR,2.25
07/28/2022,SOFR,2.28
07/27/2022,EFFR,1.58
07/27/2022,OBFR,1.57
07/27/2022,TGCR,1.51
07/27/2022,BGCR,1.51
07/27/2022,SOFR,1.53
07/26/2022,EFFR,1.58
07/26/2022,OBFR,1.57
07/26/2022,TGCR,1.5
07/26/2022,BGCR,1.51
07/26/2022,SOFR,1.53
07/25/2022,EFFR,1.58
07/25/2022,OBFR,1.57
07/25/2022,TGCR,1.5
07/25/2022,BGCR,1.51
07/25/2022,SOFR,1.53
07/22/2022,EFFR,1.58
07/22/2022,OBFR,1.57
07/22/2022,TGCR,1.5
07/22/2022,BGCR,1.5
07/22/2022,SOFR,1.52
07/21/2022,EFFR,1.58
07/21/2022,OBFR,1.57
07/21/2022,TGCR,1.5
07/21/2022,BGCR,1.51
07/21/2022,SOFR,1.53
07/20/2022,EFFR,1.58
07/20/2022,OBFR,1.57
07/20/2022,TGCR,1.51
07/20/2022,BGCR,1.51
07/20/2022,SOFR,1.53
07/19/2022,EFFR,1.58
07/19/2022,OBFR,1.57
07/19/2022,TGCR,1.51
07/19/2022,BGCR,1.51
07/19/2022,SOFR,1.54
07/18/2022,EFFR,1.58
07/18/2022,OBFR,1.57
07/18/2022,TGCR,1.51
07/18/2022,BGCR,1.51
07/18/2022,SOFR,1.54
07/15/2022,EFFR,1.58
07/15/2022,OBFR,1.57
07/15/2022,TGCR,1.51
07/15/2022,BGCR,1.51
07/15/2022,SOFR,1.54
07/14/2022,EFFR,1.58
07/14/2022,OBFR,1.57
07/14/2022,TGCR,1.51
07/14/2022,BGCR,1.51
07/14/2022,SOFR,1.53
07/13/2022,EFFR,1.58
07/13/2022,OBFR,1.57
07/13/2022,TGCR,1.51
07/13/2022,BGCR,1.51
07/13/2022,SOFR,1.53
07/12/2022,EFFR,1.58
07/12/2022,OBFR,1.57
07/12/2022,TGCR,1.51
07/12/2022,BGCR,1.51
07/12/2022,SOFR,1.54
07/11/2022,EFFR,1.58
07/11/2022,OBFR,1.57
07/11/2022,TGCR,1.51
07/11/2022,BGCR,1.51
07/11/2022,SOFR,1.53
07/08/2022,EFFR,1.58
07/08/2022,OBFR,1.57
07/08/2022,TGCR,1.51
07/08/2022,BGCR,1.51
07/08/2022,SOFR,1.53
07/07/2022,EFFR,1.58
07/07/2022,OBFR,1.57
07/07/2022,TGCR,1.51
07/07/2022,BGCR,1.51
07/07/2022,SOFR,1.54
07/06/2022,EFFR,1.58
07/06/2022,OBFR,1.57
07/06/2022,TGCR,1.51
07/06/2022,BGCR,1.51
07/06/2022,SOFR,1.54
07/05/2022,EFFR,1.58
07/05/2022,OBFR,1.57
07/05/2022,TGCR,1.5
07/05/2022,BGCR,1.51
07/05/2022,SOFR,1.54
07/01/2022,EFFR,1.58
07/01/2022,OBFR,1.57
07/01/2022,TGCR,1.5
07/01/2022,BGCR,1.5
07/01/2022,SOFR,1.52
06/30/2022,EFFR,1.58
06/30/2022,OBFR,1.57
06/30/2022,TGCR,1.48
06/30/2022,BGCR,1.48
06/30/2022,SOFR,1.5
06/29/2022,EFFR,1.58
06/29/2022,OBFR,1.57
06/29/2022,TGCR,1.51
06/29/2022,BGCR,1.51
06/29/2022,SOFR,1.51
06/28/2022,EFFR,1.58
06/28/2022,OBFR,1.57
06/28/2022,TGCR,1.51
06/28/2022,BGCR,1.51
06/28/2022,SOFR,1.52
06/27/2022,EFFR,1.58
06/27/2022,OBFR,1.57
06/27/2022,TGCR,1.49
06/27/2022,BGCR,1.49
06/27/2022,SOFR,1.5
06/24/2022,EFFR,1.58
06/24/2022,OBFR,1.57
06/24/2022,TGCR,1.46
06/24/2022,BGCR,1.46
06/24/2022,SOFR,1.46
06/23/2022,EFFR,1.58
06/23/2022,OBFR,1.57
06/23/2022,TGCR,1.45
06/23/2022,BGCR,1.46
06/23/2022,SOFR,1.44
06/22/2022,EFFR,1.58
06/22/2022,OBFR,1.57
06/22/2022,TGCR,1.46
06/22/2022,BGCR,1.46
06/22/2022,SOFR,1.45
06/21/2022,EFFR,1.58
06/21/2022,OBFR,1.57
06/21/2022,TGCR,1.46
06/21/2022,BGCR,1.46
06/21/2022,SOFR,1.45
06/17/2022,EFFR,1.58
06/17/2022,OBFR,1.57
06/17/2022,TGCR,1.46
06/17/2022,BGCR,1.46
06/17/2022,SOFR,1.45
06/16/2022,EFFR,1.58
06/16/2022,OBFR,1.57
06/16/2022,TGCR,1.46
06/16/2022,BGCR,1.46
06/16/2022,SOFR,1.45
06/15/2022,EFFR,0.83
06/15/2022,OBFR,0.82
06/15/2022,TGCR,0.73
06/15/2022,BGCR,0.72
06/15/2022,SOFR,0.7
06/14/2022,EFFR,0.83
06/14/2022,OBFR,0.82
06/14/2022,TGCR,0.73
06/14/2022,BGCR,0.72
06/14/2022,SOFR,0.69
06/13/2022,EFFR,0.83
06/13/2022,OBFR,0.82
06/13/2022,TGCR,0.76
06/13/2022,BGCR,0.75
06/13/2022,SOFR,0.73
06/10/2022,EFFR,0.83
06/10/2022,OBFR,0.82
06/10/2022,TGCR,0.77
06/10/2022,BGCR,0.76
06/10/2022,SOFR,0.75
06/09/2022,EFFR,0.83
06/09/2022,OBFR,0.82
06/09/2022,TGCR,0.77
06/09/2022,BGCR,0.77
06/09/2022,SOFR,0.75
06/08/2022,EFFR,0.83
06/08/2022,OBFR,0.82
06/08/2022,TGCR,0.78
06/08/2022,BGCR,0.78
06/08/2022,SOFR,0.76
06/07/2022,EFFR,0.83
06/07/2022,OBFR,0.82
06/07/2022,TGCR,0.79
06/07/2022,BGCR,0.78
06/07/2022,SOFR,0.77
06/06/2022,EFFR,0.83
06/06/2022,OBFR,0.82
06/06/2022,TGCR,0.78
06/06/2022,BGCR,0.78
06/06/2022,SOFR,0.78
06/03/2022,EFFR,0.83
06/03/2022,OBFR,0.82
06/03/2022,TGCR,0.79
06/03/2022,BGCR,0.79
06/03/2022,SOFR,0.78
06/02/2022,EFFR,0.83
06/02/2022,OBFR,0.82
06/02/2022,TGCR,0.79
06/02/2022,BGCR,0.79
06/02/2022,SOFR,0.79
06/01/2022,EFFR,0.83
06/01/2022,OBFR,0.82
06/01/2022,TGCR,0.8
06/01/2022,BGCR,0.8
06/01/2022,SOFR,0.8
05/31/2022,EFFR,0.83
05/31/2022,OBFR,0.82
05/31/2022,TGCR,0.79
05/31/2022,BGCR,0.8
05/31/2022,SOFR,0.79
05/27/2022,EFFR,0.83
05/27/2022,OBFR,0.82
05/27/2022,TGCR,0.79
05/27/2022,BGCR,0.79
05/27/2022,SOFR,0.78
05/26/2022,EFFR,0.83
05/26/2022,OBFR,0.82
05/26/2022,TGCR,0.79
05/26/2022,BGCR,0.79
05/26/2022,SOFR,0.78
05/25/2022,EFFR,0.83
05/25/2022,OBFR,0.82
05/25/2022,TGCR,0.79
05/25/2022,BGCR,0.79
05/25/2022,SOFR,0.78
05/24/2022,EFFR,0.83
05/24/2022,OBFR,0.82
05/24/2022,TGCR,0.79
05/24/2022,BGCR,0.79
05/24/2022,SOFR,0.78
05/23/2022,EFFR,0.83
05/23/2022,OBFR,0.82
05/23/2022,TGCR,0.79
05/23/2022,BGCR,0.79
05/23/2022,SOFR,0.78
05/20/2022,EFFR,0.83
05/20/2022,OBFR,0.82
05/20/2022,TGCR,0.79
05/20/2022,BGCR,0.79
05/20/2022,SOFR,0.78
05/19/2022,EFFR,0.83
05/19/2022,OBFR,0.82
05/19/2022,TGCR,0.8
05/19/2022,BGCR,0.79
05/19/2022,SOFR,0.79
05/18/2022,EFFR,0.83
05/18/2022,OBFR,0.82
05/18/2022,TGCR,0.8
05/18/2022,BGCR,0.8
05/18/2022,SOFR,0.79
05/17/2022,EFFR,0.83
05/17/2022,OBFR,0.82
05/17/2022,TGCR,0.8
05/17/2022,BGCR,0.8
05/17/2022,SOFR,0.8
05/16/2022,EFFR,0.83
05/16/2022,OBFR,0.82
05/16/2022,TGCR,0.8
05/16/2022,BGCR,0.8
05/16/2022,SOFR,0.8
05/13/2022,EFFR,0.83
05/13/2022,OBFR,0.82
05/13/2022,TGCR,0.8
05/13/2022,BGCR,0.8
05/13/2022,SOFR,0.79
05/12/2022,EFFR,0.83
05/12/2022,OBFR,0.82
05/12/2022,TGCR,0.8
05/12/2022,BGCR,0.8
05/12/2022,SOFR,0.79
05/11/2022,EFFR,0.83
05/11/2022,OBFR,0.82
05/11/2022,TGCR,0.8
05/11/2022,BGCR,0.8
05/11/2022,SOFR,0.78
05/10/2022,EFFR,0.83
05/10/2022,OBFR,0.82
05/10/2022,TGCR,0.8
05/10/2022,BGCR,0.8
05/10/2022,SOFR,0.78
05/09/2022,EFFR,0.83
05/09/2022,OBFR,0.82
05/09/2022,TGCR,0.8
05/09/2022,BGCR,0.8
05/09/2022,SOFR,0.78
05/06/2022,EFFR,0.83
05/06/2022,OBFR,0.82
05/06/2022,TGCR,0.8
05/06/2022,BGCR,0.8
05/06/2022,SOFR,0.78
05/05/2022,EFFR,0.83
05/05/2022,OBFR,0.82
05/05/2022,TGCR,0.8
05/05/2022,BGCR,0.8
05/05/2022,SOFR,0.79
05/04/2022,EFFR,0.33
05/04/2022,OBFR,0.32
05/04/2022,TGCR,0.3
05/04/2022,BGCR,0.3
05/04/2022,SOFR,0.3
05/03/2022,EFFR,0.33
05/03/2022,OBFR,0.32
05/03/2022,TGCR,0.3
05/03/2022,BGCR,0.3
05/03/2022,SOFR,0.3
05/02/2022,EFFR,0.33
05/02/2022,OBFR,0.32
05/02/2022,TGCR,0.3
05/02/2022,BGCR,0.3
05/02/2022,SOFR,0.3
04/29/2022,EFFR,0.33
04/29/2022,OBFR,0.32
04/29/2022,TGCR,0.3
04/29/2022,BGCR,0.3
04/29/2022,SOFR,0.28
04/28/2022,EFFR,0.33
04/28/2022,OBFR,0.32
04/28/2022,TGCR,0.3
04/28/2022,BGCR,0.3
04/28/2022,SOFR,0.28
04/27/2022,EFFR,0.33
04/27/2022,OBFR,0.32
04/27/2022,TGCR,0.3
04/27/2022,BGCR,0.3
04/27/2022,SOFR,0.28
04/26/2022,EFFR,0.33
04/26/2022,OBFR,0.32
04/26/2022,TGCR,0.3
04/26/2022,BGCR,0.3
04/26/2022,SOFR,0.27
04/25/2022,EFFR,0.33
04/25/2022,OBFR,0.32
04/25/2022,TGCR,0.3
04/25/2022,BGCR,0.3
04/25/2022,SOFR,0.27
04/22/2022,EFFR,0.33
04/22/2022,OBFR,0.32
04/22/2022,TGCR,0.3
04/22/2022,BGCR,0.3
04/22/2022,SOFR,0.27
04/21/2022,EFFR,0.33
04/21/2022,OBFR,0.32
04/21/2022,TGCR,0.3
04/21/2022,BGCR,0.3
04/21/2022,SOFR,0.26
04/20/2022,EFFR,0.33
04/20/2022,OBFR,0.32
04/20/2022,TGCR,0.3
04/20/2022,BGCR,0.3
04/20/2022,SOFR,0.27
04/19/2022,EFFR,0.33
04/19/2022,OBFR,0.32
04/19/2022,TGCR,0.3
04/19/2022,BGCR,0.3
04/19/2022,SOFR,0.28
04/18/2022,EFFR,0.33
04/18/2022,OBFR,0.32
04/18/2022,TGCR,0.3
04/18/2022,BGCR,0.3
04/18/2022,SOFR,0.29
04/15/2022,EFFR,0.33
04/15/2022,OBFR,0.33
04/14/2022,EFFR,0.33
04/14/2022,OBFR,0.33
04/14/2022,TGCR,0.3
04/14/2022,BGCR,0.3
04/14/2022,SOFR,0.29
04/13/2022,EFFR,0.33
04/13/2022,OBFR,0.32
04/13/2022,TGCR,0.3
04/13/2022,BGCR,0.3
04/13/2022,SOFR,0.29
04/12/2022,EFFR,0.33
04/12/2022,OBFR,0.32
04/12/2022,TGCR,0.3
04/12/2022,BGCR,0.3
04/12/2022,SOFR,0.29
04/11/2022,EFFR,0.33
04/11/2022,OBFR,0.32
04/11/2022,TGCR,0.3
04/11/2022,BGCR,0.3
04/11/2022,SOFR,0.3
04/08/2022,EFFR,0.33
04/08/2022,OBFR,0.32
04/08/2022,TGCR,0.3
04/08/2022,BGCR,0.3
04/08/2022,SOFR,0.3
04/07/2022,EFFR,0.33
04/07/2022,OBFR,0.32
04/07/2022,TGCR,0.3
04/07/2022,BGCR,0.3
04/07/2022,SOFR,0.3
04/06/2022,EFFR,0.33
04/06/2022,OBFR,0.32
04/06/2022,TGCR,0.3
04/06/2022,BGCR,0.3
04/06/2022,SOFR,0.3
04/05/2022,EFFR,0.33
04/05/2022,OBFR,0.32
04/05/2022,TGCR,0.3
04/05/2022,BGCR,0.3
04/05/2022,SOFR,0.3
04/04/2022,EFFR,0.33
04/04/2022,OBFR,0.32
04/04/2022,TGCR,0.3
04/04/2022,BGCR,0.3
04/04/2022,SOFR,0.3
04/01/2022,EFFR,0.33
04/01/2022,OBFR,0.32
04/01/2022,TGCR,0.3
04/01/2022,BGCR,0.3
04/01/2022,SOFR,0.3
03/31/2022,EFFR,0.33
03/31/2022,OBFR,0.32
03/31/2022,TGCR,0.3
03/31/2022,BGCR,0.3
03/31/2022,SOFR,0.29
03/30/2022,EFFR,0.33
03/30/2022,OBFR,0.32
03/30/2022,TGCR,0.3
03/30/2022,BGCR,0.3
03/30/2022,SOFR,0.27
03/29/2022,EFFR,0.33
03/29/2022,OBFR,0.32
03/29/2022,TGCR,0.3
03/29/2022,BGCR,0.3
03/29/2022,SOFR,0.28
03/28/2022,EFFR,0.33
03/28/2022,OBFR,0.32
03/28/2022,TGCR,0.3
03/28/2022,BGCR,0.3
03/28/2022,SOFR,0.28
03/25/2022,EFFR,0.33
03/25/2022,OBFR,0.32
03/25/2022,TGCR,0.3
03/25/2022,BGCR,0.3
03/25/2022,SOFR,0.28
03/24/2022,EFFR,0.33
03/24/2022,OBFR,0.32
03/24/2022,TGCR,0.3
03/24/2022,BGCR,0.3
03/24/2022,SOFR,0.27
03/23/2022,EFFR,0.33
03/23/2022,OBFR,0.32
03/23/2022,TGCR,0.3
03/23/2022,BGCR,0.3
03/23/2022,SOFR,0.27
03/22/2022,EFFR,0.33
03/22/2022,OBFR,0.32
03/22/2022,TGCR,0.3
03/22/2022,BGCR,0.3
03/22/2022,SOFR,0.28
03/21/2022,EFFR,0.33
03/21/2022,OBFR,0.32
03/21/2022,TGCR,0.3
03/21/2022,BGCR,0.3
03/21/2022,SOFR,0.29
03/18/2022,EFFR,0.33
03/18/2022,OBFR,0.32
03/18/2022,TGCR,0.3
03/18/2022,BGCR,0.3
03/18/2022,SOFR,0.3
03/17/2022,EFFR,0.33
03/17/2022,OBFR,0.32
03/17/2022,TGCR,0.3
03/17/2022,BGCR,0.3
03/17/2022,SOFR,0.3
03/16/2022,EFFR,0.08
03/16/2022,OBFR,0.07
03/16/2022,TGCR,0.05
03/16/2022,BGCR,0.05
03/16/2022,SOFR,0.05
03/15/2022,EFFR,0.08
03/15/2022,OBFR,0.07
03/15/2022,TGCR,0.05
03/15/2022,BGCR,0.05
03/15/2022,SOFR,0.05
03/14/2022,EFFR,0.08
03/14/2022,OBFR,0.07
03/14/2022,TGCR,0.05
03/14/2022,BGCR,0.05
03/14/2022,SOFR,0.05
03/11/2022,EFFR,0.08
03/11/2022,OBFR,0.07
03/11/2022,TGCR,0.05
03/11/2022,BGCR,0.05
03/11/2022,SOFR,0.05
03/10/2022,EFFR,0.08
03/10/2022,OBFR,0.07
03/10/2022,TGCR,0.05
03/10/2022,BGCR,0.05
03/10/2022,SOFR,0.05
03/09/2022,EFFR,0.08
03/09/2022,OBFR,0.07
03/09/2022,TGCR,0.05
03/09/2022,BGCR,0.05
03/09/2022,SOFR,0.05
03/08/2022,EFFR,0.08
03/08/2022,OBFR,0.07
03/08/2022,TGCR,0.05
03/08/2022,BGCR,0.05
03/08/2022,SOFR,0.05
03/07/2022,EFFR,0.08
03/07/2022,OBFR,0.07
03/07/2022,TGCR,0.05
03/07/2022,BGCR,0.05
03/07/2022,SOFR,0.05
03/04/2022,EFFR,0.08
03/04/2022,OBFR,0.07
03/04/2022,TGCR,0.05
03/04/2022,BGCR,0.05
03/04/2022,SOFR,0.05
03/03/2022,EFFR,0.08
03/03/2022,OBFR,0.07
03/03/2022,TGCR,0.05
03/03/2022,BGCR,0.05
03/03/2022,SOFR,0.05
03/02/2022,EFFR,0.08
03/02/2022,OBFR,0.07
03/02/2022,TGCR,0.05
03/02/2022,BGCR,0.05
03/02/2022,SOFR,0.05
03/01/2022,EFFR,0.08
03/01/2022,OBFR,0.07
03/01/2022,TGCR,0.05
03/01/2022,BGCR,0.05
03/01/2022,SOFR,0.05
02/28/2022,EFFR,0.08
02/28/2022,OBFR,0.07
02/28/2022,TGCR,0.05
02/28/2022,BGCR,0.05
02/28/2022,SOFR,0.05
02/25/2022,EFFR,0.08
02/25/2022,OBFR,0.07
02/25/2022,TGCR,0.05
02/25/2022,BGCR,0.05
02/25/2022,SOFR,0.05
02/24/2022,EFFR,0.08
02/24/2022,OBFR,0.07
02/24/2022,TGCR,0.05
02/24/2022,BGCR,0.05
02/24/2022,SOFR,0.05
02/23/2022,EFFR,0.08
02/23/2022,OBFR,0.07
02/23/2022,TGCR,0.05
02/23/2022,BGCR,0.05
02/23/2022,SOFR,0.05
02/22/2022,EFFR,0.08
02/22/2022,OBFR,0.07
02/22/2022,TGCR,0.05
02/22/2022,BGCR,0.05
02/22/2022,SOFR,0.05
02/18/2022,EFFR,0.08
02/18/2022,OBFR,0.07
02/18/2022,TGCR,0.05
02/18/2022,BGCR,0.05
02/18/2022,SOFR,0.05
02/17/2022,EFFR,0.08
02/17/2022,OBFR,0.07
02/17/2022,TGCR,0.05
02/17/2022,BGCR,0.05
02/17/2022,SOFR,0.05
02/16/2022,EFFR,0.08
02/16/2022,OBFR,0.07
02/16/2022,TGCR,0.05
02/16/2022,BGCR,0.05
02/16/2022,SOFR,0.05
02/15/2022,EFFR,0.08
02/15/2022,OBFR,0.07
02/15/2022,TGCR,0.05
02/15/2022,BGCR,0.05
02/15/2022,SOFR,0.05
02/14/2022,EFFR,0.08
02/14/2022,OBFR,0.07
02/14/2022,TGCR,0.05
02/14/2022,BGCR,0.05
02/14/2022,SOFR,0.05
02/11/2022,EFFR,0.08
02/11/2022,OBFR,0.07
02/11/2022,TGCR,0.05
02/11/2022,BGCR,0.05
02/11/2022,SOFR,0.05
02/10/2022,EFFR,0.08
02/10/2022,OBFR,0.07
02/10/2022,TGCR,0.05
02/10/2022,BGCR,0.05
02/10/2022,SOFR,0.05
02/09/2022,EFFR,0.08
02/09/2022,OBFR,0.07
02/09/2022,TGCR,0.05
02/09/2022,BGCR,0.05
02/09/2022,SOFR,0.04
02/08/2022,EFFR,0.08
02/08/2022,OBFR,0.07
02/08/2022,TGCR,0.05
02/08/2022,BGCR,0.05
02/08/2022,SOFR,0.05
02/07/2022,EFFR,0.08
02/07/2022,OBFR,0.07
02/07/2022,TGCR,0.05
02/07/2022,BGCR,0.05
02/07/2022,SOFR,0.05
02/04/2022,EFFR,0.08
02/04/2022,OBFR,0.07
02/04/2022,TGCR,0.05
02/04/2022,BGCR,0.05
02/04/2022,SOFR,0.05
02/03/2022,EFFR,0.08
02/03/2022,OBFR,0.07
02/03/2022,TGCR,0.05
02/03/2022,BGCR,0.05
02/03/2022,SOFR,0.05
02/02/2022,EFFR,0.08
02/02/2022,OBFR,0.07
02/02/2022,TGCR,0.05
02/02/2022,BGCR,0.05
02/02/2022,SOFR,0.05
02/01/2022,EFFR,0.08
02/01/2022,OBFR,0.07
02/01/2022,TGCR,0.05
02/01/2022,BGCR,0.05
02/01/2022,SOFR,0.05
01/31/2022,EFFR,0.08
01/31/2022,OBFR,0.07
01/31/2022,TGCR,0.05
01/31/2022,BGCR,0.05
01/31/2022,SOFR,0.05
01/28/2022,EFFR,0.08
01/28/2022,OBFR,0.07
01/28/2022,TGCR,0.05
01/28/2022,BGCR,0.05
01/28/2022,SOFR,0.05
01/27/2022,EFFR,0.08
01/27/2022,OBFR,0.07
01/27/2022,TGCR,0.05
01/27/2022,BGCR,0.05
01/27/2022,SOFR,0.04
01/26/2022,EFFR,0.08
01/26/2022,OBFR,0.07
01/26/2022,TGCR,0.05
01/26/2022,BGCR,0.05
01/26/2022,SOFR,0.04
01/25/2022,EFFR,0.08
01/25/2022,OBFR,0.07
01/25/2022,TGCR,0.05
01/25/2022,BGCR,0.05
01/25/2022,SOFR,0.05
01/24/2022,EFFR,0.08
01/24/2022,OBFR,0.07
01/24/2022,TGCR,0.05
01/24/2022,BGCR,0.05
01/24/2022,SOFR,0.04
01/21/2022,EFFR,0.08
01/21/2022,OBFR,0.07
01/21/2022,TGCR,0.05
01/21/2022,BGCR,0.05
01/21/2022,SOFR,0.05
01/20/2022,EFFR,0.08
01/20/2022,OBFR,0.07
01/20/2022,TGCR,0.05
01/20/2022,BGCR,0.05
01/20/2022,SOFR,0.04
01/19/2022,EFFR,0.08
01/19/2022,OBFR,0.07
01/19/2022,TGCR,0.05
01/19/2022,BGCR,0.05
01/19/2022,SOFR,0.05
01/18/2022,EFFR,0.08
01/18/2022,OBFR,0.07
01/18/2022,TGCR,0.05
01/18/2022,BGCR,0.05
01/18/2022,SOFR,0.05
01/14/2022,EFFR,0.08
01/14/2022,OBFR,0.07
01/14/2022,TGCR,0.05
01/14/2022,BGCR,0.05
01/14/2022,SOFR,0.05
01/13/2022,EFFR,0.08
01/13/2022,OBFR,0.07
01/13/2022,TGCR,0.05
01/13/2022,BGCR,0.05
01/13/2022,SOFR,0.05
01/12/2022,EFFR,0.08
01/12/2022,OBFR,0.07
01/12/2022,TGCR,0.05
01/12/2022,BGCR,0.05
01/12/2022,SOFR,0.05
01/11/2022,EFFR,0.08
01/11/2022,OBFR,0.07
01/11/2022,TGCR,0.05
01/11/2022,BGCR,0.05
01/11/2022,SOFR,0.05
01/10/2022,EFFR,0.08
01/10/2022,OBFR,0.07
01/10/2022,TGCR,0.05
01/10/2022,BGCR,0.05
01/10/2022,SOFR,0.05
01/07/2022,EFFR,0.08
01/07/2022,OBFR,0.07
01/07/2022,TGCR,0.05
01/07/2022,BGCR,0.05
01/07/2022,SOFR,0.05
01/06/2022,EFFR,0.08
01/06/2022,OBFR,0.07
01/06/2022,TGCR,0.05
01/06/2022,BGCR,0.05
01/06/2022,SOFR,0.05
01/05/2022,EFFR,0.08
01/05/2022,OBFR,0.07
01/05/2022,TGCR,0.05
01/05/2022,BGCR,0.05
01/05/2022,SOFR,0.05
01/04/2022,EFFR,0.08
01/04/2022,OBFR,0.07
01/04/2022,TGCR,0.05
01/04/2022,BGCR,0.05
01/04/2022,SOFR,0.05
01/03/2022,EFFR,0.08
01/03/2022,OBFR,0.07
01/03/2022,TGCR,0.05
01/03/2022,BGCR,0.05
01/03/2022,SOFR,0.05
12/31/2021,EFFR,0.07
12/31/2021,OBFR,0.07
12/31/2021,TGCR,0.05
12/31/2021,BGCR,0.05
12/31/2021,SOFR,0.05
12/30/2021,EFFR,0.08
12/30/2021,OBFR,0.07
12/30/2021,TGCR,0.05
12/30/2021,BGCR,0.05
12/30/2021,SOFR,0.05
12/29/2021,EFFR,0.08
12/29/2021,OBFR,0.07
12/29/2021,TGCR,0.05
12/29/2021,BGCR,0.05
12/29/2021,SOFR,0.05
12/28/2021,EFFR,0.08
12/28/2021,OBFR,0.07
12/28/2021,TGCR,0.05
12/28/2021,BGCR,0.05
12/28/2021,SOFR,0.05
12/27/2021,EFFR,0.08
12/27/2021,OBFR,0.07
12/27/2021,TGCR,0.05
12/27/2021,BGCR,0.05
12/27/2021,SOFR,0.05
12/24/2021,EFFR,0.08
12/24/2021,OBFR,0.08
12/23/2021,EFFR,0.08
12/23/2021,OBFR,0.08
12/23/2021,TGCR,0.05
12/23/2021,BGCR,0.05
12/23/2021,SOFR,0.05
12/22/2021,EFFR,0.08
12/22/2021,OBFR,0.07
12/22/2021,TGCR,0.05
12/22/2021,BGCR,0.05
12/22/2021,SOFR,0.05
12/21/2021,EFFR,0.08
12/21/2021,OBFR,0.07
12/21/2021,TGCR,0.05
12/21/2021,BGCR,0.05
12/21/2021,SOFR,0.05
12/20/2021,EFFR,0.08
12/20/2021,OBFR,0.07
12/20/2021,TGCR,0.05
12/20/2021,BGCR,0.05
12/20/2021,SOFR,0.04
12/17/2021,EFFR,0.08
12/17/2021,OBFR,0.07
12/17/2021,TGCR,0.05
12/17/2021,BGCR,0.05
12/17/2021,SOFR,0.05
12/16/2021,EFFR,0.08
12/16/2021,OBFR,0.07
12/16/2021,TGCR,0.05
12/16/2021,BGCR,0.05
12/16/2021,SOFR,0.05
12/15/2021,EFFR,0.08
12/15/2021,OBFR,0.07
12/15/2021,TGCR,0.05
12/15/2021,BGCR,0.05
12/15/2021,SOFR,0.05
12/14/2021,EFFR,0.08
12/14/2021,OBFR,0.07
12/14/2021,TGCR,0.05
12/14/2021,BGCR,0.05
12/14/2021,SOFR,0.05
12/13/2021,EFFR,0.08
12/13/2021,OBFR,0.07
12/13/2021,TGCR,0.05
12/13/2021,BGCR,0.05
12/13/2021,SOFR,0.05
12/10/2021,EFFR,0.08
12/10/2021,OBFR,0.07
12/10/2021,TGCR,0.05
12/10/2021,BGCR,0.05
12/10/2021,SOFR,0.05
12/09/2021,EFFR,0.08
12/09/2021,OBFR,0.07
12/09/2021,TGCR,0.05
12/09/2021,BGCR,0.05
12/09/2021,SOFR,0.05
12/08/2021,EFFR,0.08
12/08/2021,OBFR,0.07
12/08/2021,TGCR,0.05
12/08/2021,BGCR,0.05
12/08/2021,SOFR,0.05
12/07/2021,EFFR,0.08
12/07/2021,OBFR,0.07
12/07/2021,TGCR,0.05
12/07/2021,BGCR,0.05
12/07/2021,SOFR,0.05
12/06/2021,EFFR,0.08
12/06/2021,OBFR,0.07
12/06/2021,TGCR,0.05
12/06/2021,BGCR,0.05
12/06/2021,SOFR,0.05
12/03/2021,EFFR,0.08
12/03/2021,OBFR,0.07
12/03/2021,TGCR,0.05
12/03/2021,BGCR,0.05
12/03/2021,SOFR,0.05
12/02/2021,EFFR,0.08
12/02/2021,OBFR,0.07
12/02/2021,TGCR,0.05
12/02/2021,BGCR,0.05
12/02/2021,SOFR,0.05
12/01/2021,EFFR,0.08
12/01/2021,OBFR,0.07
12/01/2021,TGCR,0.05
12/01/2021,BGCR,0.05
12/01/2021,SOFR,0.05
11/30/2021,EFFR,0.07
11/30/2021,OBFR,0.07
11/30/2021,TGCR,0.05
11/30/2021,BGCR,0.05
11/30/2021,SOFR,0.05
11/29/2021,EFFR,0.08
11/29/2021,OBFR,0.07
11/29/2021,TGCR,0.05
11/29/2021,BGCR,0.05
11/29/2021,SOFR,0.05
11/26/2021,EFFR,0.08
11/26/2021,OBFR,0.07
11/26/2021,TGCR,0.05
11/26/2021,BGCR,0.05
11/26/2021,SOFR,0.05
11/24/2021,EFFR,0.08
11/24/2021,OBFR,0.07
11/24/2021,TGCR,0.05
11/24/2021,BGCR,0.05
11/24/2021,SOFR,0.05
11/23/2021,EFFR,0.08
11/23/2021,OBFR,0.07
11/23/2021,TGCR,0.05
11/23/2021,BGCR,0.05
11/23/2021,SOFR,0.05
11/22/2021,EFFR,0.08
11/22/2021,OBFR,0.07
11/22/2021,TGCR,0.05
11/22/2021,BGCR,0.05
11/22/2021,SOFR,0.05
11/19/2021,EFFR,0.08
11/19/2021,OBFR,0.07
11/19/2021,TGCR,0.05
11/19/2021,BGCR,0.05
11/19/2021,SOFR,0.05
11/18/2021,EFFR,0.08
11/18/2021,OBFR,0.07
11/18/2021,TGCR,0.05
11/18/2021,BGCR,0.05
11/18/2021,SOFR,0.05
11/17/2021,EFFR,0.08
11/17/2021,OBFR,0.07
11/17/2021,TGCR,0.05
11/17/2021,BGCR,0.05
11/17/2021,SOFR,0.05
11/16/2021,EFFR,0.08
11/16/2021,OBFR,0.07
11/16/2021,TGCR,0.05
11/16/2021,BGCR,0.05
11/16/2021,SOFR,0.05
11/15/2021,EFFR,0.08
11/15/2021,OBFR,0.07
11/15/2021,TGCR,0.05
11/15/2021,BGCR,0.05
11/15/2021,SOFR,0.05
11/12/2021,EFFR,0.08
11/12/2021,OBFR,0.07
11/12/2021,TGCR,0.05
11/12/2021,BGCR,0.05
11/12/2021,SOFR,0.05
11/10/2021,EFFR,0.08
11/10/2021,OBFR,0.07
11/10/2021,TGCR,0.05
11/10/2021,BGCR,0.05
11/10/2021,SOFR,0.05
11/09/2021,EFFR,0.08
11/09/2021,OBFR,0.07
11/09/2021,TGCR,0.05
11/09/2021,BGCR,0.05
11/09/2021,SOFR,0.05
11/08/2021,EFFR,0.08
11/08/2021,OBFR,0.07
11/08/2021,TGCR,0.05
11/08/2021,BGCR,0.05
11/08/2021,SOFR,0.05
11/05/2021,EFFR,0.08
11/05/2021,OBFR,0.07
11/05/2021,TGCR,0.05
11/05/2021,BGCR,0.05
11/05/2021,SOFR,0.05
11/04/2021,EFFR,0.08
11/04/2021,OBFR,0.07
11/04/2021,TGCR,0.05
11/04/2021,BGCR,0.05
11/04/2021,SOFR,0.05
11/03/2021,EFFR,0.08
11/03/2021,OBFR,0.07
11/03/2021,TGCR,0.05
11/03/2021,BGCR,0.05
11/03/2021,SOFR,0.05
11/02/2021,EFFR,0.08
11/02/2021,OBFR,0.07
11/02/2021,TGCR,0.05
11/02/2021,BGCR,0.05
11/02/2021,SOFR,0.05
11/01/2021,EFFR,0.08
11/01/2021,OBFR,0.07
11/01/2021,TGCR,0.05
11/01/2021,BGCR,0.05
11/01/2021,SOFR,0.05
10/29/2021,EFFR,0.07
10/29/2021,OBFR,0.06
10/29/2021,TGCR,0.05
10/29/2021,BGCR,0.05
10/29/2021,SOFR,0.05
10/28/2021,EFFR,0.08
10/28/2021,OBFR,0.07
10/28/2021,TGCR,0.05
10/28/2021,BGCR,0.05
10/28/2021,SOFR,0.05
10/27/2021,EFFR,0.08
10/27/2021,OBFR,0.07
10/27/2021,TGCR,0.05
10/27/2021,BGCR,0.05
10/27/2021,SOFR,0.05
10/26/2021,EFFR,0.08
10/26/2021,OBFR,0.07
10/26/2021,TGCR,0.05
10/26/2021,BGCR,0.05
10/26/2021,SOFR,0.05
10/25/2021,EFFR,0.08
10/25/2021,OBFR,0.07
10/25/2021,TGCR,0.05
10/25/2021,BGCR,0.05
10/25/2021,SOFR,0.04
10/22/2021,EFFR,0.08
10/22/2021,OBFR,0.07
10/22/2021,TGCR,0.05
10/22/2021,BGCR,0.05
10/22/2021,SOFR,0.05
10/21/2021,EFFR,0.08
10/21/2021,OBFR,0.07
10/21/2021,TGCR,0.05
10/21/2021,BGCR,0.05
10/21/2021,SOFR,0.03
10/20/2021,EFFR,0.08
10/20/2021,OBFR,0.07
10/20/2021,TGCR,0.05
10/20/2021,BGCR,0.05
10/20/2021,SOFR,0.03
10/19/2021,EFFR,0.08
10/19/2021,OBFR,0.07
10/19/2021,TGCR,0.05
10/19/2021,BGCR,0.05
10/19/2021,SOFR,0.03
10/18/2021,EFFR,0.08
10/18/2021,OBFR,0.07
10/18/2021,TGCR,0.05
10/18/2021,BGCR,0.05
10/18/2021,SOFR,0.05
10/15/2021,EFFR,0.08
10/15/2021,OBFR,0.07
10/15/2021,TGCR,0.05
10/15/2021,BGCR,0.05
10/15/2021,SOFR,0.05
10/14/2021,EFFR,0.08
10/14/2021,OBFR,0.07
10/14/2021,TGCR,0.05
10/14/2021,BGCR,0.05
10/14/2021,SOFR,0.05
10/13/2021,EFFR,0.08
10/13/2021,OBFR,0.07
10/13/2021,TGCR,0.05
10/13/2021,BGCR,0.05
10/13/2021,SOFR,0.05
10/12/2021,EFFR,0.08
10/12/2021,OBFR,0.07
10/12/2021,TGCR,0.05
10/12/2021,BGCR,0.05
10/12/2021,SOFR,0.05
10/08/2021,EFFR,0.08
10/08/2021,OBFR,0.07
10/08/2021,TGCR,0.05
10/08/2021,BGCR,0.05
10/08/2021,SOFR,0.05
10/07/2021,EFFR,0.08
10/07/2021,OBFR,0.07
10/07/2021,TGCR,0.05
10/07/2021,BGCR,0.05
10/07/2021,SOFR,0.05
10/06/2021,EFFR,0.08
10/06/2021,OBFR,0.07
10/06/2021,TGCR,0.05
10/06/2021,BGCR,0.05
10/06/2021,SOFR,0.05
10/05/2021,EFFR,0.08
10/05/2021,OBFR,0.07
10/05/2021,TGCR,0.05
10/05/2021,BGCR,0.05
10/05/2021,SOFR,0.05
10/04/2021,EFFR,0.08
10/04/2021,OBFR,0.07
10/04/2021,TGCR,0.05
10/04/2021,BGCR,0.05
10/04/2021,SOFR,0.05
10/01/2021,EFFR,0.08
10/01/2021,OBFR,0.07
10/01/2021,TGCR,0.05
10/01/2021,BGCR,0.05
10/01/2021,SOFR,0.05
09/30/2021,EFFR,0.06
09/30/2021,OBFR,0.06
09/30/2021,TGCR,0.05
09/30/2021,BGCR,0.05
09/30/2021,SOFR,0.05
09/29/2021,EFFR,0.08
09/29/2021,OBFR,0.07
09/29/2021,TGCR,0.05
09/29/2021,BGCR,0.05
09/29/2021,SOFR,0.05
09/28/2021,EFFR,0.08
09/28/2021,OBFR,0.07
09/28/2021,TGCR,0.05
09/28/2021,BGCR,0.05
09/28/2021,SOFR,0.05
09/27/2021,EFFR,0.08
09/27/2021,OBFR,0.07
09/27/2021,TGCR,0.05
09/27/2021,BGCR,0.05
09/27/2021,SOFR,0.05
09/24/2021,EFFR,0.08
09/24/2021,OBFR,0.07
09/24/2021,TGCR,0.05
09/24/2021,BGCR,0.05
09/24/2021,SOFR,0.05
09/23/2021,EFFR,0.08
09/23/2021,OBFR,0.07
09/23/2021,TGCR,0.05
09/23/2021,BGCR,0.05
09/23/2021,SOFR,0.05
09/22/2021,EFFR,0.08
09/22/2021,OBFR,0.07
09/22/2021,TGCR,0.05
09/22/2021,BGCR,0.05
09/22/2021,SOFR,0.05
09/21/2021,EFFR,0.08
09/21/2021,OBFR,0.07
09/21/2021,TGCR,0.05
09/21/2021,BGCR,0.05
09/21/2021,SOFR,0.05
09/20/2021,EFFR,0.08
09/20/2021,OBFR,0.07
09/20/2021,TGCR,0.05
09/20/2021,BGCR,0.05
09/20/2021,SOFR,0.05
09/17/2021,EFFR,0.08
09/17/2021,OBFR,0.07
09/17/2021,TGCR,0.05
09/17/2021,BGCR,0.05
09/17/2021,SOFR,0.05
09/16/2021,EFFR,0.08
09/16/2021,OBFR,0.07
09/16/2021,TGCR,0.05
09/16/2021,BGCR,0.05
09/16/2021,SOFR,0.05
09/15/2021,EFFR,0.08
09/15/2021,OBFR,0.07
09/15/2021,TGCR,0.05
09/15/2021,BGCR,0.05
09/15/2021,SOFR,0.05
09/14/2021,EFFR,0.08
09/14/2021,OBFR,0.07
09/14/2021,TGCR,0.05
09/14/2021,BGCR,0.05
09/14/2021,SOFR,0.05
09/13/2021,EFFR,0.08
09/13/2021,OBFR,0.07
09/13/2021,TGCR,0.05
09/13/2021,BGCR,0.05
09/13/2021,SOFR,0.05
09/10/2021,EFFR,0.08
09/10/2021,OBFR,0.07
09/10/2021,TGCR,0.05
09/10/2021,BGCR,0.05
09/10/2021,SOFR,0.05
09/09/2021,EFFR,0.08
09/09/2021,OBFR,0.07
09/09/2021,TGCR,0.05
09/09/2021,BGCR,0.05
09/09/2021,SOFR,0.05
09/08/2021,EFFR,0.08
09/08/2021,OBFR,0.07
09/08/2021,TGCR,0.05
09/08/2021,BGCR,0.05
09/08/2021,SOFR,0.05
09/07/2021,EFFR,0.08
09/07/2021,OBFR,0.07
09/07/2021,TGCR,0.05
09/07/2021,BGCR,0.05
09/07/2021,SOFR,0.05
09/03/2021,EFFR,0.08
09/03/2021,OBFR,0.07
09/03/2021,TGCR,0.05
09/03/2021,BGCR,0.05
09/03/2021,SOFR,0.05
09/02/2021,EFFR,0.08
09/02/2021,OBFR,0.07
09/02/2021,TGCR,0.05
09/02/2021,BGCR,0.05
09/02/2021,SOFR,0.05
09/01/2021,EFFR,0.08
09/01/2021,OBFR,0.07
09/01/2021,TGCR,0.05
09/01/2021,BGCR,0.05
09/01/2021,SOFR,0.05
08/31/2021,EFFR,0.06
08/31/2021,OBFR,0.05
08/31/2021,TGCR,0.05
08/31/2021,BGCR,0.05
08/31/2021,SOFR,0.05
08/30/2021,EFFR,0.08
08/30/2021,OBFR,0.07
08/30/2021,TGCR,0.05
08/30/2021,BGCR,0.05
08/30/2021,SOFR,0.05
08/27/2021,EFFR,0.08
08/27/2021,OBFR,0.07
08/27/2021,TGCR,0.05
08/27/2021,BGCR,0.05
08/27/2021,SOFR,0.05
08/26/2021,EFFR,0.09
08/26/2021,OBFR,0.07
08/26/2021,TGCR,0.05
08/26/2021,BGCR,0.05
08/26/2021,SOFR,0.05
08/25/2021,EFFR,0.09
08/25/2021,OBFR,0.07
08/25/2021,TGCR,0.05
08/25/2021,BGCR,0.05
08/25/2021,SOFR,0.05
08/24/2021,EFFR,0.09
08/24/2021,OBFR,0.08
08/24/2021,TGCR,0.05
08/24/2021,BGCR,0.05
08/24/2021,SOFR,0.05
08/23/2021,EFFR,0.09
08/23/2021,OBFR,0.08
08/23/2021,TGCR,0.05
08/23/2021,BGCR,0.05
08/23/2021,SOFR,0.05
08/20/2021,EFFR,0.09
08/20/2021,OBFR,0.08
08/20/2021,TGCR,0.05
08/20/2021,BGCR,0.05
08/20/2021,SOFR,0.05
08/19/2021,EFFR,0.09
08/19/2021,OBFR,0.08
08/19/2021,TGCR,0.05
08/19/2021,BGCR,0.05
08/19/2021,SOFR,0.05
08/18/2021,EFFR,0.09
08/18/2021,OBFR,0.08
08/18/2021,TGCR,0.05
08/18/2021,BGCR,0.05
08/18/2021,SOFR,0.05
08/17/2021,EFFR,0.1
08/17/2021,OBFR,0.08
08/17/2021,TGCR,0.05
08/17/2021,BGCR,0.05
08/17/2021,SOFR,0.05
08/16/2021,EFFR,0.1
08/16/2021,OBFR,0.08
08/16/2021,TGCR,0.05
08/16/2021,BGCR,0.05
08/16/2021,SOFR,0.05
08/13/2021,EFFR,0.1
08/13/2021,OBFR,0.08
08/13/2021,TGCR,0.05
08/13/2021,BGCR,0.05
08/13/2021,SOFR,0.05
08/12/2021,EFFR,0.1
08/12/2021,OBFR,0.08
08/12/2021,TGCR,0.05
08/12/2021,BGCR,0.05
08/12/2021,SOFR,0.05
08/11/2021,EFFR,0.1
08/11/2021,OBFR,0.08
08/11/2021,TGCR,0.05
08/11/2021,BGCR,0.05
08/11/2021,SOFR,0.05
08/10/2021,EFFR,0.1
08/10/2021,OBFR,0.08
08/10/2021,TGCR,0.05
08/10/2021,BGCR,0.05
08/10/2021,SOFR,0.05
08/09/2021,EFFR,0.1
08/09/2021,OBFR,0.08
08/09/2021,TGCR,0.05
08/09/2021,BGCR,0.05
08/09/2021,SOFR,0.05
08/06/2021,EFFR,0.1
08/06/2021,OBFR,0.08
08/06/2021,TGCR,0.05
08/06/2021,BGCR,0.05
08/06/2021,SOFR,0.05
08/05/2021,EFFR,0.1
08/05/2021,OBFR,0.08
08/05/2021,TGCR,0.05
08/05/2021,BGCR,0.05
08/05/2021,SOFR,0.05
08/04/2021,EFFR,0.1
08/04/2021,OBFR,0.08
08/04/2021,TGCR,0.05
08/04/2021,BGCR,0.05
08/04/2021,SOFR,0.05
08/03/2021,EFFR,0.1
08/03/2021,OBFR,0.08
08/03/2021,TGCR,0.05
08/03/2021,BGCR,0.05
08/03/2021,SOFR,0.05
08/02/2021,EFFR,0.1
08/02/2021,OBFR,0.08
08/02/2021,TGCR,0.05
08/02/2021,BGCR,0.05
08/02/2021,SOFR,0.05
07/30/2021,EFFR,0.07
07/30/2021,OBFR,0.06
07/30/2021,TGCR,0.05
07/30/2021,BGCR,0.05
07/30/2021,SOFR,0.05
07/29/2021,EFFR,0.1
07/29/2021,OBFR,0.08
07/29/2021,TGCR,0.05
07/29/2021,BGCR,0.05
07/29/2021,SOFR,0.05
07/28/2021,EFFR,0.1
07/28/2021,OBFR,0.08
07/28/2021,TGCR,0.05
07/28/2021,BGCR,0.05
07/28/2021,SOFR,0.05
07/27/2021,EFFR,0.1
07/27/2021,OBFR,0.08
07/27/2021,TGCR,0.05
07/27/2021,BGCR,0.05
07/27/2021,SOFR,0.05
07/26/2021,EFFR,0.1
07/26/2021,OBFR,0.08
07/26/2021,TGCR,0.05
07/26/2021,BGCR,0.05
07/26/2021,SOFR,0.05
07/23/2021,EFFR,0.1
07/23/2021,OBFR,0.08
07/23/2021,TGCR,0.05
07/23/2021,BGCR,0.05
07/23/2021,SOFR,0.05
07/22/2021,EFFR,0.1
07/22/2021,OBFR,0.08
07/22/2021,TGCR,0.05
07/22/2021,BGCR,0.05
07/22/2021,SOFR,0.05
07/21/2021,EFFR,0.1
07/21/2021,OBFR,0.08
07/21/2021,TGCR,0.05
07/21/2021,BGCR,0.05
07/21/2021,SOFR,0.05
07/20/2021,EFFR,0.1
07/20/2021,OBFR,0.08
07/20/2021,TGCR,0.05
07/20/2021,BGCR,0.05
07/20/2021,SOFR,0.05
07/19/2021,EFFR,0.1
07/19/2021,OBFR,0.08
07/19/2021,TGCR,0.05
07/19/2021,BGCR,0.05
07/19/2021,SOFR,0.05
07/16/2021,EFFR,0.1
07/16/2021,OBFR,0.08
07/16/2021,TGCR,0.05
07/16/2021,BGCR,0.05
07/16/2021,SOFR,0.05
07/15/2021,EFFR,0.1
07/15/2021,OBFR,0.08
07/15/2021,TGCR,0.05
07/15/2021,BGCR,0.05
07/15/2021,SOFR,0.05
07/14/2021,EFFR,0.1
07/14/2021,OBFR,0.08
07/14/2021,TGCR,0.05
07/14/2021,BGCR,0.05
07/14/2021,SOFR,0.05
07/13/2021,EFFR,0.1
07/13/2021,OBFR,0.08
07/13/2021,TGCR,0.05
07/13/2021,BGCR,0.05
07/13/2021,SOFR,0.05
07/12/2021,EFFR,0.1
07/12/2021,OBFR,0.08
07/12/2021,TGCR,0.05
07/12/2021,BGCR,0.05
07/12/2021,SOFR,0.05
07/09/2021,EFFR,0.1
07/09/2021,OBFR,0.08
07/09/2021,TGCR,0.05
07/09/2021,BGCR,0.05
07/09/2021,SOFR,0.05
07/08/2021,EFFR,0.1
07/08/2021,OBFR,0.08
07/08/2021,TGCR,0.05
07/08/2021,BGCR,0.05
07/08/2021,SOFR,0.05
07/07/2021,EFFR,0.1
07/07/2021,OBFR,0.08
07/07/2021,TGCR,0.05
07/07/2021,BGCR,0.05
07/07/2021,SOFR,0.05
07/06/2021,EFFR,0.1
07/06/2021,OBFR,0.08
07/06/2021,TGCR,0.05
07/06/2021,BGCR,0.05
07/06/2021,SOFR,0.05
07/02/2021,EFFR,0.1
07/02/2021,OBFR,0.08
07/02/2021,TGCR,0.05
07/02/2021,BGCR,0.05
07/02/2021,SOFR,0.05
07/01/2021,EFFR,0.1
07/01/2021,OBFR,0.08
07/01/2021,TGCR,0.05
07/01/2021,BGCR,0.05
07/01/2021,SOFR,0.05
06/30/2021,EFFR,0.08
06/30/2021,OBFR,0.06
06/30/2021,TGCR,0.05
06/30/2021,BGCR,0.05
06/30/2021,SOFR,0.05
06/29/2021,EFFR,0.1
06/29/2021,OBFR,0.08
06/29/2021,TGCR,0.05
06/29/2021,BGCR,0.05
06/29/2021,SOFR,0.05
06/28/2021,EFFR,0.1
06/28/2021,OBFR,0.08
06/28/2021,TGCR,0.05
06/28/2021,BGCR,0.05
06/28/2021,SOFR,0.05
06/25/2021,EFFR,0.1
06/25/2021,OBFR,0.08
06/25/2021,TGCR,0.05
06/25/2021,BGCR,0.05
06/25/2021,SOFR,0.05
06/24/2021,EFFR,0.1
06/24/2021,OBFR,0.08
06/24/2021,TGCR,0.05
06/24/2021,BGCR,0.05
06/24/2021,SOFR,0.05
06/23/2021,EFFR,0.1
06/23/2021,OBFR,0.08
06/23/2021,TGCR,0.05
06/23/2021,BGCR,0.05
06/23/2021,SOFR,0.05
06/22/2021,EFFR,0.1
06/22/2021,OBFR,0.08
06/22/2021,TGCR,0.05
06/22/2021,BGCR,0.05
06/22/2021,SOFR,0.05
06/21/2021,EFFR,0.1
06/21/2021,OBFR,0.08
06/21/2021,TGCR,0.05
06/21/2021,BGCR,0.05
06/21/2021,SOFR,0.05
06/18/2021,EFFR,0.1
06/18/2021,OBFR,0.08
06/18/2021,TGCR,0.05
06/18/2021,BGCR,0.05
06/18/2021,SOFR,0.05
06/17/2021,EFFR,0.1
06/17/2021,OBFR,0.08
06/17/2021,TGCR,0.05
06/17/2021,BGCR,0.05
06/17/2021,SOFR,0.05
06/16/2021,EFFR,0.06
06/16/2021,OBFR,0.04
06/16/2021,TGCR,0.01
06/16/2021,BGCR,0.01
06/16/2021,SOFR,0.01
06/15/2021,EFFR,0.06
06/15/2021,OBFR,0.04
06/15/2021,TGCR,0.01
06/15/2021,BGCR,0.01
06/15/2021,SOFR,0.01
06/14/2021,EFFR,0.06
06/14/2021,OBFR,0.04
06/14/2021,TGCR,0.01
06/14/2021,BGCR,0.01
06/14/2021,SOFR,0.01
06/11/2021,EFFR,0.06
06/11/2021,OBFR,0.04
06/11/2021,TGCR,0.01
06/11/2021,BGCR,0.01
06/11/2021,SOFR,0.01
06/10/2021,EFFR,0.06
06/10/2021,OBFR,0.04
06/10/2021,TGCR,0.01
06/10/2021,BGCR,0.01
06/10/2021,SOFR,0.01
06/09/2021,EFFR,0.06
06/09/2021,OBFR,0.04
06/09/2021,TGCR,0.01
06/09/2021,BGCR,0.01
06/09/2021,SOFR,0.01
06/08/2021,EFFR,0.06
06/08/2021,OBFR,0.04
06/08/2021,TGCR,0.01
06/08/2021,BGCR,0.01
06/08/2021,SOFR,0.01
06/07/2021,EFFR,0.06
06/07/2021,OBFR,0.04
06/07/2021,TGCR,0.01
06/07/2021,BGCR,0.01
06/07/2021,SOFR,0.01
06/04/2021,EFFR,0.06
06/04/2021,OBFR,0.04
06/04/2021,TGCR,0.01
06/04/2021,BGCR,0.01
06/04/2021,SOFR,0.01
06/03/2021,EFFR,0.06
06/03/2021,OBFR,0.04
06/03/2021,TGCR,0.01
06/03/2021,BGCR,0.01
06/03/2021,SOFR,0.01
06/02/2021,EFFR,0.06
06/02/2021,OBFR,0.05
06/02/2021,TGCR,0.01
06/02/2021,BGCR,0.01
06/02/2021,SOFR,0.01
06/01/2021,EFFR,0.06
06/01/2021,OBFR,0.04
06/01/2021,TGCR,0.01
06/01/2021,BGCR,0.01
06/01/2021,SOFR,0.01
05/28/2021,EFFR,0.05
05/28/2021,OBFR,0.03
05/28/2021,TGCR,0.01
05/28/2021,BGCR,0.01
05/28/2021,SOFR,0.01
05/27/2021,EFFR,0.06
05/27/2021,OBFR,0.04
05/27/2021,TGCR,0.01
05/27/2021,BGCR,0.01
05/27/2021,SOFR,0.01
05/26/2021,EFFR,0.06
05/26/2021,OBFR,0.04
05/26/2021,TGCR,0.01
05/26/2021,BGCR,0.01
05/26/2021,SOFR,0.01
05/25/2021,EFFR,0.06
05/25/2021,OBFR,0.04
05/25/2021,TGCR,0.01
05/25/2021,BGCR,0.01
05/25/2021,SOFR,0.01
05/24/2021,EFFR,0.06
05/24/2021,OBFR,0.05
05/24/2021,TGCR,0.01
05/24/2021,BGCR,0.01
05/24/2021,SOFR,0.01
05/21/2021,EFFR,0.06
05/21/2021,OBFR,0.05
05/21/2021,TGCR,0.01
05/21/2021,BGCR,0.01
05/21/2021,SOFR,0.01
05/20/2021,EFFR,0.06
05/20/2021,OBFR,0.05
05/20/2021,TGCR,0.01
05/20/2021,BGCR,0.01
05/20/2021,SOFR,0.01
05/19/2021,EFFR,0.06
05/19/2021,OBFR,0.05
05/19/2021,TGCR,0.01
05/19/2021,BGCR,0.01
05/19/2021,SOFR,0.01
05/18/2021,EFFR,0.06
05/18/2021,OBFR,0.05
05/18/2021,TGCR,0.01
05/18/2021,BGCR,0.01
05/18/2021,SOFR,0.01
05/17/2021,EFFR,0.06
05/17/2021,OBFR,0.05
05/17/2021,TGCR,0.01
05/17/2021,BGCR,0.01
05/17/2021,SOFR,0.01
05/14/2021,EFFR,0.06
05/14/2021,OBFR,0.05
05/14/2021,TGCR,0.01
05/14/2021,BGCR,0.01
05/14/2021,SOFR,0.01
05/13/2021,EFFR,0.06
05/13/2021,OBFR,0.05
05/13/2021,TGCR,0.01
05/13/2021,BGCR,0.01
05/13/2021,SOFR,0.01
05/12/2021,EFFR,0.06
05/12/2021,OBFR,0.05
05/12/2021,TGCR,0.01
05/12/2021,BGCR,0.01
05/12/2021,SOFR,0.01
05/11/2021,EFFR,0.06
05/11/2021,OBFR,0.05
05/11/2021,TGCR,0.01
05/11/2021,BGCR,0.01
05/11/2021,SOFR,0.01
05/10/2021,EFFR,0.06
05/10/2021,OBFR,0.05
05/10/2021,TGCR,0.01
05/10/2021,BGCR,0.01
05/10/2021,SOFR,0.01
05/07/2021,EFFR,0.06
05/07/2021,OBFR,0.05
05/07/2021,TGCR,0.01
05/07/2021,BGCR,0.01
05/07/2021,SOFR,0.01
05/06/2021,EFFR,0.06
05/06/2021,OBFR,0.05
05/06/2021,TGCR,0.01
05/06/2021,BGCR,0.01
05/06/2021,SOFR,0.01
05/05/2021,EFFR,0.06
05/05/2021,OBFR,0.05
05/05/2021,TGCR,0.01
05/05/2021,BGCR,0.01
05/05/2021,SOFR,0.01
05/04/2021,EFFR,0.06
05/04/2021,OBFR,0.05
05/04/2021,TGCR,0.01
05/04/2021,BGCR,0.01
05/04/2021,SOFR,0.01
05/03/2021,EFFR,0.06
05/03/2021,OBFR,0.05
05/03/2021,TGCR,0.01
05/03/2021,BGCR,0.01
05/03/2021,SOFR,0.01
04/30/2021,EFFR,0.05
04/30/2021,OBFR,0.03
04/30/2021,TGCR,0.01
04/30/2021,BGCR,0.01
04/30/2021,SOFR,0.01
04/29/2021,EFFR,0.06
04/29/2021,OBFR,0.05
04/29/2021,TGCR,0.01
04/29/2021,BGCR,0.01
04/29/2021,SOFR,0.01
04/28/2021,EFFR,0.07
04/28/2021,OBFR,0.05
04/28/2021,TGCR,0.01
04/28/2021,BGCR,0.01
04/28/2021,SOFR,0.01
04/27/2021,EFFR,0.07
04/27/2021,OBFR,0.06
04/27/2021,TGCR,0.01
04/27/2021,BGCR,0.01
04/27/2021,SOFR,0.01
04/26/2021,EFFR,0.07
04/26/2021,OBFR,0.06
04/26/2021,TGCR,0.01
04/26/2021,BGCR,0.01
04/26/2021,SOFR,0.01
04/23/2021,EFFR,0.07
04/23/2021,OBFR,0.06
04/23/2021,TGCR,0.01
04/23/2021,BGCR,0.01
04/23/2021,SOFR,0.01
04/22/2021,EFFR,0.07
04/22/2021,OBFR,0.06
04/22/2021,TGCR,0.01
04/22/2021,BGCR,0.01
04/22/2021,SOFR,0.01
04/21/2021,EFFR,0.07
04/21/2021,OBFR,0.06
04/21/2021,TGCR,0.01
04/21/2021,BGCR,0.01
04/21/2021,SOFR,0.01
04/20/2021,EFFR,0.07
04/20/2021,OBFR,0.06
04/20/2021,TGCR,0.01
04/20/2021,BGCR,0.01
04/20/2021,SOFR,0.01
04/19/2021,EFFR,0.07
04/19/2021,OBFR,0.06
04/19/2021,TGCR,0.01
04/19/2021,BGCR,0.01
04/19/2021,SOFR,0.01
04/16/2021,EFFR,0.07
04/16/2021,OBFR,0.06
04/16/2021,TGCR,0.01
04/16/2021,BGCR,0.01
04/16/2021,SOFR,0.01
04/15/2021,EFFR,0.07
04/15/2021,OBFR,0.06
04/15/2021,TGCR,0.01
04/15/2021,BGCR,0.01
04/15/2021,SOFR,0.01
04/14/2021,EFFR,0.07
04/14/2021,OBFR,0.06
04/14/2021,TGCR,0.01
04/14/2021,BGCR,0.01
04/14/2021,SOFR,0.01
04/13/2021,EFFR,0.07
04/13/2021,OBFR,0.06
04/13/2021,TGCR,0.01
04/13/2021,BGCR,0.01
04/13/2021,SOFR,0.01
04/12/2021,EFFR,0.07
04/12/2021,OBFR,0.06
04/12/2021,TGCR,0.01
04/12/2021,BGCR,0.01
04/12/2021,SOFR,0.01
04/09/2021,EFFR,0.07
04/09/2021,OBFR,0.06
04/09/2021,TGCR,0.01
04/09/2021,BGCR,0.01
04/09/2021,SOFR,0.01
04/08/2021,EFFR,0.07
04/08/2021,OBFR,0.06
04/08/2021,TGCR,0.01
04/08/2021,BGCR,0.01
04/08/2021,SOFR,0.01
04/07/2021,EFFR,0.07
04/07/2021,OBFR,0.06
04/07/2021,TGCR,0.01
04/07/2021,BGCR,0.01
04/07/2021,SOFR,0.01
04/06/2021,EFFR,0.07
04/06/2021,OBFR,0.07
04/06/2021,TGCR,0.01
04/06/2021,BGCR,0.01
04/06/2021,SOFR,0.01
04/05/2021,EFFR,0.07
04/05/2021,OBFR,0.07
04/05/2021,TGCR,0.01
04/05/2021,BGCR,0.01
04/05/2021,SOFR,0.01
04/02/2021,EFFR,0.07
04/02/2021,OBFR,0.07
04/01/2021,EFFR,0.07
04/01/2021,OBFR,0.07
04/01/2021,TGCR,0.01
04/01/2021,BGCR,0.01
04/01/2021,SOFR,0.01
03/31/2021,EFFR,0.06
03/31/2021,OBFR,0.05
03/31/2021,TGCR,0.01
03/31/2021,BGCR,0.01
03/31/2021,SOFR,0.01
03/30/2021,EFFR,0.07
03/30/2021,OBFR,0.07
03/30/2021,TGCR,0.01
03/30/2021,BGCR,0.01
03/30/2021,SOFR,0.01
03/29/2021,EFFR,0.07
03/29/2021,OBFR,0.07
03/29/2021,TGCR,0.01
03/29/2021,BGCR,0.01
03/29/2021,SOFR,0.01
03/26/2021,EFFR,0.07
03/26/2021,OBFR,0.07
03/26/2021,TGCR,0.01
03/26/2021,BGCR,0.01
03/26/2021,SOFR,0.01
03/25/2021,EFFR,0.07
03/25/2021,OBFR,0.07
03/25/2021,TGCR,0.01
03/25/2021,BGCR,0.01
03/25/2021,SOFR,0.01
03/24/2021,EFFR,0.07
03/24/2021,OBFR,0.07
03/24/2021,TGCR,0.01
03/24/2021,BGCR,0.01
03/24/2021,SOFR,0.01
03/23/2021,EFFR,0.07
03/23/2021,OBFR,0.07
03/23/2021,TGCR,0.01
03/23/2021,BGCR,0.01
03/23/2021,SOFR,0.01
03/22/2021,EFFR,0.07
03/22/2021,OBFR,0.07
03/22/2021,TGCR,0.01
03/22/2021,BGCR,0.01
03/22/2021,SOFR,0.01
03/19/2021,EFFR,0.07
03/19/2021,OBFR,0.07
03/19/2021,TGCR,0.01
03/19/2021,BGCR,0.01
03/19/2021,SOFR,0.01
03/18/2021,EFFR,0.07
03/18/2021,OBFR,0.07
03/18/2021,TGCR,0.01
03/18/2021,BGCR,0.01
03/18/2021,SOFR,0.01
03/17/2021,EFFR,0.07
03/17/2021,OBFR,0.07
03/17/2021,TGCR,0.01
03/17/2021,BGCR,0.01
03/17/2021,SOFR,0.01
03/16/2021,EFFR,0.07
03/16/2021,OBFR,0.07
03/16/2021,TGCR,0.01
03/16/2021,BGCR,0.01
03/16/2021,SOFR,0.01
03/15/2021,EFFR,0.07
03/15/2021,OBFR,0.07
03/15/2021,TGCR,0.01
03/15/2021,BGCR,0.01
03/15/2021,SOFR,0.01
03/12/2021,EFFR,0.07
03/12/2021,OBFR,0.07
03/12/2021,TGCR,0.01
03/12/2021,BGCR,0.01
03/12/2021,SOFR,0.01
03/11/2021,EFFR,0.07
03/11/2021,OBFR,0.07
03/11/2021,TGCR,0.01
03/11/2021,BGCR,0.01
03/11/2021,SOFR,0.01
03/10/2021,EFFR,0.07
03/10/2021,OBFR,0.07
03/10/2021,TGCR,0.01
03/10/2021,BGCR,0.01
03/10/2021,SOFR,0.02
03/09/2021,EFFR,0.07
03/09/2021,OBFR,0.07
03/09/2021,TGCR,0.01
03/09/2021,BGCR,0.01
03/09/2021,SOFR,0.02
03/08/2021,EFFR,0.07
03/08/2021,OBFR,0.07
03/08/2021,TGCR,0.01
03/08/2021,BGCR,0.01
03/08/2021,SOFR,0.02
03/05/2021,EFFR,0.07
03/05/2021,OBFR,0.07
03/05/2021,TGCR,0.01
03/05/2021,BGCR,0.01
03/05/2021,SOFR,0.02
03/04/2021,EFFR,0.07
03/04/2021,OBFR,0.07
03/04/2021,TGCR,0.01
03/04/2021,BGCR,0.01
03/04/2021,SOFR,0.02
03/03/2021,EFFR,0.07
03/03/2021,OBFR,0.07
03/03/2021,TGCR,0.03
03/03/2021,BGCR,0.03
03/03/2021,SOFR,0.04
03/02/2021,EFFR,0.07
03/02/2021,OBFR,0.07
03/02/2021,TGCR,0.02
03/02/2021,BGCR,0.02
03/02/2021,SOFR,0.04
03/01/2021,EFFR,0.07
03/01/2021,OBFR,0.07
03/01/2021,TGCR,0.01
03/01/2021,BGCR,0.01
03/01/2021,SOFR,0.02
02/26/2021,EFFR,0.07
02/26/2021,OBFR,0.07
02/26/2021,TGCR,0.01
02/26/2021,BGCR,0.01
02/26/2021,SOFR,0.01
02/25/2021,EFFR,0.07
02/25/2021,OBFR,0.07
02/25/2021,TGCR,0.02
02/25/2021,BGCR,0.02
02/25/2021,SOFR,0.03
02/24/2021,EFFR,0.07
02/24/2021,OBFR,0.07
02/24/2021,TGCR,0.01
02/24/2021,BGCR,0.01
02/24/2021,SOFR,0.02
02/23/2021,EFFR,0.07
02/23/2021,OBFR,0.07
02/23/2021,TGCR,0.01
02/23/2021,BGCR,0.01
02/23/2021,SOFR,0.01
02/22/2021,EFFR,0.07
02/22/2021,OBFR,0.07
02/22/2021,TGCR,0.02
02/22/2021,BGCR,0.02
02/22/2021,SOFR,0.03
02/19/2021,EFFR,0.07
02/19/2021,OBFR,0.07
02/19/2021,TGCR,0.01
02/19/2021,BGCR,0.01
02/19/2021,SOFR,0.02
02/18/2021,EFFR,0.07
02/18/2021,OBFR,0.07
02/18/2021,TGCR,0.02
02/18/2021,BGCR,0.02
02/18/2021,SOFR,0.03
02/17/2021,EFFR,0.08
02/17/2021,OBFR,0.07
02/17/2021,TGCR,0.05
02/17/2021,BGCR,0.05
02/17/2021,SOFR,0.06
02/16/2021,EFFR,0.08
02/16/2021,OBFR,0.07
02/16/2021,TGCR,0.04
02/16/2021,BGCR,0.04
02/16/2021,SOFR,0.06
02/12/2021,EFFR,0.08
02/12/2021,OBFR,0.07
02/12/2021,TGCR,0.03
02/12/2021,BGCR,0.03
02/12/2021,SOFR,0.05
02/11/2021,EFFR,0.08
02/11/2021,OBFR,0.07
02/11/2021,TGCR,0.04
02/11/2021,BGCR,0.04
02/11/2021,SOFR,0.06
02/10/2021,EFFR,0.08
02/10/2021,OBFR,0.07
02/10/2021,TGCR,0.05
02/10/2021,BGCR,0.05
02/10/2021,SOFR,0.06
02/09/2021,EFFR,0.08
02/09/2021,OBFR,0.07
02/09/2021,TGCR,0.03
02/09/2021,BGCR,0.03
02/09/2021,SOFR,0.05
02/08/2021,EFFR,0.07
02/08/2021,OBFR,0.07
02/08/2021,TGCR,0.01
02/08/2021,BGCR,0.01
02/08/2021,SOFR,0.02
02/05/2021,EFFR,0.08
02/05/2021,OBFR,0.07
02/05/2021,TGCR,0.01
02/05/2021,BGCR,0.01
02/05/2021,SOFR,0.02
02/04/2021,EFFR,0.08
02/04/2021,OBFR,0.08
02/04/2021,TGCR,0.03
02/04/2021,BGCR,0.03
02/04/2021,SOFR,0.05
02/03/2021,EFFR,0.08
02/03/2021,OBFR,0.08
02/03/2021,TGCR,0.06
02/03/2021,BGCR,0.06
02/03/2021,SOFR,0.07
02/02/2021,EFFR,0.08
02/02/2021,OBFR,0.08
02/02/2021,TGCR,0.05
02/02/2021,BGCR,0.05
02/02/2021,SOFR,0.07
02/01/2021,EFFR,0.08
02/01/2021,OBFR,0.07
02/01/2021,TGCR,0.05
02/01/2021,BGCR,0.05
02/01/2021,SOFR,0.07
01/29/2021,EFFR,0.07
01/29/2021,OBFR,0.07
01/29/2021,TGCR,0.04
01/29/2021,BGCR,0.04
01/29/2021,SOFR,0.06
01/28/2021,EFFR,0.07
01/28/2021,OBFR,0.07
01/28/2021,TGCR,0.03
01/28/2021,BGCR,0.03
01/28/2021,SOFR,0.04
01/27/2021,EFFR,0.08
01/27/2021,OBFR,0.07
01/27/2021,TGCR,0.02
01/27/2021,BGCR,0.02
01/27/2021,SOFR,0.03
01/26/2021,EFFR,0.08
01/26/2021,OBFR,0.08
01/26/2021,TGCR,0.02
01/26/2021,BGCR,0.02
01/26/2021,SOFR,0.03
01/25/2021,EFFR,0.08
01/25/2021,OBFR,0.08
01/25/2021,TGCR,0.05
01/25/2021,BGCR,0.05
01/25/2021,SOFR,0.06
01/22/2021,EFFR,0.08
01/22/2021,OBFR,0.08
01/22/2021,TGCR,0.04
01/22/2021,BGCR,0.04
01/22/2021,SOFR,0.05
01/21/2021,EFFR,0.08
01/21/2021,OBFR,0.08
01/21/2021,TGCR,0.02
01/21/2021,BGCR,0.02
01/21/2021,SOFR,0.04
01/20/2021,EFFR,0.09
01/20/2021,OBFR,0.08
01/20/2021,TGCR,0.04
01/20/2021,BGCR,0.04
01/20/2021,SOFR,0.06
01/19/2021,EFFR,0.09
01/19/2021,OBFR,0.08
01/19/2021,TGCR,0.05
01/19/2021,BGCR,0.05
01/19/2021,SOFR,0.07
01/15/2021,EFFR,0.09
01/15/2021,OBFR,0.08
01/15/2021,TGCR,0.05
01/15/2021,BGCR,0.05
01/15/2021,SOFR,0.08
01/14/2021,EFFR,0.09
01/14/2021,OBFR,0.08
01/14/2021,TGCR,0.05
01/14/2021,BGCR,0.05
01/14/2021,SOFR,0.08
01/13/2021,EFFR,0.09
01/13/2021,OBFR,0.08
01/13/2021,TGCR,0.05
01/13/2021,BGCR,0.05
01/13/2021,SOFR,0.08
01/12/2021,EFFR,0.09
01/12/2021,OBFR,0.08
01/12/2021,TGCR,0.06
01/12/2021,BGCR,0.06
01/12/2021,SOFR,0.08
01/11/2021,EFFR,0.09
01/11/2021,OBFR,0.08
01/11/2021,TGCR,0.07
01/11/2021,BGCR,0.07
01/11/2021,SOFR,0.09
01/08/2021,EFFR,0.09
01/08/2021,OBFR,0.08
01/08/2021,TGCR,0.07
01/08/2021,BGCR,0.07
01/08/2021,SOFR,0.09
01/07/2021,EFFR,0.09
01/07/2021,OBFR,0.08
01/07/2021,TGCR,0.08
01/07/2021,BGCR,0.08
01/07/2021,SOFR,0.1
01/06/2021,EFFR,0.09
01/06/2021,OBFR,0.08
01/06/2021,TGCR,0.08
01/06/2021,BGCR,0.08
01/06/2021,SOFR,0.1
01/05/2021,EFFR,0.09
01/05/2021,OBFR,0.08
01/05/2021,TGCR,0.08
01/05/2021,BGCR,0.08
01/05/2021,SOFR,0.11
01/04/2021,EFFR,0.09
01/04/2021,OBFR,0.09
01/04/2021,TGCR,0.06
01/04/2021,BGCR,0.06
01/04/2021,SOFR,0.1
12/31/2020,EFFR,0.09
12/31/2020,OBFR,0.08
12/31/2020,TGCR,0.06
12/31/2020,BGCR,0.06
12/31/2020,SOFR,0.07
12/30/2020,EFFR,0.09
12/30/2020,OBFR,0.08
12/30/2020,TGCR,0.08
12/30/2020,BGCR,0.08
12/30/2020,SOFR,0.09
12/29/2020,EFFR,0.09
12/29/2020,OBFR,0.08
12/29/2020,TGCR,0.08
12/29/2020,BGCR,0.08
12/29/2020,SOFR,0.1
12/28/2020,EFFR,0.09
12/28/2020,OBFR,0.08
12/28/2020,TGCR,0.07
12/28/2020,BGCR,0.07
12/28/2020,SOFR,0.09
12/24/2020,EFFR,0.09
12/24/2020,OBFR,0.08
12/24/2020,TGCR,0.06
12/24/2020,BGCR,0.06
12/24/2020,SOFR,0.08
12/23/2020,EFFR,0.09
12/23/2020,OBFR,0.08
12/23/2020,TGCR,0.05
12/23/2020,BGCR,0.05
12/23/2020,SOFR,0.06
12/22/2020,EFFR,0.09
12/22/2020,OBFR,0.08
12/22/2020,TGCR,0.05
12/22/2020,BGCR,0.06
12/22/2020,SOFR,0.07
12/21/2020,EFFR,0.09
12/21/2020,OBFR,0.08
12/21/2020,TGCR,0.07
12/21/2020,BGCR,0.07
12/21/2020,SOFR,0.09
12/18/2020,EFFR,0.09
12/18/2020,OBFR,0.08
12/18/2020,TGCR,0.07
12/18/2020,BGCR,0.07
12/18/2020,SOFR,0.09
12/17/2020,EFFR,0.09
12/17/2020,OBFR,0.08
12/17/2020,TGCR,0.07
12/17/2020,BGCR,0.07
12/17/2020,SOFR,0.09
12/16/2020,EFFR,0.09
12/16/2020,OBFR,0.08
12/16/2020,TGCR,0.07
12/16/2020,BGCR,0.07
12/16/2020,SOFR,0.09
12/15/2020,EFFR,0.09
12/15/2020,OBFR,0.08
12/15/2020,TGCR,0.07
12/15/2020,BGCR,0.07
12/15/2020,SOFR,0.09
12/14/2020,EFFR,0.09
12/14/2020,OBFR,0.08
12/14/2020,TGCR,0.06
12/14/2020,BGCR,0.06
12/14/2020,SOFR,0.08
12/11/2020,EFFR,0.09
12/11/2020,OBFR,0.08
12/11/2020,TGCR,0.06
12/11/2020,BGCR,0.06
12/11/2020,SOFR,0.08
12/10/2020,EFFR,0.09
12/10/2020,OBFR,0.08
12/10/2020,TGCR,0.06
12/10/2020,BGCR,0.06
12/10/2020,SOFR,0.08
12/09/2020,EFFR,0.09
12/09/2020,OBFR,0.08
12/09/2020,TGCR,0.06
12/09/2020,BGCR,0.06
12/09/2020,SOFR,0.08
12/08/2020,EFFR,0.09
12/08/2020,OBFR,0.08
12/08/2020,TGCR,0.06
12/08/2020,BGCR,0.06
12/08/2020,SOFR,0.07
12/07/2020,EFFR,0.09
12/07/2020,OBFR,0.08
12/07/2020,TGCR,0.07
12/07/2020,BGCR,0.07
12/07/2020,SOFR,0.08
12/04/2020,EFFR,0.09
12/04/2020,OBFR,0.08
12/04/2020,TGCR,0.07
12/04/2020,BGCR,0.07
12/04/2020,SOFR,0.09
12/03/2020,EFFR,0.09
12/03/2020,OBFR,0.08
12/03/2020,TGCR,0.06
12/03/2020,BGCR,0.06
12/03/2020,SOFR,0.08
12/02/2020,EFFR,0.09
12/02/2020,OBFR,0.08
12/02/2020,TGCR,0.06
12/02/2020,BGCR,0.06
12/02/2020,SOFR,0.08
12/01/2020,EFFR,0.09
12/01/2020,OBFR,0.08
12/01/2020,TGCR,0.06
12/01/2020,BGCR,0.06
12/01/2020,SOFR,0.08
11/30/2020,EFFR,0.09
11/30/2020,OBFR,0.08
11/30/2020,TGCR,0.08
11/30/2020,BGCR,0.08
11/30/2020,SOFR,0.09
11/27/2020,EFFR,0.08
11/27/2020,OBFR,0.08
11/27/2020,TGCR,0.06
11/27/2020,BGCR,0.06
11/27/2020,SOFR,0.08
11/25/2020,EFFR,0.08
11/25/2020,OBFR,0.08
11/25/2020,TGCR,0.06
11/25/2020,BGCR,0.06
11/25/2020,SOFR,0.08
11/24/2020,EFFR,0.08
11/24/2020,OBFR,0.08
11/24/2020,TGCR,0.05
11/24/2020,BGCR,0.05
11/24/2020,SOFR,0.07
11/23/2020,EFFR,0.08
11/23/2020,OBFR,0.08
11/23/2020,TGCR,0.04
11/23/2020,BGCR,0.04
11/23/2020,SOFR,0.05
11/20/2020,EFFR,0.08
11/20/2020,OBFR,0.08
11/20/2020,TGCR,0.04
11/20/2020,BGCR,0.04
11/20/2020,SOFR,0.05
11/19/2020,EFFR,0.08
11/19/2020,OBFR,0.08
11/19/2020,TGCR,0.04
11/19/2020,BGCR,0.04
11/19/2020,SOFR,0.06
11/18/2020,EFFR,0.09
11/18/2020,OBFR,0.08
11/18/2020,TGCR,0.05
11/18/2020,BGCR,0.05
11/18/2020,SOFR,0.07
11/17/2020,EFFR,0.09
11/17/2020,OBFR,0.08
11/17/2020,TGCR,0.07
11/17/2020,BGCR,0.07
11/17/2020,SOFR,0.09
11/16/2020,EFFR,0.09
11/16/2020,OBFR,0.08
11/16/2020,TGCR,0.08
11/16/2020,BGCR,0.08
11/16/2020,SOFR,0.1
11/13/2020,EFFR,0.09
11/13/2020,OBFR,0.08
11/13/2020,TGCR,0.07
11/13/2020,BGCR,0.07
11/13/2020,SOFR,0.09
11/12/2020,EFFR,0.09
11/12/2020,OBFR,0.09
11/12/2020,TGCR,0.07
11/12/2020,BGCR,0.07
11/12/2020,SOFR,0.09
11/10/2020,EFFR,0.09
11/10/2020,OBFR,0.08
11/10/2020,TGCR,0.07
11/10/2020,BGCR,0.07
11/10/2020,SOFR,0.1
11/09/2020,EFFR,0.09
11/09/2020,OBFR,0.08
11/09/2020,TGCR,0.08
11/09/2020,BGCR,0.08
11/09/2020,SOFR,0.1
11/06/2020,EFFR,0.09
11/06/2020,OBFR,0.08
11/06/2020,TGCR,0.08
11/06/2020,BGCR,0.08
11/06/2020,SOFR,0.1
11/05/2020,EFFR,0.09
11/05/2020,OBFR,0.08
11/05/2020,TGCR,0.08
11/05/2020,BGCR,0.08
11/05/2020,SOFR,0.11
11/04/2020,EFFR,0.09
11/04/2020,OBFR,0.08
11/04/2020,TGCR,0.08
11/04/2020,BGCR,0.08
11/04/2020,SOFR,0.1
11/03/2020,EFFR,0.09
11/03/2020,OBFR,0.08
11/03/2020,TGCR,0.07
11/03/2020,BGCR,0.07
11/03/2020,SOFR,0.1
11/02/2020,EFFR,0.09
11/02/2020,OBFR,0.08
11/02/2020,TGCR,0.07
11/02/2020,BGCR,0.07
11/02/2020,SOFR,0.11
10/30/2020,EFFR,0.09
10/30/2020,OBFR,0.08
10/30/2020,TGCR,0.07
10/30/2020,BGCR,0.07
10/30/2020,SOFR,0.09
10/29/2020,EFFR,0.09
10/29/2020,OBFR,0.08
10/29/2020,TGCR,0.06
10/29/2020,BGCR,0.06
10/29/2020,SOFR,0.09
10/28/2020,EFFR,0.09
10/28/2020,OBFR,0.08
10/28/2020,TGCR,0.06
10/28/2020,BGCR,0.06
10/28/2020,SOFR,0.08
10/27/2020,EFFR,0.09
10/27/2020,OBFR,0.08
10/27/2020,TGCR,0.06
10/27/2020,BGCR,0.06
10/27/2020,SOFR,0.09
10/26/2020,EFFR,0.09
10/26/2020,OBFR,0.08
10/26/2020,TGCR,0.06
10/26/2020,BGCR,0.06
10/26/2020,SOFR,0.09
10/23/2020,EFFR,0.09
10/23/2020,OBFR,0.08
10/23/2020,TGCR,0.06
10/23/2020,BGCR,0.06
10/23/2020,SOFR,0.08
10/22/2020,EFFR,0.09
10/22/2020,OBFR,0.08
10/22/2020,TGCR,0.05
10/22/2020,BGCR,0.05
10/22/2020,SOFR,0.07
10/21/2020,EFFR,0.09
10/21/2020,OBFR,0.08
10/21/2020,TGCR,0.05
10/21/2020,BGCR,0.05
10/21/2020,SOFR,0.07
10/20/2020,EFFR,0.09
10/20/2020,OBFR,0.08
10/20/2020,TGCR,0.06
10/20/2020,BGCR,0.06
10/20/2020,SOFR,0.08
10/19/2020,EFFR,0.09
10/19/2020,OBFR,0.08
10/19/2020,TGCR,0.06
10/19/2020,BGCR,0.06
10/19/2020,SOFR,0.09
10/16/2020,EFFR,0.09
10/16/2020,OBFR,0.08
10/16/2020,TGCR,0.06
10/16/2020,BGCR,0.06
10/16/2020,SOFR,0.09
10/15/2020,EFFR,0.09
10/15/2020,OBFR,0.08
10/15/2020,TGCR,0.07
10/15/2020,BGCR,0.07
10/15/2020,SOFR,0.1
10/14/2020,EFFR,0.09
10/14/2020,OBFR,0.08
10/14/2020,TGCR,0.06
10/14/2020,BGCR,0.06
10/14/2020,SOFR,0.09
10/13/2020,EFFR,0.09
10/13/2020,OBFR,0.08
10/13/2020,TGCR,0.06
10/13/2020,BGCR,0.06
10/13/2020,SOFR,0.09
10/09/2020,EFFR,0.09
10/09/2020,OBFR,0.08
10/09/2020,TGCR,0.06
10/09/2020,BGCR,0.06
10/09/2020,SOFR,0.09
10/08/2020,EFFR,0.09
10/08/2020,OBFR,0.08
10/08/2020,TGCR,0.06
10/08/2020,BGCR,0.06
10/08/2020,SOFR,0.08
10/07/2020,EFFR,0.09
10/07/2020,OBFR,0.08
10/07/2020,TGCR,0.07
10/07/2020,BGCR,0.07
10/07/2020,SOFR,0.09
10/06/2020,EFFR,0.09
10/06/2020,OBFR,0.08
10/06/2020,TGCR,0.07
10/06/2020,BGCR,0.07
10/06/2020,SOFR,0.1
10/05/2020,EFFR,0.09
10/05/2020,OBFR,0.08
10/05/2020,TGCR,0.07
10/05/2020,BGCR,0.07
10/05/2020,SOFR,0.09
10/02/2020,EFFR,0.09
10/02/2020,OBFR,0.08
10/02/2020,TGCR,0.06
10/02/2020,BGCR,0.06
10/02/2020,SOFR,0.1
10/01/2020,EFFR,0.09
10/01/2020,OBFR,0.08
10/01/2020,TGCR,0.05
10/01/2020,BGCR,0.05
10/01/2020,SOFR,0.08
09/30/2020,EFFR,0.09
09/30/2020,OBFR,0.08
09/30/2020,TGCR,0.06
09/30/2020,BGCR,0.06
09/30/2020,SOFR,0.08
09/29/2020,EFFR,0.09
09/29/2020,OBFR,0.08
09/29/2020,TGCR,0.05
09/29/2020,BGCR,0.05
09/29/2020,SOFR,0.07
09/28/2020,EFFR,0.09
09/28/2020,OBFR,0.08
09/28/2020,TGCR,0.06
09/28/2020,BGCR,0.06
09/28/2020,SOFR,0.08
09/25/2020,EFFR,0.09
09/25/2020,OBFR,0.08
09/25/2020,TGCR,0.06
09/25/2020,BGCR,0.06
09/25/2020,SOFR,0.08
09/24/2020,EFFR,0.09
09/24/2020,OBFR,0.08
09/24/2020,TGCR,0.04
09/24/2020,BGCR,0.04
09/24/2020,SOFR,0.07
09/23/2020,EFFR,0.09
09/23/2020,OBFR,0.08
09/23/2020,TGCR,0.04
09/23/2020,BGCR,0.04
09/23/2020,SOFR,0.06
09/22/2020,EFFR,0.09
09/22/2020,OBFR,0.08
09/22/2020,TGCR,0.05
09/22/2020,BGCR,0.05
09/22/2020,SOFR,0.07
09/21/2020,EFFR,0.09
09/21/2020,OBFR,0.08
09/21/2020,TGCR,0.06
09/21/2020,BGCR,0.06
09/21/2020,SOFR,0.08
09/18/2020,EFFR,0.09
09/18/2020,OBFR,0.09
09/18/2020,TGCR,0.07
09/18/2020,BGCR,0.07
09/18/2020,SOFR,0.09
09/17/2020,EFFR,0.09
09/17/2020,OBFR,0.08
09/17/2020,TGCR,0.07
09/17/2020,BGCR,0.07
09/17/2020,SOFR,0.1
09/16/2020,EFFR,0.09
09/16/2020,OBFR,0.08
09/16/2020,TGCR,0.07
09/16/2020,BGCR,0.07
09/16/2020,SOFR,0.1
09/15/2020,EFFR,0.09
09/15/2020,OBFR,0.09
09/15/2020,TGCR,0.07
09/15/2020,BGCR,0.07
09/15/2020,SOFR,0.1
09/14/2020,EFFR,0.09
09/14/2020,OBFR,0.08
09/14/2020,TGCR,0.07
09/14/2020,BGCR,0.07
09/14/2020,SOFR,0.09
09/11/2020,EFFR,0.09
09/11/2020,OBFR,0.08
09/11/2020,TGCR,0.07
09/11/2020,BGCR,0.07
09/11/2020,SOFR,0.09
09/10/2020,EFFR,0.09
09/10/2020,OBFR,0.08
09/10/2020,TGCR,0.07
09/10/2020,BGCR,0.07
09/10/2020,SOFR,0.09
09/09/2020,EFFR,0.09
09/09/2020,OBFR,0.08
09/09/2020,TGCR,0.07
09/09/2020,BGCR,0.07
09/09/2020,SOFR,0.09
09/08/2020,EFFR,0.09
09/08/2020,OBFR,0.08
09/08/2020,TGCR,0.07
09/08/2020,BGCR,0.07
09/08/2020,SOFR,0.09
09/04/2020,EFFR,0.09
09/04/2020,OBFR,0.08
09/04/2020,TGCR,0.07
09/04/2020,BGCR,0.07
09/04/2020,SOFR,0.09
09/03/2020,EFFR,0.09
09/03/2020,OBFR,0.08
09/03/2020,TGCR,0.06
09/03/2020,BGCR,0.06
09/03/2020,SOFR,0.1
09/02/2020,EFFR,0.09
09/02/2020,OBFR,0.08
09/02/2020,TGCR,0.06
09/02/2020,BGCR,0.06
09/02/2020,SOFR,0.09
09/01/2020,EFFR,0.09
09/01/2020,OBFR,0.08
09/01/2020,TGCR,0.06
09/01/2020,BGCR,0.06
09/01/2020,SOFR,0.09
08/31/2020,EFFR,0.09
08/31/2020,OBFR,0.08
08/31/2020,TGCR,0.07
08/31/2020,BGCR,0.07
08/31/2020,SOFR,0.09
08/28/2020,EFFR,0.09
08/28/2020,OBFR,0.08
08/28/2020,TGCR,0.05
08/28/2020,BGCR,0.05
08/28/2020,SOFR,0.07
08/27/2020,EFFR,0.08
08/27/2020,OBFR,0.08
08/27/2020,TGCR,0.05
08/27/2020,BGCR,0.05
08/27/2020,SOFR,0.07
08/26/2020,EFFR,0.09
08/26/2020,OBFR,0.08
08/26/2020,TGCR,0.05
08/26/2020,BGCR,0.05
08/26/2020,SOFR,0.07
08/25/2020,EFFR,0.09
08/25/2020,OBFR,0.08
08/25/2020,TGCR,0.06
08/25/2020,BGCR,0.06
08/25/2020,SOFR,0.08
08/24/2020,EFFR,0.09
08/24/2020,OBFR,0.08
08/24/2020,TGCR,0.06
08/24/2020,BGCR,0.06
08/24/2020,SOFR,0.08
08/21/2020,EFFR,0.09
08/21/2020,OBFR,0.08
08/21/2020,TGCR,0.05
08/21/2020,BGCR,0.05
08/21/2020,SOFR,0.07
08/20/2020,EFFR,0.09
08/20/2020,OBFR,0.08
08/20/2020,TGCR,0.05
08/20/2020,BGCR,0.05
08/20/2020,SOFR,0.07
08/19/2020,EFFR,0.09
08/19/2020,OBFR,0.08
08/19/2020,TGCR,0.07
08/19/2020,BGCR,0.07
08/19/2020,SOFR,0.09
08/18/2020,EFFR,0.09
08/18/2020,OBFR,0.09
08/18/2020,TGCR,0.07
08/18/2020,BGCR,0.07
08/18/2020,SOFR,0.09
08/17/2020,EFFR,0.1
08/17/2020,OBFR,0.09
08/17/2020,TGCR,0.07
08/17/2020,BGCR,0.07
08/17/2020,SOFR,0.1
08/14/2020,EFFR,0.1
08/14/2020,OBFR,0.09
08/14/2020,TGCR,0.07
08/14/2020,BGCR,0.07
08/14/2020,SOFR,0.09
08/13/2020,EFFR,0.1
08/13/2020,OBFR,0.09
08/13/2020,TGCR,0.07
08/13/2020,BGCR,0.07
08/13/2020,SOFR,0.09
08/12/2020,EFFR,0.1
08/12/2020,OBFR,0.09
08/12/2020,TGCR,0.07
08/12/2020,BGCR,0.07
08/12/2020,SOFR,0.09
08/11/2020,EFFR,0.1
08/11/2020,OBFR,0.09
08/11/2020,TGCR,0.07
08/11/2020,BGCR,0.07
08/11/2020,SOFR,0.1
08/10/2020,EFFR,0.1
08/10/2020,OBFR,0.09
08/10/2020,TGCR,0.07
08/10/2020,BGCR,0.07
08/10/2020,SOFR,0.09
08/07/2020,EFFR,0.1
08/07/2020,OBFR,0.09
08/07/2020,TGCR,0.07
08/07/2020,BGCR,0.07
08/07/2020,SOFR,0.09
08/06/2020,EFFR,0.1
08/06/2020,OBFR,0.09
08/06/2020,TGCR,0.07
08/06/2020,BGCR,0.07
08/06/2020,SOFR,0.09
08/05/2020,EFFR,0.1
08/05/2020,OBFR,0.09
08/05/2020,TGCR,0.07
08/05/2020,BGCR,0.07
08/05/2020,SOFR,0.09
08/04/2020,EFFR,0.1
08/04/2020,OBFR,0.09
08/04/2020,TGCR,0.07
08/04/2020,BGCR,0.07
08/04/2020,SOFR,0.09
08/03/2020,EFFR,0.1
08/03/2020,OBFR,0.09
08/03/2020,TGCR,0.07
08/03/2020,BGCR,0.07
08/03/2020,SOFR,0.1
07/31/2020,EFFR,0.1
07/31/2020,OBFR,0.09
07/31/2020,TGCR,0.08
07/31/2020,BGCR,0.08
07/31/2020,SOFR,0.1
07/30/2020,EFFR,0.1
07/30/2020,OBFR,0.09
07/30/2020,TGCR,0.07
07/30/2020,BGCR,0.07
07/30/2020,SOFR,0.1
07/29/2020,EFFR,0.1
07/29/2020,OBFR,0.09
07/29/2020,TGCR,0.07
07/29/2020,BGCR,0.07
07/29/2020,SOFR,0.09
07/28/2020,EFFR,0.1
07/28/2020,OBFR,0.09
07/28/2020,TGCR,0.08
07/28/2020,BGCR,0.08
07/28/2020,SOFR,0.1
07/27/2020,EFFR,0.1
07/27/2020,OBFR,0.09
07/27/2020,TGCR,0.08
07/27/2020,BGCR,0.08
07/27/2020,SOFR,0.1
07/24/2020,EFFR,0.09
07/24/2020,OBFR,0.09
07/24/2020,TGCR,0.07
07/24/2020,BGCR,0.07
07/24/2020,SOFR,0.1
07/23/2020,EFFR,0.09
07/23/2020,OBFR,0.09
07/23/2020,TGCR,0.08
07/23/2020,BGCR,0.08
07/23/2020,SOFR,0.1
07/22/2020,EFFR,0.09
07/22/2020,OBFR,0.09
07/22/2020,TGCR,0.08
07/22/2020,BGCR,0.08
07/22/2020,SOFR,0.1
07/21/2020,EFFR,0.1
07/21/2020,OBFR,0.09
07/21/2020,TGCR,0.08
07/21/2020,BGCR,0.08
07/21/2020,SOFR,0.11
07/20/2020,EFFR,0.1
07/20/2020,OBFR,0.09
07/20/2020,TGCR,0.09
07/20/2020,BGCR,0.09
07/20/2020,SOFR,0.12
07/17/2020,EFFR,0.09
07/17/2020,OBFR,0.09
07/17/2020,TGCR,0.09
07/17/2020,BGCR,0.09
07/17/2020,SOFR,0.12
07/16/2020,EFFR,0.1
07/16/2020,OBFR,0.1
07/16/2020,TGCR,0.08
07/16/2020,BGCR,0.08
07/16/2020,SOFR,0.12
07/15/2020,EFFR,0.1
07/15/2020,OBFR,0.09
07/15/2020,TGCR,0.11
07/15/2020,BGCR,0.11
07/15/2020,SOFR,0.13
07/14/2020,EFFR,0.09
07/14/2020,OBFR,0.09
07/14/2020,TGCR,0.09
07/14/2020,BGCR,0.09
07/14/2020,SOFR,0.11
07/13/2020,EFFR,0.09
07/13/2020,OBFR,0.09
07/13/2020,TGCR,0.08
07/13/2020,BGCR,0.08
07/13/2020,SOFR,0.1
07/10/2020,EFFR,0.09
07/10/2020,OBFR,0.09
07/10/2020,TGCR,0.08
07/10/2020,BGCR,0.08
07/10/2020,SOFR,0.1
07/09/2020,EFFR,0.09
07/09/2020,OBFR,0.09
07/09/2020,TGCR,0.08
07/09/2020,BGCR,0.08
07/09/2020,SOFR,0.1
07/08/2020,EFFR,0.09
07/08/2020,OBFR,0.09
07/08/2020,TGCR,0.08
07/08/2020,BGCR,0.08
07/08/2020,SOFR,0.1
07/07/2020,EFFR,0.09
07/07/2020,OBFR,0.09
07/07/2020,TGCR,0.08
07/07/2020,BGCR,0.08
07/07/2020,SOFR,0.1
07/06/2020,EFFR,0.09
07/06/2020,OBFR,0.09
07/06/2020,TGCR,0.08
07/06/2020,BGCR,0.08
07/06/2020,SOFR,0.1
07/03/2020,EFFR,0.09
07/03/2020,OBFR,0.09
07/02/2020,EFFR,0.09
07/02/2020,OBFR,0.09
07/02/2020,TGCR,0.07
07/02/2020,BGCR,0.07
07/02/2020,SOFR,0.11
07/01/2020,EFFR,0.08
07/01/2020,OBFR,0.08
07/01/2020,TGCR,0.07
07/01/2020,BGCR,0.07
07/01/2020,SOFR,0.11
06/30/2020,EFFR,0.08
06/30/2020,OBFR,0.08
06/30/2020,TGCR,0.07
06/30/2020,BGCR,0.07
06/30/2020,SOFR,0.1
06/29/2020,EFFR,0.08
06/29/2020,OBFR,0.08
06/29/2020,TGCR,0.06
06/29/2020,BGCR,0.06
06/29/2020,SOFR,0.08
06/26/2020,EFFR,0.08
06/26/2020,OBFR,0.08
06/26/2020,TGCR,0.06
06/26/2020,BGCR,0.06
06/26/2020,SOFR,0.08
06/25/2020,EFFR,0.08
06/25/2020,OBFR,0.08
06/25/2020,TGCR,0.06
06/25/2020,BGCR,0.06
06/25/2020,SOFR,0.09
06/24/2020,EFFR,0.08
06/24/2020,OBFR,0.08
06/24/2020,TGCR,0.06
06/24/2020,BGCR,0.06
06/24/2020,SOFR,0.08
06/23/2020,EFFR,0.08
06/23/2020,OBFR,0.08
06/23/2020,TGCR,0.05
06/23/2020,BGCR,0.05
06/23/2020,SOFR,0.07
06/22/2020,EFFR,0.08
06/22/2020,OBFR,0.08
06/22/2020,TGCR,0.06
06/22/2020,BGCR,0.06
06/22/2020,SOFR,0.08
06/19/2020,EFFR,0.09
06/19/2020,OBFR,0.08
06/19/2020,TGCR,0.06
06/19/2020,BGCR,0.06
06/19/2020,SOFR,0.09
06/18/2020,EFFR,0.09
06/18/2020,OBFR,0.08
06/18/2020,TGCR,0.07
06/18/2020,BGCR,0.07
06/18/2020,SOFR,0.09
06/17/2020,EFFR,0.09
06/17/2020,OBFR,0.08
06/17/2020,TGCR,0.07
06/17/2020,BGCR,0.07
06/17/2020,SOFR,0.09
06/16/2020,EFFR,0.09
06/16/2020,OBFR,0.08
06/16/2020,TGCR,0.07
06/16/2020,BGCR,0.07
06/16/2020,SOFR,0.09
06/15/2020,EFFR,0.09
06/15/2020,OBFR,0.08
06/15/2020,TGCR,0.07
06/15/2020,BGCR,0.07
06/15/2020,SOFR,0.09
06/12/2020,EFFR,0.08
06/12/2020,OBFR,0.07
06/12/2020,TGCR,0.06
06/12/2020,BGCR,0.06
06/12/2020,SOFR,0.08
06/11/2020,EFFR,0.08
06/11/2020,OBFR,0.07
06/11/2020,TGCR,0.06
06/11/2020,BGCR,0.06
06/11/2020,SOFR,0.08
06/10/2020,EFFR,0.08
06/10/2020,OBFR,0.07
06/10/2020,TGCR,0.06
06/10/2020,BGCR,0.06
06/10/2020,SOFR,0.07
06/09/2020,EFFR,0.07
06/09/2020,OBFR,0.07
06/09/2020,TGCR,0.06
06/09/2020,BGCR,0.06
06/09/2020,SOFR,0.08
06/08/2020,EFFR,0.07
06/08/2020,OBFR,0.07
06/08/2020,TGCR,0.06
06/08/2020,BGCR,0.06
06/08/2020,SOFR,0.07
06/05/2020,EFFR,0.07
06/05/2020,OBFR,0.06
06/05/2020,TGCR,0.06
06/05/2020,BGCR,0.06
06/05/2020,SOFR,0.07
06/04/2020,EFFR,0.06
06/04/2020,OBFR,0.06
06/04/2020,TGCR,0.06
06/04/2020,BGCR,0.06
06/04/2020,SOFR,0.07
06/03/2020,EFFR,0.06
06/03/2020,OBFR,0.06
06/03/2020,TGCR,0.05
06/03/2020,BGCR,0.05
06/03/2020,SOFR,0.06
06/02/2020,EFFR,0.06
06/02/2020,OBFR,0.06
06/02/2020,TGCR,0.05
06/02/2020,BGCR,0.05
06/02/2020,SOFR,0.07
06/01/2020,EFFR,0.05
06/01/2020,OBFR,0.05
06/01/2020,TGCR,0.05
06/01/2020,BGCR,0.05
06/01/2020,SOFR,0.06
05/29/2020,EFFR,0.05
05/29/2020,OBFR,0.05
05/29/2020,TGCR,0.05
05/29/2020,BGCR,0.05
05/29/2020,SOFR,0.06
05/28/2020,EFFR,0.05
05/28/2020,OBFR,0.05
05/28/2020,TGCR,0.05
05/28/2020,BGCR,0.05
05/28/2020,SOFR,0.06
05/27/2020,EFFR,0.05
05/27/2020,OBFR,0.05
05/27/2020,TGCR,0.04
05/27/2020,BGCR,0.04
05/27/2020,SOFR,0.06
05/26/2020,EFFR,0.05
05/26/2020,OBFR,0.05
05/26/2020,TGCR,0.05
05/26/2020,BGCR,0.05
05/26/2020,SOFR,0.06
05/22/2020,EFFR,0.05
05/22/2020,OBFR,0.05
05/22/2020,TGCR,0.03
05/22/2020,BGCR,0.03
05/22/2020,SOFR,0.04
05/21/2020,EFFR,0.05
05/21/2020,OBFR,0.05
05/21/2020,TGCR,0.01
05/21/2020,BGCR,0.01
05/21/2020,SOFR,0.02
05/20/2020,EFFR,0.05
05/20/2020,OBFR,0.05
05/20/2020,TGCR,0.01
05/20/2020,BGCR,0.01
05/20/2020,SOFR,0.01
05/19/2020,EFFR,0.05
05/19/2020,OBFR,0.05
05/19/2020,TGCR,0.03
05/19/2020,BGCR,0.03
05/19/2020,SOFR,0.04
05/18/2020,EFFR,0.05
05/18/2020,OBFR,0.05
05/18/2020,TGCR,0.03
05/18/2020,BGCR,0.03
05/18/2020,SOFR,0.04
05/15/2020,EFFR,0.05
05/15/2020,OBFR,0.05
05/15/2020,TGCR,0.04
05/15/2020,BGCR,0.04
05/15/2020,SOFR,0.05
05/14/2020,EFFR,0.05
05/14/2020,OBFR,0.05
05/14/2020,TGCR,0.01
05/14/2020,BGCR,0.01
05/14/2020,SOFR,0.02
05/13/2020,EFFR,0.05
05/13/2020,OBFR,0.05
05/13/2020,TGCR,0.04
05/13/2020,BGCR,0.04
05/13/2020,SOFR,0.04
05/12/2020,EFFR,0.05
05/12/2020,OBFR,0.05
05/12/2020,TGCR,0.05
05/12/2020,BGCR,0.05
05/12/2020,SOFR,0.06
05/11/2020,EFFR,0.05
05/11/2020,OBFR,0.05
05/11/2020,TGCR,0.05
05/11/2020,BGCR,0.05
05/11/2020,SOFR,0.06
05/08/2020,EFFR,0.05
05/08/2020,OBFR,0.05
05/08/2020,TGCR,0.05
05/08/2020,BGCR,0.05
05/08/2020,SOFR,0.06
05/07/2020,EFFR,0.05
05/07/2020,OBFR,0.05
05/07/2020,TGCR,0.05
05/07/2020,BGCR,0.05
05/07/2020,SOFR,0.05
05/06/2020,EFFR,0.05
05/06/2020,OBFR,0.05
05/06/2020,TGCR,0.04
05/06/2020,BGCR,0.04
05/06/2020,SOFR,0.05
05/05/2020,EFFR,0.05
05/05/2020,OBFR,0.05
05/05/2020,TGCR,0.04
05/05/2020,BGCR,0.04
05/05/2020,SOFR,0.05
05/04/2020,EFFR,0.05
05/04/2020,OBFR,0.05
05/04/2020,TGCR,0.04
05/04/2020,BGCR,0.04
05/04/2020,SOFR,0.05
05/01/2020,EFFR,0.05
05/01/2020,OBFR,0.04
05/01/2020,TGCR,0.02
05/01/2020,BGCR,0.02
05/01/2020,SOFR,0.03
04/30/2020,EFFR,0.05
04/30/2020,OBFR,0.04
04/30/2020,TGCR,0.02
04/30/2020,BGCR,0.02
04/30/2020,SOFR,0.04
04/29/2020,EFFR,0.04
04/29/2020,OBFR,0.04
04/29/2020,TGCR,0.01
04/29/2020,BGCR,0.01
04/29/2020,SOFR,0.01
04/28/2020,EFFR,0.04
04/28/2020,OBFR,0.04
04/28/2020,TGCR,0.01
04/28/2020,BGCR,0.01
04/28/2020,SOFR,0.01
04/27/2020,EFFR,0.04
04/27/2020,OBFR,0.04
04/27/2020,TGCR,0.02
04/27/2020,BGCR,0.02
04/27/2020,SOFR,0.03
04/24/2020,EFFR,0.05
04/24/2020,OBFR,0.04
04/24/2020,TGCR,0.03
04/24/2020,BGCR,0.03
04/24/2020,SOFR,0.03
04/23/2020,EFFR,0.04
04/23/2020,OBFR,0.04
04/23/2020,TGCR,0.01
04/23/2020,BGCR,0.01
04/23/2020,SOFR,0.01
04/22/2020,EFFR,0.05
04/22/2020,OBFR,0.04
04/22/2020,TGCR,0.01
04/22/2020,BGCR,0.01
04/22/2020,SOFR,0.01
04/21/2020,EFFR,0.05
04/21/2020,OBFR,0.04
04/21/2020,TGCR,0.01
04/21/2020,BGCR,0.01
04/21/2020,SOFR,0.01
04/20/2020,EFFR,0.05
04/20/2020,OBFR,0.05
04/20/2020,TGCR,0.01
04/20/2020,BGCR,0.01
04/20/2020,SOFR,0.02
04/17/2020,EFFR,0.05
04/17/2020,OBFR,0.05
04/17/2020,TGCR,0.02
04/17/2020,BGCR,0.02
04/17/2020,SOFR,0.03
04/16/2020,EFFR,0.05
04/16/2020,OBFR,0.05
04/16/2020,TGCR,0.02
04/16/2020,BGCR,0.02
04/16/2020,SOFR,0.03
04/15/2020,EFFR,0.05
04/15/2020,OBFR,0.05
04/15/2020,TGCR,0.03
04/15/2020,BGCR,0.03
04/15/2020,SOFR,0.03
04/14/2020,EFFR,0.05
04/14/2020,OBFR,0.05
04/14/2020,TGCR,0.05
04/14/2020,BGCR,0.05
04/14/2020,SOFR,0.06
04/13/2020,EFFR,0.05
04/13/2020,OBFR,0.05
04/13/2020,TGCR,0.02
04/13/2020,BGCR,0.02
04/13/2020,SOFR,0.02
04/10/2020,EFFR,0.05
04/10/2020,OBFR,0.05
04/09/2020,EFFR,0.05
04/09/2020,OBFR,0.05
04/09/2020,TGCR,0.01
04/09/2020,BGCR,0.01
04/09/2020,SOFR,0.01
04/08/2020,EFFR,0.05
04/08/2020,OBFR,0.05
04/08/2020,TGCR,0.01
04/08/2020,BGCR,0.01
04/08/2020,SOFR,0.01
04/07/2020,EFFR,0.05
04/07/2020,OBFR,0.05
04/07/2020,TGCR,0.01
04/07/2020,BGCR,0.01
04/07/2020,SOFR,0.01
04/06/2020,EFFR,0.05
04/06/2020,OBFR,0.05
04/06/2020,TGCR,0.01
04/06/2020,BGCR,0.01
04/06/2020,SOFR,0.01
04/03/2020,EFFR,0.05
04/03/2020,OBFR,0.05
04/03/2020,TGCR,0.01
04/03/2020,BGCR,0.01
04/03/2020,SOFR,0.01
04/02/2020,EFFR,0.05
04/02/2020,OBFR,0.05
04/02/2020,TGCR,0.01
04/02/2020,BGCR,0.01
04/02/2020,SOFR,0.01
04/01/2020,EFFR,0.06
04/01/2020,OBFR,0.05
04/01/2020,TGCR,0.01
04/01/2020,BGCR,0.01
04/01/2020,SOFR,0.01
03/31/2020,EFFR,0.08
03/31/2020,OBFR,0.06
03/31/2020,TGCR,0.01
03/31/2020,BGCR,0.01
03/31/2020,SOFR,0.01
03/30/2020,EFFR,0.09
03/30/2020,OBFR,0.08
03/30/2020,TGCR,0.01
03/30/2020,BGCR,0.01
03/30/2020,SOFR,0.01
03/27/2020,EFFR,0.1
03/27/2020,OBFR,0.08
03/27/2020,TGCR,0.01
03/27/2020,BGCR,0.01
03/27/2020,SOFR,0.01
03/26/2020,EFFR,0.1
03/26/2020,OBFR,0.08
03/26/2020,TGCR,0.01
03/26/2020,BGCR,0.01
03/26/2020,SOFR,0.01
03/25/2020,EFFR,0.1
03/25/2020,OBFR,0.1
03/25/2020,TGCR,0.01
03/25/2020,BGCR,0.01
03/25/2020,SOFR,0.01
03/24/2020,EFFR,0.12
03/24/2020,OBFR,0.1
03/24/2020,TGCR,0.01
03/24/2020,BGCR,0.01
03/24/2020,SOFR,0.01
03/23/2020,EFFR,0.15
03/23/2020,OBFR,0.1
03/23/2020,TGCR,0.01
03/23/2020,BGCR,0.01
03/23/2020,SOFR,0.02
03/20/2020,EFFR,0.15
03/20/2020,OBFR,0.15
03/20/2020,TGCR,0.03
03/20/2020,BGCR,0.03
03/20/2020,SOFR,0.04
03/19/2020,EFFR,0.2
03/19/2020,OBFR,0.12
03/19/2020,TGCR,0.05
03/19/2020,BGCR,0.05
03/19/2020,SOFR,0.06
03/18/2020,EFFR,0.25
03/18/2020,OBFR,0.2
03/18/2020,TGCR,0.1
03/18/2020,BGCR,0.1
03/18/2020,SOFR,0.1
03/17/2020,EFFR,0.25
03/17/2020,OBFR,0.2
03/17/2020,TGCR,0.5
03/17/2020,BGCR,0.5
03/17/2020,SOFR,0.54
03/16/2020,EFFR,0.25
03/16/2020,OBFR,0.15
03/16/2020,TGCR,0.23
03/16/2020,BGCR,0.23
03/16/2020,SOFR,0.26
03/13/2020,EFFR,1.1
03/13/2020,OBFR,1.1
03/13/2020,TGCR,1.08
03/13/2020,BGCR,1.08
03/13/2020,SOFR,1.1
03/12/2020,EFFR,1.1
03/12/2020,OBFR,1.1
03/12/2020,TGCR,1.2
03/12/2020,BGCR,1.2
03/12/2020,SOFR,1.2
03/11/2020,EFFR,1.09
03/11/2020,OBFR,1.09
03/11/2020,TGCR,1.14
03/11/2020,BGCR,1.14
03/11/2020,SOFR,1.15
03/10/2020,EFFR,1.09
03/10/2020,OBFR,1.09
03/10/2020,TGCR,1.1
03/10/2020,BGCR,1.1
03/10/2020,SOFR,1.11
03/09/2020,EFFR,1.09
03/09/2020,OBFR,1.08
03/09/2020,TGCR,1.08
03/09/2020,BGCR,1.08
03/09/2020,SOFR,1.09
03/06/2020,EFFR,1.09
03/06/2020,OBFR,1.08
03/06/2020,TGCR,1.08
03/06/2020,BGCR,1.08
03/06/2020,SOFR,1.1
03/05/2020,EFFR,1.09
03/05/2020,OBFR,1.08
03/05/2020,TGCR,1.11
03/05/2020,BGCR,1.11
03/05/2020,SOFR,1.12
03/04/2020,EFFR,1.09
03/04/2020,OBFR,1.08
03/04/2020,TGCR,1.22
03/04/2020,BGCR,1.22
03/04/2020,SOFR,1.23
03/03/2020,EFFR,1.59
03/03/2020,OBFR,1.58
03/03/2020,TGCR,1.63
03/03/2020,BGCR,1.63
03/03/2020,SOFR,1.64
03/02/2020,EFFR,1.59
03/02/2020,OBFR,1.58
03/02/2020,TGCR,1.57
03/02/2020,BGCR,1.57
03/02/2020,SOFR,1.59
02/28/2020,EFFR,1.58
02/28/2020,OBFR,1.58
02/28/2020,TGCR,1.59
02/28/2020,BGCR,1.59
02/28/2020,SOFR,1.6
02/27/2020,EFFR,1.58
02/27/2020,OBFR,1.58
02/27/2020,TGCR,1.57
02/27/2020,BGCR,1.57
02/27/2020,SOFR,1.58
02/26/2020,EFFR,1.58
02/26/2020,OBFR,1.58
02/26/2020,TGCR,1.57
02/26/2020,BGCR,1.57
02/26/2020,SOFR,1.58
02/25/2020,EFFR,1.58
02/25/2020,OBFR,1.58
02/25/2020,TGCR,1.57
02/25/2020,BGCR,1.57
02/25/2020,SOFR,1.59
02/24/2020,EFFR,1.58
02/24/2020,OBFR,1.58
02/24/2020,TGCR,1.56
02/24/2020,BGCR,1.56
02/24/2020,SOFR,1.58
02/21/2020,EFFR,1.58
02/21/2020,OBFR,1.58
02/21/2020,TGCR,1.56
02/21/2020,BGCR,1.56
02/21/2020,SOFR,1.58
02/20/2020,EFFR,1.59
02/20/2020,OBFR,1.58
02/20/2020,TGCR,1.59
02/20/2020,BGCR,1.59
02/20/2020,SOFR,1.6
02/19/2020,EFFR,1.59
02/19/2020,OBFR,1.58
02/19/2020,TGCR,1.57
02/19/2020,BGCR,1.57
02/19/2020,SOFR,1.59
02/18/2020,EFFR,1.59
02/18/2020,OBFR,1.58
02/18/2020,TGCR,1.58
02/18/2020,BGCR,1.58
02/18/2020,SOFR,1.6
02/14/2020,EFFR,1.58
02/14/2020,OBFR,1.58
02/14/2020,TGCR,1.56
02/14/2020,BGCR,1.56
02/14/2020,SOFR,1.58
02/13/2020,EFFR,1.58
02/13/2020,OBFR,1.58
02/13/2020,TGCR,1.55
02/13/2020,BGCR,1.55
02/13/2020,SOFR,1.57
02/12/2020,EFFR,1.58
02/12/2020,OBFR,1.58
02/12/2020,TGCR,1.55
02/12/2020,BGCR,1.55
02/12/2020,SOFR,1.57
02/11/2020,EFFR,1.58
02/11/2020,OBFR,1.58
02/11/2020,TGCR,1.56
02/11/2020,BGCR,1.56
02/11/2020,SOFR,1.58
02/10/2020,EFFR,1.58
02/10/2020,OBFR,1.58
02/10/2020,TGCR,1.56
02/10/2020,BGCR,1.56
02/10/2020,SOFR,1.58
02/07/2020,EFFR,1.58
02/07/2020,OBFR,1.58
02/07/2020,TGCR,1.56
02/07/2020,BGCR,1.56
02/07/2020,SOFR,1.58
02/06/2020,EFFR,1.59
02/06/2020,OBFR,1.58
02/06/2020,TGCR,1.57
02/06/2020,BGCR,1.57
02/06/2020,SOFR,1.59
02/05/2020,EFFR,1.59
02/05/2020,OBFR,1.58
02/05/2020,TGCR,1.57
02/05/2020,BGCR,1.57
02/05/2020,SOFR,1.59
02/04/2020,EFFR,1.59
02/04/2020,OBFR,1.58
02/04/2020,TGCR,1.58
02/04/2020,BGCR,1.58
02/04/2020,SOFR,1.6
02/03/2020,EFFR,1.59
02/03/2020,OBFR,1.58
02/03/2020,TGCR,1.57
02/03/2020,BGCR,1.57
02/03/2020,SOFR,1.59
01/31/2020,EFFR,1.59
01/31/2020,OBFR,1.58
01/31/2020,TGCR,1.57
01/31/2020,BGCR,1.57
01/31/2020,SOFR,1.6
01/30/2020,EFFR,1.6
01/30/2020,OBFR,1.58
01/30/2020,TGCR,1.55
01/30/2020,BGCR,1.55
01/30/2020,SOFR,1.58
01/29/2020,EFFR,1.55
01/29/2020,OBFR,1.54
01/29/2020,TGCR,1.51
01/29/2020,BGCR,1.51
01/29/2020,SOFR,1.53
01/28/2020,EFFR,1.55
01/28/2020,OBFR,1.54
01/28/2020,TGCR,1.51
01/28/2020,BGCR,1.51
01/28/2020,SOFR,1.53
01/27/2020,EFFR,1.55
01/27/2020,OBFR,1.54
01/27/2020,TGCR,1.51
01/27/2020,BGCR,1.51
01/27/2020,SOFR,1.53
01/24/2020,EFFR,1.55
01/24/2020,OBFR,1.54
01/24/2020,TGCR,1.51
01/24/2020,BGCR,1.51
01/24/2020,SOFR,1.53
01/23/2020,EFFR,1.55
01/23/2020,OBFR,1.54
01/23/2020,TGCR,1.51
01/23/2020,BGCR,1.51
01/23/2020,SOFR,1.54
01/22/2020,EFFR,1.55
01/22/2020,OBFR,1.54
01/22/2020,TGCR,1.51
01/22/2020,BGCR,1.51
01/22/2020,SOFR,1.54
01/21/2020,EFFR,1.55
01/21/2020,OBFR,1.54
01/21/2020,TGCR,1.51
01/21/2020,BGCR,1.51
01/21/2020,SOFR,1.54
01/17/2020,EFFR,1.55
01/17/2020,OBFR,1.54
01/17/2020,TGCR,1.52
01/17/2020,BGCR,1.52
01/17/2020,SOFR,1.54
01/16/2020,EFFR,1.54
01/16/2020,OBFR,1.54
01/16/2020,TGCR,1.52
01/16/2020,BGCR,1.52
01/16/2020,SOFR,1.55
01/15/2020,EFFR,1.54
01/15/2020,OBFR,1.54
01/15/2020,TGCR,1.53
01/15/2020,BGCR,1.53
01/15/2020,SOFR,1.56
01/14/2020,EFFR,1.54
01/14/2020,OBFR,1.54
01/14/2020,TGCR,1.52
01/14/2020,BGCR,1.52
01/14/2020,SOFR,1.55
01/13/2020,EFFR,1.54
01/13/2020,OBFR,1.54
01/13/2020,TGCR,1.52
01/13/2020,BGCR,1.52
01/13/2020,SOFR,1.54
01/10/2020,EFFR,1.54
01/10/2020,OBFR,1.54
01/10/2020,TGCR,1.52
01/10/2020,BGCR,1.52
01/10/2020,SOFR,1.55
01/09/2020,EFFR,1.55
01/09/2020,OBFR,1.54
01/09/2020,TGCR,1.52
01/09/2020,BGCR,1.52
01/09/2020,SOFR,1.55
01/08/2020,EFFR,1.55
01/08/2020,OBFR,1.54
01/08/2020,TGCR,1.52
01/08/2020,BGCR,1.52
01/08/2020,SOFR,1.55
01/07/2020,EFFR,1.55
01/07/2020,OBFR,1.54
01/07/2020,TGCR,1.53
01/07/2020,BGCR,1.53
01/07/2020,SOFR,1.56
01/06/2020,EFFR,1.55
01/06/2020,OBFR,1.54
01/06/2020,TGCR,1.52
01/06/2020,BGCR,1.52
01/06/2020,SOFR,1.55
01/03/2020,EFFR,1.55
01/03/2020,OBFR,1.54
01/03/2020,TGCR,1.52
01/03/2020,BGCR,1.52
01/03/2020,SOFR,1.55
01/02/2020,EFFR,1.55
01/02/2020,OBFR,1.54
01/02/2020,TGCR,1.5
01/02/2020,BGCR,1.5
01/02/2020,SOFR,1.54
12/31/2019,EFFR,1.55
12/31/2019,OBFR,1.55
12/31/2019,TGCR,1.55
12/31/2019,BGCR,1.55
12/31/2019,SOFR,1.55
12/30/2019,EFFR,1.55
12/30/2019,OBFR,1.54
12/30/2019,TGCR,1.51
12/30/2019,BGCR,1.51
12/30/2019,SOFR,1.54
12/27/2019,EFFR,1.55
12/27/2019,OBFR,1.54
12/27/2019,TGCR,1.5
12/27/2019,BGCR,1.5
12/27/2019,SOFR,1.53
12/26/2019,EFFR,1.55
12/26/2019,OBFR,1.54
12/26/2019,TGCR,1.49
12/26/2019,BGCR,1.49
12/26/2019,SOFR,1.52
12/24/2019,EFFR,1.55
12/24/2019,OBFR,1.54
12/24/2019,TGCR,1.5
12/24/2019,BGCR,1.5
12/24/2019,SOFR,1.52
12/23/2019,EFFR,1.55
12/23/2019,OBFR,1.54
12/23/2019,TGCR,1.5
12/23/2019,BGCR,1.5
12/23/2019,SOFR,1.52
12/20/2019,EFFR,1.55
12/20/2019,OBFR,1.54
12/20/2019,TGCR,1.49
12/20/2019,BGCR,1.49
12/20/2019,SOFR,1.53
12/19/2019,EFFR,1.55
12/19/2019,OBFR,1.54
12/19/2019,TGCR,1.5
12/19/2019,BGCR,1.5
12/19/2019,SOFR,1.53
12/18/2019,EFFR,1.55
12/18/2019,OBFR,1.54
12/18/2019,TGCR,1.5
12/18/2019,BGCR,1.5
12/18/2019,SOFR,1.53
12/17/2019,EFFR,1.55
12/17/2019,OBFR,1.54
12/17/2019,TGCR,1.5
12/17/2019,BGCR,1.5
12/17/2019,SOFR,1.54
12/16/2019,EFFR,1.56
12/16/2019,OBFR,1.55
12/16/2019,TGCR,1.6
12/16/2019,BGCR,1.6
12/16/2019,SOFR,1.62
12/13/2019,EFFR,1.55
12/13/2019,OBFR,1.54
12/13/2019,TGCR,1.5
12/13/2019,BGCR,1.5
12/13/2019,SOFR,1.54
12/12/2019,EFFR,1.55
12/12/2019,OBFR,1.54
12/12/2019,TGCR,1.49
12/12/2019,BGCR,1.49
12/12/2019,SOFR,1.53
12/11/2019,EFFR,1.55
12/11/2019,OBFR,1.54
12/11/2019,TGCR,1.5
12/11/2019,BGCR,1.5
12/11/2019,SOFR,1.54
12/10/2019,EFFR,1.55
12/10/2019,OBFR,1.54
12/10/2019,TGCR,1.51
12/10/2019,BGCR,1.51
12/10/2019,SOFR,1.55
12/09/2019,EFFR,1.55
12/09/2019,OBFR,1.54
12/09/2019,TGCR,1.53
12/09/2019,BGCR,1.53
12/09/2019,SOFR,1.56
12/06/2019,EFFR,1.55
12/06/2019,OBFR,1.54
12/06/2019,TGCR,1.52
12/06/2019,BGCR,1.52
12/06/2019,SOFR,1.55
12/05/2019,EFFR,1.55
12/05/2019,OBFR,1.54
12/05/2019,TGCR,1.52
12/05/2019,BGCR,1.52
12/05/2019,SOFR,1.55
12/04/2019,EFFR,1.55
12/04/2019,OBFR,1.54
12/04/2019,TGCR,1.5
12/04/2019,BGCR,1.5
12/04/2019,SOFR,1.54
12/03/2019,EFFR,1.55
12/03/2019,OBFR,1.55
12/03/2019,TGCR,1.51
12/03/2019,BGCR,1.51
12/03/2019,SOFR,1.55
12/02/2019,EFFR,1.56
12/02/2019,OBFR,1.55
12/02/2019,TGCR,1.6
12/02/2019,BGCR,1.6
12/02/2019,SOFR,1.63
11/29/2019,EFFR,1.56
11/29/2019,OBFR,1.55
11/29/2019,TGCR,1.62
11/29/2019,BGCR,1.62
11/29/2019,SOFR,1.65
11/27/2019,EFFR,1.55
11/27/2019,OBFR,1.54
11/27/2019,TGCR,1.5
11/27/2019,BGCR,1.5
11/27/2019,SOFR,1.55
11/26/2019,EFFR,1.55
11/26/2019,OBFR,1.54
11/26/2019,TGCR,1.51
11/26/2019,BGCR,1.51
11/26/2019,SOFR,1.54
11/25/2019,EFFR,1.55
11/25/2019,OBFR,1.55
11/25/2019,TGCR,1.54
11/25/2019,BGCR,1.54
11/25/2019,SOFR,1.56
11/22/2019,EFFR,1.55
11/22/2019,OBFR,1.55
11/22/2019,TGCR,1.56
11/22/2019,BGCR,1.56
11/22/2019,SOFR,1.58
11/21/2019,EFFR,1.55
11/21/2019,OBFR,1.55
11/21/2019,TGCR,1.55
11/21/2019,BGCR,1.55
11/21/2019,SOFR,1.58
11/20/2019,EFFR,1.55
11/20/2019,OBFR,1.55
11/20/2019,TGCR,1.54
11/20/2019,BGCR,1.54
11/20/2019,SOFR,1.57
11/19/2019,EFFR,1.55
11/19/2019,OBFR,1.55
11/19/2019,TGCR,1.53
11/19/2019,BGCR,1.53
11/19/2019,SOFR,1.57
11/18/2019,EFFR,1.55
11/18/2019,OBFR,1.55
11/18/2019,TGCR,1.52
11/18/2019,BGCR,1.52
11/18/2019,SOFR,1.56
11/15/2019,EFFR,1.55
11/15/2019,OBFR,1.55
11/15/2019,TGCR,1.55
11/15/2019,BGCR,1.55
11/15/2019,SOFR,1.59
11/14/2019,EFFR,1.55
11/14/2019,OBFR,1.55
11/14/2019,TGCR,1.55
11/14/2019,BGCR,1.55
11/14/2019,SOFR,1.58
11/13/2019,EFFR,1.55
11/13/2019,OBFR,1.55
11/13/2019,TGCR,1.54
11/13/2019,BGCR,1.54
11/13/2019,SOFR,1.57
11/12/2019,EFFR,1.55
11/12/2019,OBFR,1.55
11/12/2019,TGCR,1.54
11/12/2019,BGCR,1.54
11/12/2019,SOFR,1.57
11/08/2019,EFFR,1.55
11/08/2019,OBFR,1.55
11/08/2019,TGCR,1.53
11/08/2019,BGCR,1.53
11/08/2019,SOFR,1.56
11/07/2019,EFFR,1.55
11/07/2019,OBFR,1.55
11/07/2019,TGCR,1.53
11/07/2019,BGCR,1.53
11/07/2019,SOFR,1.56
11/06/2019,EFFR,1.55
11/06/2019,OBFR,1.55
11/06/2019,TGCR,1.53
11/06/2019,BGCR,1.53
11/06/2019,SOFR,1.57
11/05/2019,EFFR,1.56
11/05/2019,OBFR,1.55
11/05/2019,TGCR,1.55
11/05/2019,BGCR,1.55
11/05/2019,SOFR,1.58
11/04/2019,EFFR,1.56
11/04/2019,OBFR,1.55
11/04/2019,TGCR,1.54
11/04/2019,BGCR,1.54
11/04/2019,SOFR,1.56
11/01/2019,EFFR,1.57
11/01/2019,OBFR,1.56
11/01/2019,TGCR,1.55
11/01/2019,BGCR,1.55
11/01/2019,SOFR,1.58
10/31/2019,EFFR,1.58
10/31/2019,OBFR,1.57
10/31/2019,TGCR,1.73
10/31/2019,BGCR,1.73
10/31/2019,SOFR,1.76
10/30/2019,EFFR,1.82
10/30/2019,OBFR,1.8
10/30/2019,TGCR,1.8
10/30/2019,BGCR,1.8
10/30/2019,SOFR,1.82
10/29/2019,EFFR,1.82
10/29/2019,OBFR,1.8
10/29/2019,TGCR,1.78
10/29/2019,BGCR,1.78
10/29/2019,SOFR,1.81
10/28/2019,EFFR,1.83
10/28/2019,OBFR,1.8
10/28/2019,TGCR,1.8
10/28/2019,BGCR,1.8
10/28/2019,SOFR,1.82
10/25/2019,EFFR,1.83
10/25/2019,OBFR,1.81
10/25/2019,TGCR,1.81
10/25/2019,BGCR,1.81
10/25/2019,SOFR,1.84
10/24/2019,EFFR,1.85
10/24/2019,OBFR,1.82
10/24/2019,TGCR,1.84
10/24/2019,BGCR,1.85
10/24/2019,SOFR,1.86
10/23/2019,EFFR,1.85
10/23/2019,OBFR,1.82
10/23/2019,TGCR,1.84
10/23/2019,BGCR,1.84
10/23/2019,SOFR,1.87
10/22/2019,EFFR,1.85
10/22/2019,OBFR,1.83
10/22/2019,TGCR,1.85
10/22/2019,BGCR,1.85
10/22/2019,SOFR,1.87
10/21/2019,EFFR,1.85
10/21/2019,OBFR,1.82
10/21/2019,TGCR,1.83
10/21/2019,BGCR,1.83
10/21/2019,SOFR,1.86
10/18/2019,EFFR,1.85
10/18/2019,OBFR,1.83
10/18/2019,TGCR,1.85
10/18/2019,BGCR,1.85
10/18/2019,SOFR,1.88
10/17/2019,EFFR,1.85
10/17/2019,OBFR,1.85
10/17/2019,TGCR,1.93
10/17/2019,BGCR,1.93
10/17/2019,SOFR,1.95
10/16/2019,EFFR,1.9
10/16/2019,OBFR,1.88
10/16/2019,TGCR,2.02
10/16/2019,BGCR,2.02
10/16/2019,SOFR,2.05
10/15/2019,EFFR,1.9
10/15/2019,OBFR,1.9
10/15/2019,TGCR,1.95
10/15/2019,BGCR,1.96
10/15/2019,SOFR,2
10/11/2019,EFFR,1.82
10/11/2019,OBFR,1.81
10/11/2019,TGCR,1.82
10/11/2019,BGCR,1.82
10/11/2019,SOFR,1.85
10/10/2019,EFFR,1.82
10/10/2019,OBFR,1.81
10/10/2019,TGCR,1.82
10/10/2019,BGCR,1.82
10/10/2019,SOFR,1.85
10/09/2019,EFFR,1.82
10/09/2019,OBFR,1.8
10/09/2019,TGCR,1.82
10/09/2019,BGCR,1.82
10/09/2019,SOFR,1.85
10/08/2019,EFFR,1.82
10/08/2019,OBFR,1.8
10/08/2019,TGCR,1.82
10/08/2019,BGCR,1.82
10/08/2019,SOFR,1.85
10/07/2019,EFFR,1.82
10/07/2019,OBFR,1.8
10/07/2019,TGCR,1.8
10/07/2019,BGCR,1.8
10/07/2019,SOFR,1.83
10/04/2019,EFFR,1.82
10/04/2019,OBFR,1.81
10/04/2019,TGCR,1.79
10/04/2019,BGCR,1.79
10/04/2019,SOFR,1.82
10/03/2019,EFFR,1.83
10/03/2019,OBFR,1.82
10/03/2019,TGCR,1.81
10/03/2019,BGCR,1.81
10/03/2019,SOFR,1.84
10/02/2019,EFFR,1.85
10/02/2019,OBFR,1.84
10/02/2019,TGCR,1.82
10/02/2019,BGCR,1.82
10/02/2019,SOFR,1.85
10/01/2019,EFFR,1.88
10/01/2019,OBFR,1.85
10/01/2019,TGCR,1.84
10/01/2019,BGCR,1.84
10/01/2019,SOFR,1.88
09/30/2019,EFFR,1.9
09/30/2019,OBFR,1.9
09/30/2019,TGCR,2.35
09/30/2019,BGCR,2.35
09/30/2019,SOFR,2.35
09/27/2019,EFFR,1.83
09/27/2019,OBFR,1.82
09/27/2019,TGCR,1.8
09/27/2019,BGCR,1.8
09/27/2019,SOFR,1.82
09/26/2019,EFFR,1.85
09/26/2019,OBFR,1.83
09/26/2019,TGCR,1.82
09/26/2019,BGCR,1.82
09/26/2019,SOFR,1.85
09/25/2019,EFFR,1.9
09/25/2019,OBFR,1.85
09/25/2019,TGCR,2
09/25/2019,BGCR,2
09/25/2019,SOFR,2.01
09/24/2019,EFFR,1.9
09/24/2019,OBFR,1.85
09/24/2019,TGCR,1.94
09/24/2019,BGCR,1.94
09/24/2019,SOFR,1.96
09/23/2019,EFFR,1.9
09/23/2019,OBFR,1.85
09/23/2019,TGCR,1.82
09/23/2019,BGCR,1.82
09/23/2019,SOFR,1.85
09/20/2019,EFFR,1.9
09/20/2019,OBFR,1.85
09/20/2019,TGCR,1.85
09/20/2019,BGCR,1.85
09/20/2019,SOFR,1.86
09/19/2019,EFFR,1.9
09/19/2019,OBFR,1.85
09/19/2019,TGCR,1.9
09/19/2019,BGCR,1.91
09/19/2019,SOFR,1.95
09/18/2019,EFFR,2.25
09/18/2019,OBFR,2.18
09/18/2019,TGCR,2.5
09/18/2019,BGCR,2.5
09/18/2019,SOFR,2.55
09/17/2019,EFFR,2.3
09/17/2019,OBFR,2.25
09/17/2019,TGCR,5.25
09/17/2019,BGCR,5.25
09/17/2019,SOFR,5.25
09/16/2019,EFFR,2.25
09/16/2019,OBFR,2.18
09/16/2019,TGCR,2.42
09/16/2019,BGCR,2.42
09/16/2019,SOFR,2.43
09/13/2019,EFFR,2.14
09/13/2019,OBFR,2.14
09/13/2019,TGCR,2.19
09/13/2019,BGCR,2.19
09/13/2019,SOFR,2.2
09/12/2019,EFFR,2.13
09/12/2019,OBFR,2.13
09/12/2019,TGCR,2.18
09/12/2019,BGCR,2.18
09/12/2019,SOFR,2.2
09/11/2019,EFFR,2.13
09/11/2019,OBFR,2.11
09/11/2019,TGCR,2.14
09/11/2019,BGCR,2.14
09/11/2019,SOFR,2.15
09/10/2019,EFFR,2.13
09/10/2019,OBFR,2.11
09/10/2019,TGCR,2.13
09/10/2019,BGCR,2.13
09/10/2019,SOFR,2.14
09/09/2019,EFFR,2.13
09/09/2019,OBFR,2.11
09/09/2019,TGCR,2.11
09/09/2019,BGCR,2.11
09/09/2019,SOFR,2.12
09/06/2019,EFFR,2.12
09/06/2019,OBFR,2.11
09/06/2019,TGCR,2.15
09/06/2019,BGCR,2.15
09/06/2019,SOFR,2.15
09/05/2019,EFFR,2.13
09/05/2019,OBFR,2.11
09/05/2019,TGCR,2.2
09/05/2019,BGCR,2.2
09/05/2019,SOFR,2.21
09/04/2019,EFFR,2.13
09/04/2019,OBFR,2.11
09/04/2019,TGCR,2.2
09/04/2019,BGCR,2.2
09/04/2019,SOFR,2.21
09/03/2019,EFFR,2.13
09/03/2019,OBFR,2.12
09/03/2019,TGCR,2.15
09/03/2019,BGCR,2.15
09/03/2019,SOFR,2.17
08/30/2019,EFFR,2.13
08/30/2019,OBFR,2.11
08/30/2019,TGCR,2.15
08/30/2019,BGCR,2.15
08/30/2019,SOFR,2.16
08/29/2019,EFFR,2.12
08/29/2019,OBFR,2.1
08/29/2019,TGCR,2.11
08/29/2019,BGCR,2.11
08/29/2019,SOFR,2.12
08/28/2019,EFFR,2.12
08/28/2019,OBFR,2.11
08/28/2019,TGCR,2.11
08/28/2019,BGCR,2.11
08/28/2019,SOFR,2.12
08/27/2019,EFFR,2.12
08/27/2019,OBFR,2.11
08/27/2019,TGCR,2.14
08/27/2019,BGCR,2.14
08/27/2019,SOFR,2.15
08/26/2019,EFFR,2.12
08/26/2019,OBFR,2.1
08/26/2019,TGCR,2.08
08/26/2019,BGCR,2.08
08/26/2019,SOFR,2.1
08/23/2019,EFFR,2.12
08/23/2019,OBFR,2.1
08/23/2019,TGCR,2.07
08/23/2019,BGCR,2.07
08/23/2019,SOFR,2.1
08/22/2019,EFFR,2.12
08/22/2019,OBFR,2.1
08/22/2019,TGCR,2.07
08/22/2019,BGCR,2.07
08/22/2019,SOFR,2.09
08/21/2019,EFFR,2.12
08/21/2019,OBFR,2.11
08/21/2019,TGCR,2.08
08/21/2019,BGCR,2.08
08/21/2019,SOFR,2.1
08/20/2019,EFFR,2.13
08/20/2019,OBFR,2.1
08/20/2019,TGCR,2.12
08/20/2019,BGCR,2.12
08/20/2019,SOFR,2.13
08/19/2019,EFFR,2.13
08/19/2019,OBFR,2.1
08/19/2019,TGCR,2.1
08/19/2019,BGCR,2.1
08/19/2019,SOFR,2.11
08/16/2019,EFFR,2.13
08/16/2019,OBFR,2.11
08/16/2019,TGCR,2.12
08/16/2019,BGCR,2.12
08/16/2019,SOFR,2.13
08/15/2019,EFFR,2.13
08/15/2019,OBFR,2.1
08/15/2019,TGCR,2.17
08/15/2019,BGCR,2.17
08/15/2019,SOFR,2.18
08/14/2019,EFFR,2.12
08/14/2019,OBFR,2.1
08/14/2019,TGCR,2.12
08/14/2019,BGCR,2.12
08/14/2019,SOFR,2.13
08/13/2019,EFFR,2.12
08/13/2019,OBFR,2.11
08/13/2019,TGCR,2.16
08/13/2019,BGCR,2.16
08/13/2019,SOFR,2.16
08/12/2019,EFFR,2.12
08/12/2019,OBFR,2.1
08/12/2019,TGCR,2.11
08/12/2019,BGCR,2.11
08/12/2019,SOFR,2.12
08/09/2019,EFFR,2.12
08/09/2019,OBFR,2.1
08/09/2019,TGCR,2.1
08/09/2019,BGCR,2.1
08/09/2019,SOFR,2.11
08/08/2019,EFFR,2.12
08/08/2019,OBFR,2.1
08/08/2019,TGCR,2.07
08/08/2019,BGCR,2.07
08/08/2019,SOFR,2.09
08/07/2019,EFFR,2.12
08/07/2019,OBFR,2.1
08/07/2019,TGCR,2.09
08/07/2019,BGCR,2.09
08/07/2019,SOFR,2.1
08/06/2019,EFFR,2.13
08/06/2019,OBFR,2.11
08/06/2019,TGCR,2.1
08/06/2019,BGCR,2.1
08/06/2019,SOFR,2.11
08/05/2019,EFFR,2.13
08/05/2019,OBFR,2.1
08/05/2019,TGCR,2.12
08/05/2019,BGCR,2.12
08/05/2019,SOFR,2.13
08/02/2019,EFFR,2.14
08/02/2019,OBFR,2.1
08/02/2019,TGCR,2.18
08/02/2019,BGCR,2.18
08/02/2019,SOFR,2.19
08/01/2019,EFFR,2.14
08/01/2019,OBFR,2.12
08/01/2019,TGCR,2.19
08/01/2019,BGCR,2.19
08/01/2019,SOFR,2.19
07/31/2019,EFFR,2.4
07/31/2019,OBFR,2.37
07/31/2019,TGCR,2.53
07/31/2019,BGCR,2.53
07/31/2019,SOFR,2.55
07/30/2019,EFFR,2.39
07/30/2019,OBFR,2.37
07/30/2019,TGCR,2.38
07/30/2019,BGCR,2.38
07/30/2019,SOFR,2.39
07/29/2019,EFFR,2.4
07/29/2019,OBFR,2.37
07/29/2019,TGCR,2.39
07/29/2019,BGCR,2.39
07/29/2019,SOFR,2.4
07/26/2019,EFFR,2.4
07/26/2019,OBFR,2.37
07/26/2019,TGCR,2.4
07/26/2019,BGCR,2.4
07/26/2019,SOFR,2.41
07/25/2019,EFFR,2.4
07/25/2019,OBFR,2.37
07/25/2019,TGCR,2.41
07/25/2019,BGCR,2.41
07/25/2019,SOFR,2.42
07/24/2019,EFFR,2.4
07/24/2019,OBFR,2.38
07/24/2019,TGCR,2.4
07/24/2019,BGCR,2.4
07/24/2019,SOFR,2.41
07/23/2019,EFFR,2.4
07/23/2019,OBFR,2.39
07/23/2019,TGCR,2.38
07/23/2019,BGCR,2.38
07/23/2019,SOFR,2.4
07/22/2019,EFFR,2.4
07/22/2019,OBFR,2.4
07/22/2019,TGCR,2.38
07/22/2019,BGCR,2.38
07/22/2019,SOFR,2.4
07/19/2019,EFFR,2.41
07/19/2019,OBFR,2.4
07/19/2019,TGCR,2.4
07/19/2019,BGCR,2.4
07/19/2019,SOFR,2.41
07/18/2019,EFFR,2.41
07/18/2019,OBFR,2.38
07/18/2019,TGCR,2.44
07/18/2019,BGCR,2.44
07/18/2019,SOFR,2.46
07/17/2019,EFFR,2.41
07/17/2019,OBFR,2.39
07/17/2019,TGCR,2.45
07/17/2019,BGCR,2.45
07/17/2019,SOFR,2.47
07/16/2019,EFFR,2.41
07/16/2019,OBFR,2.4
07/16/2019,TGCR,2.44
07/16/2019,BGCR,2.44
07/16/2019,SOFR,2.47
07/15/2019,EFFR,2.4
07/15/2019,OBFR,2.39
07/15/2019,TGCR,2.43
07/15/2019,BGCR,2.43
07/15/2019,SOFR,2.46
07/12/2019,EFFR,2.38
07/12/2019,OBFR,2.37
07/12/2019,TGCR,2.34
07/12/2019,BGCR,2.34
07/12/2019,SOFR,2.36
07/11/2019,EFFR,2.4
07/11/2019,OBFR,2.38
07/11/2019,TGCR,2.4
07/11/2019,BGCR,2.4
07/11/2019,SOFR,2.41
07/10/2019,EFFR,2.41
07/10/2019,OBFR,2.4
07/10/2019,TGCR,2.45
07/10/2019,BGCR,2.45
07/10/2019,SOFR,2.46
07/09/2019,EFFR,2.41
07/09/2019,OBFR,2.4
07/09/2019,TGCR,2.45
07/09/2019,BGCR,2.45
07/09/2019,SOFR,2.45
07/08/2019,EFFR,2.41
07/08/2019,OBFR,2.4
07/08/2019,TGCR,2.46
07/08/2019,BGCR,2.46
07/08/2019,SOFR,2.48
07/05/2019,EFFR,2.42
07/05/2019,OBFR,2.4
07/05/2019,TGCR,2.58
07/05/2019,BGCR,2.58
07/05/2019,SOFR,2.59
07/03/2019,EFFR,2.41
07/03/2019,OBFR,2.4
07/03/2019,TGCR,2.55
07/03/2019,BGCR,2.55
07/03/2019,SOFR,2.56
07/02/2019,EFFR,2.4
07/02/2019,OBFR,2.4
07/02/2019,TGCR,2.49
07/02/2019,BGCR,2.49
07/02/2019,SOFR,2.51
07/01/2019,EFFR,2.39
07/01/2019,OBFR,2.38
07/01/2019,TGCR,2.38
07/01/2019,BGCR,2.38
07/01/2019,SOFR,2.42
06/28/2019,EFFR,2.4
06/28/2019,OBFR,2.38
06/28/2019,TGCR,2.5
06/28/2019,BGCR,2.5
06/28/2019,SOFR,2.5
06/27/2019,EFFR,2.38
06/27/2019,OBFR,2.36
06/27/2019,TGCR,2.4
06/27/2019,BGCR,2.4
06/27/2019,SOFR,2.42
06/26/2019,EFFR,2.38
06/26/2019,OBFR,2.37
06/26/2019,TGCR,2.43
06/26/2019,BGCR,2.43
06/26/2019,SOFR,2.43
06/25/2019,EFFR,2.38
06/25/2019,OBFR,2.37
06/25/2019,TGCR,2.4
06/25/2019,BGCR,2.4
06/25/2019,SOFR,2.41
06/24/2019,EFFR,2.38
06/24/2019,OBFR,2.37
06/24/2019,TGCR,2.38
06/24/2019,BGCR,2.38
06/24/2019,SOFR,2.39
06/21/2019,EFFR,2.38
06/21/2019,OBFR,2.37
06/21/2019,TGCR,2.35
06/21/2019,BGCR,2.35
06/21/2019,SOFR,2.37
06/20/2019,EFFR,2.37
06/20/2019,OBFR,2.36
06/20/2019,TGCR,2.33
06/20/2019,BGCR,2.33
06/20/2019,SOFR,2.36
06/19/2019,EFFR,2.37
06/19/2019,OBFR,2.36
06/19/2019,TGCR,2.34
06/19/2019,BGCR,2.34
06/19/2019,SOFR,2.36
06/18/2019,EFFR,2.37
06/18/2019,OBFR,2.37
06/18/2019,TGCR,2.36
06/18/2019,BGCR,2.36
06/18/2019,SOFR,2.39
06/17/2019,EFFR,2.38
06/17/2019,OBFR,2.37
06/17/2019,TGCR,2.38
06/17/2019,BGCR,2.38
06/17/2019,SOFR,2.41
06/14/2019,EFFR,2.36
06/14/2019,OBFR,2.35
06/14/2019,TGCR,2.32
06/14/2019,BGCR,2.32
06/14/2019,SOFR,2.35
06/13/2019,EFFR,2.37
06/13/2019,OBFR,2.35
06/13/2019,TGCR,2.34
06/13/2019,BGCR,2.34
06/13/2019,SOFR,2.35
06/12/2019,EFFR,2.37
06/12/2019,OBFR,2.35
06/12/2019,TGCR,2.36
06/12/2019,BGCR,2.36
06/12/2019,SOFR,2.37
06/11/2019,EFFR,2.37
06/11/2019,OBFR,2.36
06/11/2019,TGCR,2.36
06/11/2019,BGCR,2.36
06/11/2019,SOFR,2.38
06/10/2019,EFFR,2.37
06/10/2019,OBFR,2.37
06/10/2019,TGCR,2.37
06/10/2019,BGCR,2.37
06/10/2019,SOFR,2.39
06/07/2019,EFFR,2.37
06/07/2019,OBFR,2.36
06/07/2019,TGCR,2.37
06/07/2019,BGCR,2.37
06/07/2019,SOFR,2.39
06/06/2019,EFFR,2.37
06/06/2019,OBFR,2.36
06/06/2019,TGCR,2.37
06/06/2019,BGCR,2.37
06/06/2019,SOFR,2.4
06/05/2019,EFFR,2.38
06/05/2019,OBFR,2.37
06/05/2019,TGCR,2.36
06/05/2019,BGCR,2.36
06/05/2019,SOFR,2.4
06/04/2019,EFFR,2.38
06/04/2019,OBFR,2.37
06/04/2019,TGCR,2.36
06/04/2019,BGCR,2.36
06/04/2019,SOFR,2.39
06/03/2019,EFFR,2.38
06/03/2019,OBFR,2.37
06/03/2019,TGCR,2.37
06/03/2019,BGCR,2.37
06/03/2019,SOFR,2.4
05/31/2019,EFFR,2.4
05/31/2019,OBFR,2.38
05/31/2019,TGCR,2.48
05/31/2019,BGCR,2.48
05/31/2019,SOFR,2.49
05/30/2019,EFFR,2.39
05/30/2019,OBFR,2.37
05/30/2019,TGCR,2.39
05/30/2019,BGCR,2.39
05/30/2019,SOFR,2.4
05/29/2019,EFFR,2.39
05/29/2019,OBFR,2.37
05/29/2019,TGCR,2.39
05/29/2019,BGCR,2.39
05/29/2019,SOFR,2.4
05/28/2019,EFFR,2.39
05/28/2019,OBFR,2.37
05/28/2019,TGCR,2.38
05/28/2019,BGCR,2.38
05/28/2019,SOFR,2.41
05/24/2019,EFFR,2.38
05/24/2019,OBFR,2.37
05/24/2019,TGCR,2.34
05/24/2019,BGCR,2.34
05/24/2019,SOFR,2.37
05/23/2019,EFFR,2.38
05/23/2019,OBFR,2.36
05/23/2019,TGCR,2.34
05/23/2019,BGCR,2.34
05/23/2019,SOFR,2.37
05/22/2019,EFFR,2.38
05/22/2019,OBFR,2.37
05/22/2019,TGCR,2.34
05/22/2019,BGCR,2.34
05/22/2019,SOFR,2.37
05/21/2019,EFFR,2.39
05/21/2019,OBFR,2.37
05/21/2019,TGCR,2.36
05/21/2019,BGCR,2.36
05/21/2019,SOFR,2.38
05/20/2019,EFFR,2.39
05/20/2019,OBFR,2.38
05/20/2019,TGCR,2.36
05/20/2019,BGCR,2.36
05/20/2019,SOFR,2.39
05/17/2019,EFFR,2.39
05/17/2019,OBFR,2.37
05/17/2019,TGCR,2.39
05/17/2019,BGCR,2.39
05/17/2019,SOFR,2.42
05/16/2019,EFFR,2.39
05/16/2019,OBFR,2.38
05/16/2019,TGCR,2.4
05/16/2019,BGCR,2.4
05/16/2019,SOFR,2.43
05/15/2019,EFFR,2.4
05/15/2019,OBFR,2.39
05/15/2019,TGCR,2.45
05/15/2019,BGCR,2.45
05/15/2019,SOFR,2.48
05/14/2019,EFFR,2.38
05/14/2019,OBFR,2.37
05/14/2019,TGCR,2.36
05/14/2019,BGCR,2.36
05/14/2019,SOFR,2.39
05/13/2019,EFFR,2.38
05/13/2019,OBFR,2.36
05/13/2019,TGCR,2.35
05/13/2019,BGCR,2.35
05/13/2019,SOFR,2.38
05/10/2019,EFFR,2.38
05/10/2019,OBFR,2.37
05/10/2019,TGCR,2.36
05/10/2019,BGCR,2.37
05/10/2019,SOFR,2.4
05/09/2019,EFFR,2.38
05/09/2019,OBFR,2.37
05/09/2019,TGCR,2.38
05/09/2019,BGCR,2.38
05/09/2019,SOFR,2.41
05/08/2019,EFFR,2.39
05/08/2019,OBFR,2.38
05/08/2019,TGCR,2.4
05/08/2019,BGCR,2.4
05/08/2019,SOFR,2.43
05/07/2019,EFFR,2.4
05/07/2019,OBFR,2.38
05/07/2019,TGCR,2.41
05/07/2019,BGCR,2.41
05/07/2019,SOFR,2.44
05/06/2019,EFFR,2.4
05/06/2019,OBFR,2.38
05/06/2019,TGCR,2.4
05/06/2019,BGCR,2.4
05/06/2019,SOFR,2.42
05/03/2019,EFFR,2.4
05/03/2019,OBFR,2.4
05/03/2019,TGCR,2.41
05/03/2019,BGCR,2.41
05/03/2019,SOFR,2.43
05/02/2019,EFFR,2.41
05/02/2019,OBFR,2.4
05/02/2019,TGCR,2.46
05/02/2019,BGCR,2.46
05/02/2019,SOFR,2.5
05/01/2019,EFFR,2.45
05/01/2019,OBFR,2.44
05/01/2019,TGCR,2.5
05/01/2019,BGCR,2.5
05/01/2019,SOFR,2.54
04/30/2019,EFFR,2.45
04/30/2019,OBFR,2.45
04/30/2019,TGCR,2.75
04/30/2019,BGCR,2.75
04/30/2019,SOFR,2.76
04/29/2019,EFFR,2.45
04/29/2019,OBFR,2.42
04/29/2019,TGCR,2.46
04/29/2019,BGCR,2.46
04/29/2019,SOFR,2.48
04/26/2019,EFFR,2.44
04/26/2019,OBFR,2.43
04/26/2019,TGCR,2.45
04/26/2019,BGCR,2.45
04/26/2019,SOFR,2.46
04/25/2019,EFFR,2.44
04/25/2019,OBFR,2.42
04/25/2019,TGCR,2.41
04/25/2019,BGCR,2.41
04/25/2019,SOFR,2.45
04/24/2019,EFFR,2.44
04/24/2019,OBFR,2.42
04/24/2019,TGCR,2.41
04/24/2019,BGCR,2.41
04/24/2019,SOFR,2.44
04/23/2019,EFFR,2.44
04/23/2019,OBFR,2.42
04/23/2019,TGCR,2.45
04/23/2019,BGCR,2.45
04/23/2019,SOFR,2.46
04/22/2019,EFFR,2.44
04/22/2019,OBFR,2.42
04/22/2019,TGCR,2.43
04/22/2019,BGCR,2.43
04/22/2019,SOFR,2.46
04/19/2019,EFFR,2.44
04/19/2019,OBFR,2.43
04/18/2019,EFFR,2.43
04/18/2019,OBFR,2.42
04/18/2019,TGCR,2.46
04/18/2019,BGCR,2.46
04/18/2019,SOFR,2.5
04/17/2019,EFFR,2.42
04/17/2019,OBFR,2.41
04/17/2019,TGCR,2.47
04/17/2019,BGCR,2.47
04/17/2019,SOFR,2.5
04/16/2019,EFFR,2.41
04/16/2019,OBFR,2.4
04/16/2019,TGCR,2.43
04/16/2019,BGCR,2.43
04/16/2019,SOFR,2.47
04/15/2019,EFFR,2.41
04/15/2019,OBFR,2.4
04/15/2019,TGCR,2.43
04/15/2019,BGCR,2.43
04/15/2019,SOFR,2.47
04/12/2019,EFFR,2.41
04/12/2019,OBFR,2.4
04/12/2019,TGCR,2.4
04/12/2019,BGCR,2.4
04/12/2019,SOFR,2.44
04/11/2019,EFFR,2.41
04/11/2019,OBFR,2.4
04/11/2019,TGCR,2.4
04/11/2019,BGCR,2.4
04/11/2019,SOFR,2.44
04/10/2019,EFFR,2.41
04/10/2019,OBFR,2.4
04/10/2019,TGCR,2.42
04/10/2019,BGCR,2.42
04/10/2019,SOFR,2.45
04/09/2019,EFFR,2.41
04/09/2019,OBFR,2.4
04/09/2019,TGCR,2.42
04/09/2019,BGCR,2.42
04/09/2019,SOFR,2.45
04/08/2019,EFFR,2.41
04/08/2019,OBFR,2.4
04/08/2019,TGCR,2.43
04/08/2019,BGCR,2.43
04/08/2019,SOFR,2.46
04/05/2019,EFFR,2.41
04/05/2019,OBFR,2.4
04/05/2019,TGCR,2.43
04/05/2019,BGCR,2.43
04/05/2019,SOFR,2.46
04/04/2019,EFFR,2.41
04/04/2019,OBFR,2.4
04/04/2019,TGCR,2.43
04/04/2019,BGCR,2.43
04/04/2019,SOFR,2.46
04/03/2019,EFFR,2.41
04/03/2019,OBFR,2.4
04/03/2019,TGCR,2.43
04/03/2019,BGCR,2.43
04/03/2019,SOFR,2.47
04/02/2019,EFFR,2.41
04/02/2019,OBFR,2.4
04/02/2019,TGCR,2.43
04/02/2019,BGCR,2.43
04/02/2019,SOFR,2.46
04/01/2019,EFFR,2.41
04/01/2019,OBFR,2.4
04/01/2019,TGCR,2.41
04/01/2019,BGCR,2.41
04/01/2019,SOFR,2.46
03/29/2019,EFFR,2.43
03/29/2019,OBFR,2.41
03/29/2019,TGCR,2.58
03/29/2019,BGCR,2.58
03/29/2019,SOFR,2.65
03/28/2019,EFFR,2.41
03/28/2019,OBFR,2.4
03/28/2019,TGCR,2.42
03/28/2019,BGCR,2.42
03/28/2019,SOFR,2.43
03/27/2019,EFFR,2.41
03/27/2019,OBFR,2.4
03/27/2019,TGCR,2.38
03/27/2019,BGCR,2.38
03/27/2019,SOFR,2.4
03/26/2019,EFFR,2.4
03/26/2019,OBFR,2.4
03/26/2019,TGCR,2.37
03/26/2019,BGCR,2.37
03/26/2019,SOFR,2.4
03/25/2019,EFFR,2.4
03/25/2019,OBFR,2.4
03/25/2019,TGCR,2.37
03/25/2019,BGCR,2.37
03/25/2019,SOFR,2.4
03/22/2019,EFFR,2.41
03/22/2019,OBFR,2.4
03/22/2019,TGCR,2.38
03/22/2019,BGCR,2.38
03/22/2019,SOFR,2.4
03/21/2019,EFFR,2.41
03/21/2019,OBFR,2.4
03/21/2019,TGCR,2.42
03/21/2019,BGCR,2.43
03/21/2019,SOFR,2.44
03/20/2019,EFFR,2.41
03/20/2019,OBFR,2.4
03/20/2019,TGCR,2.46
03/20/2019,BGCR,2.46
03/20/2019,SOFR,2.47
03/19/2019,EFFR,2.4
03/19/2019,OBFR,2.4
03/19/2019,TGCR,2.4
03/19/2019,BGCR,2.4
03/19/2019,SOFR,2.42
03/18/2019,EFFR,2.4
03/18/2019,OBFR,2.4
03/18/2019,TGCR,2.38
03/18/2019,BGCR,2.38
03/18/2019,SOFR,2.41
03/15/2019,EFFR,2.4
03/15/2019,OBFR,2.4
03/15/2019,TGCR,2.43
03/15/2019,BGCR,2.43
03/15/2019,SOFR,2.46
03/14/2019,EFFR,2.4
03/14/2019,OBFR,2.4
03/14/2019,TGCR,2.39
03/14/2019,BGCR,2.39
03/14/2019,SOFR,2.42
03/13/2019,EFFR,2.4
03/13/2019,OBFR,2.4
03/13/2019,TGCR,2.38
03/13/2019,BGCR,2.38
03/13/2019,SOFR,2.4
03/12/2019,EFFR,2.4
03/12/2019,OBFR,2.4
03/12/2019,TGCR,2.37
03/12/2019,BGCR,2.37
03/12/2019,SOFR,2.39
03/11/2019,EFFR,2.4
03/11/2019,OBFR,2.4
03/11/2019,TGCR,2.36
03/11/2019,BGCR,2.36
03/11/2019,SOFR,2.38
03/08/2019,EFFR,2.4
03/08/2019,OBFR,2.4
03/08/2019,TGCR,2.36
03/08/2019,BGCR,2.36
03/08/2019,SOFR,2.39
03/07/2019,EFFR,2.4
03/07/2019,OBFR,2.4
03/07/2019,TGCR,2.37
03/07/2019,BGCR,2.37
03/07/2019,SOFR,2.38
03/06/2019,EFFR,2.4
03/06/2019,OBFR,2.4
03/06/2019,TGCR,2.36
03/06/2019,BGCR,2.36
03/06/2019,SOFR,2.38
03/05/2019,EFFR,2.4
03/05/2019,OBFR,2.4
03/05/2019,TGCR,2.36
03/05/2019,BGCR,2.36
03/05/2019,SOFR,2.38
03/04/2019,EFFR,2.4
03/04/2019,OBFR,2.4
03/04/2019,TGCR,2.36
03/04/2019,BGCR,2.36
03/04/2019,SOFR,2.38
03/01/2019,EFFR,2.4
03/01/2019,OBFR,2.4
03/01/2019,TGCR,2.36
03/01/2019,BGCR,2.36
03/01/2019,SOFR,2.38
02/28/2019,EFFR,2.4
02/28/2019,OBFR,2.4
02/28/2019,TGCR,2.55
02/28/2019,BGCR,2.55
02/28/2019,SOFR,2.58
02/27/2019,EFFR,2.4
02/27/2019,OBFR,2.4
02/27/2019,TGCR,2.37
02/27/2019,BGCR,2.37
02/27/2019,SOFR,2.37
02/26/2019,EFFR,2.4
02/26/2019,OBFR,2.4
02/26/2019,TGCR,2.37
02/26/2019,BGCR,2.37
02/26/2019,SOFR,2.38
02/25/2019,EFFR,2.4
02/25/2019,OBFR,2.4
02/25/2019,TGCR,2.37
02/25/2019,BGCR,2.37
02/25/2019,SOFR,2.38
02/22/2019,EFFR,2.4
02/22/2019,OBFR,2.4
02/22/2019,TGCR,2.37
02/22/2019,BGCR,2.37
02/22/2019,SOFR,2.4
02/21/2019,EFFR,2.4
02/21/2019,OBFR,2.4
02/21/2019,TGCR,2.37
02/21/2019,BGCR,2.37
02/21/2019,SOFR,2.39
02/20/2019,EFFR,2.4
02/20/2019,OBFR,2.4
02/20/2019,TGCR,2.37
02/20/2019,BGCR,2.37
02/20/2019,SOFR,2.39
02/19/2019,EFFR,2.4
02/19/2019,OBFR,2.4
02/19/2019,TGCR,2.37
02/19/2019,BGCR,2.37
02/19/2019,SOFR,2.4
02/15/2019,EFFR,2.4
02/15/2019,OBFR,2.4
02/15/2019,TGCR,2.41
02/15/2019,BGCR,2.41
02/15/2019,SOFR,2.43
02/14/2019,EFFR,2.4
02/14/2019,OBFR,2.4
02/14/2019,TGCR,2.36
02/14/2019,BGCR,2.36
02/14/2019,SOFR,2.39
02/13/2019,EFFR,2.4
02/13/2019,OBFR,2.4
02/13/2019,TGCR,2.36
02/13/2019,BGCR,2.36
02/13/2019,SOFR,2.38
02/12/2019,EFFR,2.4
02/12/2019,OBFR,2.4
02/12/2019,TGCR,2.36
02/12/2019,BGCR,2.36
02/12/2019,SOFR,2.39
02/11/2019,EFFR,2.4
02/11/2019,OBFR,2.4
02/11/2019,TGCR,2.4
02/11/2019,BGCR,2.4
02/11/2019,SOFR,2.4
02/08/2019,EFFR,2.4
02/08/2019,OBFR,2.39
02/08/2019,TGCR,2.35
02/08/2019,BGCR,2.35
02/08/2019,SOFR,2.37
02/07/2019,EFFR,2.4
02/07/2019,OBFR,2.39
02/07/2019,TGCR,2.36
02/07/2019,BGCR,2.36
02/07/2019,SOFR,2.38
02/06/2019,EFFR,2.4
02/06/2019,OBFR,2.39
02/06/2019,TGCR,2.35
02/06/2019,BGCR,2.35
02/06/2019,SOFR,2.38
02/05/2019,EFFR,2.4
02/05/2019,OBFR,2.39
02/05/2019,TGCR,2.37
02/05/2019,BGCR,2.37
02/05/2019,SOFR,2.4
02/04/2019,EFFR,2.4
02/04/2019,OBFR,2.39
02/04/2019,TGCR,2.38
02/04/2019,BGCR,2.38
02/04/2019,SOFR,2.4
02/01/2019,EFFR,2.4
02/01/2019,OBFR,2.4
02/01/2019,TGCR,2.44
02/01/2019,BGCR,2.44
02/01/2019,SOFR,2.47
01/31/2019,EFFR,2.4
01/31/2019,OBFR,2.4
01/31/2019,TGCR,2.55
01/31/2019,BGCR,2.55
01/31/2019,SOFR,2.58
01/30/2019,EFFR,2.4
01/30/2019,OBFR,2.39
01/30/2019,TGCR,2.36
01/30/2019,BGCR,2.36
01/30/2019,SOFR,2.39
01/29/2019,EFFR,2.4
01/29/2019,OBFR,2.39
01/29/2019,TGCR,2.37
01/29/2019,BGCR,2.37
01/29/2019,SOFR,2.4
01/28/2019,EFFR,2.4
01/28/2019,OBFR,2.39
01/28/2019,TGCR,2.37
01/28/2019,BGCR,2.37
01/28/2019,SOFR,2.39
01/25/2019,EFFR,2.4
01/25/2019,OBFR,2.39
01/25/2019,TGCR,2.38
01/25/2019,BGCR,2.38
01/25/2019,SOFR,2.4
01/24/2019,EFFR,2.4
01/24/2019,OBFR,2.39
01/24/2019,TGCR,2.4
01/24/2019,BGCR,2.4
01/24/2019,SOFR,2.41
01/23/2019,EFFR,2.4
01/23/2019,OBFR,2.39
01/23/2019,TGCR,2.38
01/23/2019,BGCR,2.38
01/23/2019,SOFR,2.4
01/22/2019,EFFR,2.4
01/22/2019,OBFR,2.39
01/22/2019,TGCR,2.37
01/22/2019,BGCR,2.37
01/22/2019,SOFR,2.41
01/18/2019,EFFR,2.4
01/18/2019,OBFR,2.4
01/18/2019,TGCR,2.37
01/18/2019,BGCR,2.37
01/18/2019,SOFR,2.42
01/17/2019,EFFR,2.4
01/17/2019,OBFR,2.4
01/17/2019,TGCR,2.37
01/17/2019,BGCR,2.37
01/17/2019,SOFR,2.41
01/16/2019,EFFR,2.4
01/16/2019,OBFR,2.4
01/16/2019,TGCR,2.37
01/16/2019,BGCR,2.37
01/16/2019,SOFR,2.43
01/15/2019,EFFR,2.4
01/15/2019,OBFR,2.39
01/15/2019,TGCR,2.41
01/15/2019,BGCR,2.41
01/15/2019,SOFR,2.46
01/14/2019,EFFR,2.4
01/14/2019,OBFR,2.39
01/14/2019,TGCR,2.38
01/14/2019,BGCR,2.38
01/14/2019,SOFR,2.4
01/11/2019,EFFR,2.4
01/11/2019,OBFR,2.39
01/11/2019,TGCR,2.38
01/11/2019,BGCR,2.38
01/11/2019,SOFR,2.41
01/10/2019,EFFR,2.4
01/10/2019,OBFR,2.39
01/10/2019,TGCR,2.41
01/10/2019,BGCR,2.41
01/10/2019,SOFR,2.43
01/09/2019,EFFR,2.4
01/09/2019,OBFR,2.4
01/09/2019,TGCR,2.44
01/09/2019,BGCR,2.44
01/09/2019,SOFR,2.45
01/08/2019,EFFR,2.4
01/08/2019,OBFR,2.4
01/08/2019,TGCR,2.4
01/08/2019,BGCR,2.4
01/08/2019,SOFR,2.42
01/07/2019,EFFR,2.4
01/07/2019,OBFR,2.4
01/07/2019,TGCR,2.38
01/07/2019,BGCR,2.38
01/07/2019,SOFR,2.41
01/04/2019,EFFR,2.4
01/04/2019,OBFR,2.4
01/04/2019,TGCR,2.43
01/04/2019,BGCR,2.43
01/04/2019,SOFR,2.45
01/03/2019,EFFR,2.4
01/03/2019,OBFR,2.4
01/03/2019,TGCR,2.7
01/03/2019,BGCR,2.7
01/03/2019,SOFR,2.7
01/02/2019,EFFR,2.4
01/02/2019,OBFR,2.4
01/02/2019,TGCR,3.1
01/02/2019,BGCR,3.1
01/02/2019,SOFR,3.15
12/31/2018,EFFR,2.4
12/31/2018,OBFR,2.4
12/31/2018,TGCR,2.95
12/31/2018,BGCR,2.95
12/31/2018,SOFR,3
12/28/2018,EFFR,2.4
12/28/2018,OBFR,2.39
12/28/2018,TGCR,2.45
12/28/2018,BGCR,2.45
12/28/2018,SOFR,2.46
12/27/2018,EFFR,2.4
12/27/2018,OBFR,2.4
12/27/2018,TGCR,2.43
12/27/2018,BGCR,2.43
12/27/2018,SOFR,2.44
12/26/2018,EFFR,2.4
12/26/2018,OBFR,2.4
12/26/2018,TGCR,2.43
12/26/2018,BGCR,2.43
12/26/2018,SOFR,2.44
12/24/2018,EFFR,2.4
12/24/2018,OBFR,2.4
12/24/2018,TGCR,2.41
12/24/2018,BGCR,2.41
12/24/2018,SOFR,2.41
12/21/2018,EFFR,2.4
12/21/2018,OBFR,2.4
12/21/2018,TGCR,2.39
12/21/2018,BGCR,2.39
12/21/2018,SOFR,2.4
12/20/2018,EFFR,2.4
12/20/2018,OBFR,2.4
12/20/2018,TGCR,2.4
12/20/2018,BGCR,2.4
12/20/2018,SOFR,2.41
12/19/2018,EFFR,2.2
12/19/2018,OBFR,2.19
12/19/2018,TGCR,2.29
12/19/2018,BGCR,2.29
12/19/2018,SOFR,2.3
12/18/2018,EFFR,2.2
12/18/2018,OBFR,2.19
12/18/2018,TGCR,2.3
12/18/2018,BGCR,2.3
12/18/2018,SOFR,2.32
12/17/2018,EFFR,2.2
12/17/2018,OBFR,2.19
12/17/2018,TGCR,2.28
12/17/2018,BGCR,2.28
12/17/2018,SOFR,2.31
12/14/2018,EFFR,2.19
12/14/2018,OBFR,2.19
12/14/2018,TGCR,2.19
12/14/2018,BGCR,2.19
12/14/2018,SOFR,2.21
12/13/2018,EFFR,2.19
12/13/2018,OBFR,2.19
12/13/2018,TGCR,2.18
12/13/2018,BGCR,2.18
12/13/2018,SOFR,2.21
12/12/2018,EFFR,2.19
12/12/2018,OBFR,2.19
12/12/2018,TGCR,2.17
12/12/2018,BGCR,2.17
12/12/2018,SOFR,2.2
12/11/2018,EFFR,2.19
12/11/2018,OBFR,2.19
12/11/2018,TGCR,2.17
12/11/2018,BGCR,2.17
12/11/2018,SOFR,2.19
12/10/2018,EFFR,2.2
12/10/2018,OBFR,2.19
12/10/2018,TGCR,2.2
12/10/2018,BGCR,2.2
12/10/2018,SOFR,2.22
12/07/2018,EFFR,2.19
12/07/2018,OBFR,2.19
12/07/2018,TGCR,2.28
12/07/2018,BGCR,2.28
12/07/2018,SOFR,2.3
12/06/2018,EFFR,2.2
12/06/2018,OBFR,2.19
12/06/2018,TGCR,2.31
12/06/2018,BGCR,2.31
12/06/2018,SOFR,2.34
12/05/2018,EFFR,2.2
12/05/2018,OBFR,2.19
12/04/2018,EFFR,2.2
12/04/2018,OBFR,2.19
12/04/2018,TGCR,2.23
12/04/2018,BGCR,2.23
12/04/2018,SOFR,2.27
12/03/2018,EFFR,2.19
12/03/2018,OBFR,2.19
12/03/2018,TGCR,2.22
12/03/2018,BGCR,2.22
12/03/2018,SOFR,2.23
11/30/2018,EFFR,2.2
11/30/2018,OBFR,2.19
11/30/2018,TGCR,2.27
11/30/2018,BGCR,2.27
11/30/2018,SOFR,2.28
11/29/2018,EFFR,2.2
11/29/2018,OBFR,2.19
11/29/2018,TGCR,2.23
11/29/2018,BGCR,2.23
11/29/2018,SOFR,2.24
11/28/2018,EFFR,2.2
11/28/2018,OBFR,2.19
11/28/2018,TGCR,2.19
11/28/2018,BGCR,2.19
11/28/2018,SOFR,2.19
11/27/2018,EFFR,2.2
11/27/2018,OBFR,2.19
11/27/2018,TGCR,2.17
11/27/2018,BGCR,2.17
11/27/2018,SOFR,2.19
11/26/2018,EFFR,2.2
11/26/2018,OBFR,2.19
11/26/2018,TGCR,2.18
11/26/2018,BGCR,2.18
11/26/2018,SOFR,2.2
11/23/2018,EFFR,2.2
11/23/2018,OBFR,2.19
11/23/2018,TGCR,2.22
11/23/2018,BGCR,2.22
11/23/2018,SOFR,2.23
11/21/2018,EFFR,2.2
11/21/2018,OBFR,2.19
11/21/2018,TGCR,2.17
11/21/2018,BGCR,2.17
11/21/2018,SOFR,2.18
11/20/2018,EFFR,2.2
11/20/2018,OBFR,2.19
11/20/2018,TGCR,2.18
11/20/2018,BGCR,2.18
11/20/2018,SOFR,2.2
11/19/2018,EFFR,2.2
11/19/2018,OBFR,2.19
11/19/2018,TGCR,2.22
11/19/2018,BGCR,2.22
11/19/2018,SOFR,2.24
11/16/2018,EFFR,2.2
11/16/2018,OBFR,2.19
11/16/2018,TGCR,2.25
11/16/2018,BGCR,2.25
11/16/2018,SOFR,2.26
11/15/2018,EFFR,2.2
11/15/2018,OBFR,2.19
11/15/2018,TGCR,2.26
11/15/2018,BGCR,2.26
11/15/2018,SOFR,2.28
11/14/2018,EFFR,2.2
11/14/2018,OBFR,2.19
11/14/2018,TGCR,2.17
11/14/2018,BGCR,2.17
11/14/2018,SOFR,2.2
11/13/2018,EFFR,2.2
11/13/2018,OBFR,2.19
11/13/2018,TGCR,2.17
11/13/2018,BGCR,2.17
11/13/2018,SOFR,2.2
11/09/2018,EFFR,2.19
11/09/2018,OBFR,2.19
11/09/2018,TGCR,2.19
11/09/2018,BGCR,2.19
11/09/2018,SOFR,2.2
11/08/2018,EFFR,2.2
11/08/2018,OBFR,2.19
11/08/2018,TGCR,2.2
11/08/2018,BGCR,2.2
11/08/2018,SOFR,2.21
11/07/2018,EFFR,2.2
11/07/2018,OBFR,2.19
11/07/2018,TGCR,2.16
11/07/2018,BGCR,2.16
11/07/2018,SOFR,2.18
11/06/2018,EFFR,2.2
11/06/2018,OBFR,2.19
11/06/2018,TGCR,2.22
11/06/2018,BGCR,2.22
11/06/2018,SOFR,2.22
11/05/2018,EFFR,2.2
11/05/2018,OBFR,2.19
11/05/2018,TGCR,2.23
11/05/2018,BGCR,2.23
11/05/2018,SOFR,2.24
11/02/2018,EFFR,2.19
11/02/2018,OBFR,2.19
11/02/2018,TGCR,2.24
11/02/2018,BGCR,2.24
11/02/2018,SOFR,2.25
11/01/2018,EFFR,2.2
11/01/2018,OBFR,2.19
11/01/2018,TGCR,2.2
11/01/2018,BGCR,2.2
11/01/2018,SOFR,2.22
10/31/2018,EFFR,2.2
10/31/2018,OBFR,2.19
10/31/2018,TGCR,2.19
10/31/2018,BGCR,2.19
10/31/2018,SOFR,2.22
10/30/2018,EFFR,2.2
10/30/2018,OBFR,2.19
10/30/2018,TGCR,2.17
10/30/2018,BGCR,2.17
10/30/2018,SOFR,2.18
10/29/2018,EFFR,2.2
10/29/2018,OBFR,2.19
10/29/2018,TGCR,2.17
10/29/2018,BGCR,2.17
10/29/2018,SOFR,2.18
10/26/2018,EFFR,2.2
10/26/2018,OBFR,2.19
10/26/2018,TGCR,2.17
10/26/2018,BGCR,2.17
10/26/2018,SOFR,2.19
10/25/2018,EFFR,2.2
10/25/2018,OBFR,2.19
10/25/2018,TGCR,2.17
10/25/2018,BGCR,2.17
10/25/2018,SOFR,2.19
10/24/2018,EFFR,2.2
10/24/2018,OBFR,2.18
10/24/2018,TGCR,2.16
10/24/2018,BGCR,2.16
10/24/2018,SOFR,2.18
10/23/2018,EFFR,2.2
10/23/2018,OBFR,2.18
10/23/2018,TGCR,2.15
10/23/2018,BGCR,2.15
10/23/2018,SOFR,2.17
10/22/2018,EFFR,2.19
10/22/2018,OBFR,2.18
10/22/2018,TGCR,2.17
10/22/2018,BGCR,2.17
10/22/2018,SOFR,2.18
10/19/2018,EFFR,2.19
10/19/2018,OBFR,2.18
10/19/2018,TGCR,2.17
10/19/2018,BGCR,2.17
10/19/2018,SOFR,2.19
10/18/2018,EFFR,2.19
10/18/2018,OBFR,2.18
10/18/2018,TGCR,2.18
10/18/2018,BGCR,2.18
10/18/2018,SOFR,2.19
10/17/2018,EFFR,2.19
10/17/2018,OBFR,2.18
10/17/2018,TGCR,2.17
10/17/2018,BGCR,2.17
10/17/2018,SOFR,2.18
10/16/2018,EFFR,2.18
10/16/2018,OBFR,2.18
10/16/2018,TGCR,2.17
10/16/2018,BGCR,2.17
10/16/2018,SOFR,2.18
10/15/2018,EFFR,2.18
10/15/2018,OBFR,2.18
10/15/2018,TGCR,2.19
10/15/2018,BGCR,2.19
10/15/2018,SOFR,2.21
10/12/2018,EFFR,2.18
10/12/2018,OBFR,2.18
10/12/2018,TGCR,2.16
10/12/2018,BGCR,2.16
10/12/2018,SOFR,2.18
10/11/2018,EFFR,2.18
10/11/2018,OBFR,2.18
10/11/2018,TGCR,2.16
10/11/2018,BGCR,2.16
10/11/2018,SOFR,2.17
10/10/2018,EFFR,2.18
10/10/2018,OBFR,2.18
10/10/2018,TGCR,2.14
10/10/2018,BGCR,2.14
10/10/2018,SOFR,2.15
10/09/2018,EFFR,2.18
10/09/2018,OBFR,2.18
10/09/2018,TGCR,2.13
10/09/2018,BGCR,2.13
10/09/2018,SOFR,2.15
10/05/2018,EFFR,2.18
10/05/2018,OBFR,2.18
10/05/2018,TGCR,2.14
10/05/2018,BGCR,2.14
10/05/2018,SOFR,2.16
10/04/2018,EFFR,2.18
10/04/2018,OBFR,2.18
10/04/2018,TGCR,2.17
10/04/2018,BGCR,2.17
10/04/2018,SOFR,2.18
10/03/2018,EFFR,2.18
10/03/2018,OBFR,2.17
10/03/2018,TGCR,2.18
10/03/2018,BGCR,2.18
10/03/2018,SOFR,2.2
10/02/2018,EFFR,2.18
10/02/2018,OBFR,2.17
10/02/2018,TGCR,2.18
10/02/2018,BGCR,2.18
10/02/2018,SOFR,2.2
10/01/2018,EFFR,2.18
10/01/2018,OBFR,2.17
10/01/2018,TGCR,2.2
10/01/2018,BGCR,2.2
10/01/2018,SOFR,2.22
09/28/2018,EFFR,2.18
09/28/2018,OBFR,2.17
09/28/2018,TGCR,2.24
09/28/2018,BGCR,2.24
09/28/2018,SOFR,2.25
09/27/2018,EFFR,2.18
09/27/2018,OBFR,2.17
09/27/2018,TGCR,2.15
09/27/2018,BGCR,2.15
09/27/2018,SOFR,2.16
09/26/2018,EFFR,1.93
09/26/2018,OBFR,1.92
09/26/2018,TGCR,1.91
09/26/2018,BGCR,1.91
09/26/2018,SOFR,1.92
09/25/2018,EFFR,1.93
09/25/2018,OBFR,1.92
09/25/2018,TGCR,1.91
09/25/2018,BGCR,1.91
09/25/2018,SOFR,1.93
09/24/2018,EFFR,1.93
09/24/2018,OBFR,1.92
09/24/2018,TGCR,1.94
09/24/2018,BGCR,1.94
09/24/2018,SOFR,1.95
09/21/2018,EFFR,1.92
09/21/2018,OBFR,1.92
09/21/2018,TGCR,1.9
09/21/2018,BGCR,1.9
09/21/2018,SOFR,1.92
09/20/2018,EFFR,1.92
09/20/2018,OBFR,1.92
09/20/2018,TGCR,1.9
09/20/2018,BGCR,1.9
09/20/2018,SOFR,1.92
09/19/2018,EFFR,1.92
09/19/2018,OBFR,1.92
09/19/2018,TGCR,1.9
09/19/2018,BGCR,1.9
09/19/2018,SOFR,1.92
09/18/2018,EFFR,1.92
09/18/2018,OBFR,1.91
09/18/2018,TGCR,1.91
09/18/2018,BGCR,1.91
09/18/2018,SOFR,1.94
09/17/2018,EFFR,1.92
09/17/2018,OBFR,1.91
09/17/2018,TGCR,1.97
09/17/2018,BGCR,1.97
09/17/2018,SOFR,2
09/14/2018,EFFR,1.92
09/14/2018,OBFR,1.91
09/14/2018,TGCR,1.91
09/14/2018,BGCR,1.91
09/14/2018,SOFR,1.95
09/13/2018,EFFR,1.92
09/13/2018,OBFR,1.91
09/13/2018,TGCR,1.91
09/13/2018,BGCR,1.91
09/13/2018,SOFR,1.94
09/12/2018,EFFR,1.92
09/12/2018,OBFR,1.92
09/12/2018,TGCR,1.92
09/12/2018,BGCR,1.92
09/12/2018,SOFR,1.94
09/11/2018,EFFR,1.92
09/11/2018,OBFR,1.91
09/11/2018,TGCR,1.92
09/11/2018,BGCR,1.92
09/11/2018,SOFR,1.94
09/10/2018,EFFR,1.92
09/10/2018,OBFR,1.91
09/10/2018,TGCR,1.92
09/10/2018,BGCR,1.92
09/10/2018,SOFR,1.94
09/07/2018,EFFR,1.92
09/07/2018,OBFR,1.91
09/07/2018,TGCR,1.91
09/07/2018,BGCR,1.91
09/07/2018,SOFR,1.94
09/06/2018,EFFR,1.92
09/06/2018,OBFR,1.91
09/06/2018,TGCR,1.91
09/06/2018,BGCR,1.91
09/06/2018,SOFR,1.94
09/05/2018,EFFR,1.92
09/05/2018,OBFR,1.91
09/05/2018,TGCR,1.93
09/05/2018,BGCR,1.93
09/05/2018,SOFR,1.95
09/04/2018,EFFR,1.92
09/04/2018,OBFR,1.91
09/04/2018,TGCR,1.93
09/04/2018,BGCR,1.93
09/04/2018,SOFR,1.95
08/31/2018,EFFR,1.91
08/31/2018,OBFR,1.91
08/31/2018,TGCR,1.95
08/31/2018,BGCR,1.95
08/31/2018,SOFR,1.97
08/30/2018,EFFR,1.92
08/30/2018,OBFR,1.91
08/30/2018,TGCR,1.92
08/30/2018,BGCR,1.92
08/30/2018,SOFR,1.93
08/29/2018,EFFR,1.92
08/29/2018,OBFR,1.91
08/29/2018,TGCR,1.92
08/29/2018,BGCR,1.92
08/29/2018,SOFR,1.93
08/28/2018,EFFR,1.92
08/28/2018,OBFR,1.91
08/28/2018,TGCR,1.94
08/28/2018,BGCR,1.94
08/28/2018,SOFR,1.95
08/27/2018,EFFR,1.92
08/27/2018,OBFR,1.91
08/27/2018,TGCR,1.94
08/27/2018,BGCR,1.94
08/27/2018,SOFR,1.95
08/24/2018,EFFR,1.92
08/24/2018,OBFR,1.91
08/24/2018,TGCR,1.94
08/24/2018,BGCR,1.94
08/24/2018,SOFR,1.95
08/23/2018,EFFR,1.92
08/23/2018,OBFR,1.91
08/23/2018,TGCR,1.92
08/23/2018,BGCR,1.92
08/23/2018,SOFR,1.94
08/22/2018,EFFR,1.92
08/22/2018,OBFR,1.91
08/22/2018,TGCR,1.89
08/22/2018,BGCR,1.89
08/22/2018,SOFR,1.9
08/21/2018,EFFR,1.92
08/21/2018,OBFR,1.91
08/21/2018,TGCR,1.88
08/21/2018,BGCR,1.88
08/21/2018,SOFR,1.9
08/20/2018,EFFR,1.92
08/20/2018,OBFR,1.91
08/20/2018,TGCR,1.89
08/20/2018,BGCR,1.89
08/20/2018,SOFR,1.9
08/17/2018,EFFR,1.92
08/17/2018,OBFR,1.91
08/17/2018,TGCR,1.9
08/17/2018,BGCR,1.9
08/17/2018,SOFR,1.9
08/16/2018,EFFR,1.92
08/16/2018,OBFR,1.91
08/16/2018,TGCR,1.98
08/16/2018,BGCR,1.98
08/16/2018,SOFR,1.99
08/15/2018,EFFR,1.91
08/15/2018,OBFR,1.91
08/15/2018,TGCR,1.97
08/15/2018,BGCR,1.97
08/15/2018,SOFR,1.98
08/14/2018,EFFR,1.91
08/14/2018,OBFR,1.91
08/14/2018,TGCR,1.91
08/14/2018,BGCR,1.91
08/14/2018,SOFR,1.93
08/13/2018,EFFR,1.91
08/13/2018,OBFR,1.91
08/13/2018,TGCR,1.89
08/13/2018,BGCR,1.89
08/13/2018,SOFR,1.91
08/10/2018,EFFR,1.91
08/10/2018,OBFR,1.91
08/10/2018,TGCR,1.87
08/10/2018,BGCR,1.87
08/10/2018,SOFR,1.9
08/09/2018,EFFR,1.91
08/09/2018,OBFR,1.91
08/09/2018,TGCR,1.9
08/09/2018,BGCR,1.9
08/09/2018,SOFR,1.91
08/08/2018,EFFR,1.91
08/08/2018,OBFR,1.91
08/08/2018,TGCR,1.87
08/08/2018,BGCR,1.87
08/08/2018,SOFR,1.88
08/07/2018,EFFR,1.91
08/07/2018,OBFR,1.91
08/07/2018,TGCR,1.86
08/07/2018,BGCR,1.86
08/07/2018,SOFR,1.87
08/06/2018,EFFR,1.91
08/06/2018,OBFR,1.91
08/06/2018,TGCR,1.84
08/06/2018,BGCR,1.84
08/06/2018,SOFR,1.86
08/03/2018,EFFR,1.91
08/03/2018,OBFR,1.9
08/03/2018,TGCR,1.83
08/03/2018,BGCR,1.83
08/03/2018,SOFR,1.86
08/02/2018,EFFR,1.91
08/02/2018,OBFR,1.91
08/02/2018,TGCR,1.9
08/02/2018,BGCR,1.9
08/02/2018,SOFR,1.91
08/01/2018,EFFR,1.91
08/01/2018,OBFR,1.9
08/01/2018,TGCR,1.86
08/01/2018,BGCR,1.86
08/01/2018,SOFR,1.88
07/31/2018,EFFR,1.91
07/31/2018,OBFR,1.9
07/31/2018,TGCR,1.91
07/31/2018,BGCR,1.91
07/31/2018,SOFR,1.93
07/30/2018,EFFR,1.91
07/30/2018,OBFR,1.91
07/30/2018,TGCR,1.86
07/30/2018,BGCR,1.86
07/30/2018,SOFR,1.88
07/27/2018,EFFR,1.91
07/27/2018,OBFR,1.91
07/27/2018,TGCR,1.87
07/27/2018,BGCR,1.87
07/27/2018,SOFR,1.88
07/26/2018,EFFR,1.91
07/26/2018,OBFR,1.91
07/26/2018,TGCR,1.89
07/26/2018,BGCR,1.89
07/26/2018,SOFR,1.9
07/25/2018,EFFR,1.91
07/25/2018,OBFR,1.91
07/25/2018,TGCR,1.86
07/25/2018,BGCR,1.86
07/25/2018,SOFR,1.87
07/24/2018,EFFR,1.91
07/24/2018,OBFR,1.91
07/24/2018,TGCR,1.89
07/24/2018,BGCR,1.89
07/24/2018,SOFR,1.9
07/23/2018,EFFR,1.91
07/23/2018,OBFR,1.91
07/23/2018,TGCR,1.86
07/23/2018,BGCR,1.86
07/23/2018,SOFR,1.87
07/20/2018,EFFR,1.91
07/20/2018,OBFR,1.91
07/20/2018,TGCR,1.86
07/20/2018,BGCR,1.86
07/20/2018,SOFR,1.88
07/19/2018,EFFR,1.91
07/19/2018,OBFR,1.91
07/19/2018,TGCR,1.88
07/19/2018,BGCR,1.88
07/19/2018,SOFR,1.9
07/18/2018,EFFR,1.91
07/18/2018,OBFR,1.91
07/18/2018,TGCR,1.87
07/18/2018,BGCR,1.87
07/18/2018,SOFR,1.9
07/17/2018,EFFR,1.91
07/17/2018,OBFR,1.91
07/17/2018,TGCR,1.9
07/17/2018,BGCR,1.91
07/17/2018,SOFR,1.92
07/16/2018,EFFR,1.91
07/16/2018,OBFR,1.91
07/16/2018,TGCR,1.92
07/16/2018,BGCR,1.92
07/16/2018,SOFR,1.95
07/13/2018,EFFR,1.91
07/13/2018,OBFR,1.91
07/13/2018,TGCR,1.87
07/13/2018,BGCR,1.87
07/13/2018,SOFR,1.9
07/12/2018,EFFR,1.91
07/12/2018,OBFR,1.91
07/12/2018,TGCR,1.87
07/12/2018,BGCR,1.87
07/12/2018,SOFR,1.9
07/11/2018,EFFR,1.91
07/11/2018,OBFR,1.91
07/11/2018,TGCR,1.86
07/11/2018,BGCR,1.86
07/11/2018,SOFR,1.89
07/10/2018,EFFR,1.91
07/10/2018,OBFR,1.91
07/10/2018,TGCR,1.87
07/10/2018,BGCR,1.87
07/10/2018,SOFR,1.89
07/09/2018,EFFR,1.91
07/09/2018,OBFR,1.91
07/09/2018,TGCR,1.87
07/09/2018,BGCR,1.87
07/09/2018,SOFR,1.89
07/06/2018,EFFR,1.91
07/06/2018,OBFR,1.91
07/06/2018,TGCR,1.9
07/06/2018,BGCR,1.9
07/06/2018,SOFR,1.93
07/05/2018,EFFR,1.91
07/05/2018,OBFR,1.91
07/05/2018,TGCR,1.95
07/05/2018,BGCR,1.95
07/05/2018,SOFR,1.97
07/03/2018,EFFR,1.91
07/03/2018,OBFR,1.91
07/03/2018,TGCR,1.97
07/03/2018,BGCR,1.98
07/03/2018,SOFR,2
07/02/2018,EFFR,1.91
07/02/2018,OBFR,1.91
07/02/2018,TGCR,2
07/02/2018,BGCR,2
07/02/2018,SOFR,2.04
06/29/2018,EFFR,1.91
06/29/2018,OBFR,1.9
06/29/2018,TGCR,2.1
06/29/2018,BGCR,2.1
06/29/2018,SOFR,2.12
06/28/2018,EFFR,1.91
06/28/2018,OBFR,1.91
06/28/2018,TGCR,1.9
06/28/2018,BGCR,1.9
06/28/2018,SOFR,1.93
06/27/2018,EFFR,1.91
06/27/2018,OBFR,1.91
06/27/2018,TGCR,1.88
06/27/2018,BGCR,1.88
06/27/2018,SOFR,1.9
06/26/2018,EFFR,1.92
06/26/2018,OBFR,1.91
06/26/2018,TGCR,1.89
06/26/2018,BGCR,1.89
06/26/2018,SOFR,1.9
06/25/2018,EFFR,1.92
06/25/2018,OBFR,1.91
06/25/2018,TGCR,1.89
06/25/2018,BGCR,1.89
06/25/2018,SOFR,1.91
06/22/2018,EFFR,1.92
06/22/2018,OBFR,1.91
06/22/2018,TGCR,1.9
06/22/2018,BGCR,1.9
06/22/2018,SOFR,1.92
06/21/2018,EFFR,1.92
06/21/2018,OBFR,1.91
06/21/2018,TGCR,1.83
06/21/2018,BGCR,1.83
06/21/2018,SOFR,1.87
06/20/2018,EFFR,1.92
06/20/2018,OBFR,1.91
06/20/2018,TGCR,1.83
06/20/2018,BGCR,1.83
06/20/2018,SOFR,1.87
06/19/2018,EFFR,1.91
06/19/2018,OBFR,1.9
06/19/2018,TGCR,1.84
06/19/2018,BGCR,1.84
06/19/2018,SOFR,1.88
06/18/2018,EFFR,1.9
06/18/2018,OBFR,1.9
06/18/2018,TGCR,1.85
06/18/2018,BGCR,1.85
06/18/2018,SOFR,1.9
06/15/2018,EFFR,1.9
06/15/2018,OBFR,1.9
06/15/2018,TGCR,1.87
06/15/2018,BGCR,1.87
06/15/2018,SOFR,1.91
06/14/2018,EFFR,1.9
06/14/2018,OBFR,1.9
06/14/2018,TGCR,1.87
06/14/2018,BGCR,1.87
06/14/2018,SOFR,1.9
06/13/2018,EFFR,1.7
06/13/2018,OBFR,1.7
06/13/2018,TGCR,1.68
06/13/2018,BGCR,1.68
06/13/2018,SOFR,1.71
06/12/2018,EFFR,1.7
06/12/2018,OBFR,1.7
06/12/2018,TGCR,1.65
06/12/2018,BGCR,1.65
06/12/2018,SOFR,1.67
06/11/2018,EFFR,1.7
06/11/2018,OBFR,1.7
06/11/2018,TGCR,1.66
06/11/2018,BGCR,1.66
06/11/2018,SOFR,1.69
06/08/2018,EFFR,1.7
06/08/2018,OBFR,1.7
06/08/2018,TGCR,1.67
06/08/2018,BGCR,1.67
06/08/2018,SOFR,1.69
06/07/2018,EFFR,1.7
06/07/2018,OBFR,1.7
06/07/2018,TGCR,1.69
06/07/2018,BGCR,1.69
06/07/2018,SOFR,1.71
06/06/2018,EFFR,1.7
06/06/2018,OBFR,1.7
06/06/2018,TGCR,1.7
06/06/2018,BGCR,1.7
06/06/2018,SOFR,1.73
06/05/2018,EFFR,1.7
06/05/2018,OBFR,1.7
06/05/2018,TGCR,1.72
06/05/2018,BGCR,1.72
06/05/2018,SOFR,1.75
06/04/2018,EFFR,1.7
06/04/2018,OBFR,1.7
06/04/2018,TGCR,1.76
06/04/2018,BGCR,1.76
06/04/2018,SOFR,1.8
06/01/2018,EFFR,1.7
06/01/2018,OBFR,1.7
06/01/2018,TGCR,1.77
06/01/2018,BGCR,1.77
06/01/2018,SOFR,1.81
05/31/2018,EFFR,1.7
05/31/2018,OBFR,1.7
05/31/2018,TGCR,1.78
05/31/2018,BGCR,1.78
05/31/2018,SOFR,1.81
05/30/2018,EFFR,1.7
05/30/2018,OBFR,1.7
05/30/2018,TGCR,1.7
05/30/2018,BGCR,1.7
05/30/2018,SOFR,1.72
05/29/2018,EFFR,1.7
05/29/2018,OBFR,1.7
05/29/2018,TGCR,1.7
05/29/2018,BGCR,1.7
05/29/2018,SOFR,1.72
05/25/2018,EFFR,1.7
05/25/2018,OBFR,1.7
05/25/2018,TGCR,1.7
05/25/2018,BGCR,1.7
05/25/2018,SOFR,1.73
05/24/2018,EFFR,1.7
05/24/2018,OBFR,1.7
05/24/2018,TGCR,1.71
05/24/2018,BGCR,1.71
05/24/2018,SOFR,1.74
05/23/2018,EFFR,1.7
05/23/2018,OBFR,1.7
05/23/2018,TGCR,1.63
05/23/2018,BGCR,1.63
05/23/2018,SOFR,1.67
05/22/2018,EFFR,1.7
05/22/2018,OBFR,1.7
05/22/2018,TGCR,1.63
05/22/2018,BGCR,1.63
05/22/2018,SOFR,1.65
05/21/2018,EFFR,1.7
05/21/2018,OBFR,1.7
05/21/2018,TGCR,1.66
05/21/2018,BGCR,1.66
05/21/2018,SOFR,1.69
05/18/2018,EFFR,1.7
05/18/2018,OBFR,1.7
05/18/2018,TGCR,1.69
05/18/2018,BGCR,1.69
05/18/2018,SOFR,1.73
05/17/2018,EFFR,1.7
05/17/2018,OBFR,1.7
05/17/2018,TGCR,1.71
05/17/2018,BGCR,1.71
05/17/2018,SOFR,1.74
05/16/2018,EFFR,1.7
05/16/2018,OBFR,1.7
05/16/2018,TGCR,1.7
05/16/2018,BGCR,1.7
05/16/2018,SOFR,1.75
05/15/2018,EFFR,1.7
05/15/2018,OBFR,1.7
05/15/2018,TGCR,1.73
05/15/2018,BGCR,1.73
05/15/2018,SOFR,1.79
05/14/2018,EFFR,1.7
05/14/2018,OBFR,1.7
05/14/2018,TGCR,1.7
05/14/2018,BGCR,1.7
05/14/2018,SOFR,1.75
05/11/2018,EFFR,1.7
05/11/2018,OBFR,1.7
05/11/2018,TGCR,1.7
05/11/2018,BGCR,1.7
05/11/2018,SOFR,1.73
05/10/2018,EFFR,1.7
05/10/2018,OBFR,1.7
05/10/2018,TGCR,1.69
05/10/2018,BGCR,1.69
05/10/2018,SOFR,1.73
05/09/2018,EFFR,1.7
05/09/2018,OBFR,1.7
05/09/2018,TGCR,1.68
05/09/2018,BGCR,1.68
05/09/2018,SOFR,1.72
05/08/2018,EFFR,1.7
05/08/2018,OBFR,1.7
05/08/2018,TGCR,1.68
05/08/2018,BGCR,1.68
05/08/2018,SOFR,1.72
05/07/2018,EFFR,1.7
05/07/2018,OBFR,1.7
05/07/2018,TGCR,1.67
05/07/2018,BGCR,1.67
05/07/2018,SOFR,1.71
05/04/2018,EFFR,1.7
05/04/2018,OBFR,1.7
05/04/2018,TGCR,1.68
05/04/2018,BGCR,1.68
05/04/2018,SOFR,1.72
05/03/2018,EFFR,1.7
05/03/2018,OBFR,1.69
05/03/2018,TGCR,1.7
05/03/2018,BGCR,1.7
05/03/2018,SOFR,1.74
05/02/2018,EFFR,1.7
05/02/2018,OBFR,1.69
05/02/2018,TGCR,1.7
05/02/2018,BGCR,1.7
05/02/2018,SOFR,1.75
05/01/2018,EFFR,1.7
05/01/2018,OBFR,1.69
05/01/2018,TGCR,1.7
05/01/2018,BGCR,1.7
05/01/2018,SOFR,1.76
04/30/2018,EFFR,1.69
04/30/2018,OBFR,1.69
04/30/2018,TGCR,1.71
04/30/2018,BGCR,1.72
04/30/2018,SOFR,1.77
04/27/2018,EFFR,1.7
04/27/2018,OBFR,1.69
04/27/2018,TGCR,1.68
04/27/2018,BGCR,1.68
04/27/2018,SOFR,1.72
04/26/2018,EFFR,1.7
04/26/2018,OBFR,1.69
04/26/2018,TGCR,1.67
04/26/2018,BGCR,1.67
04/26/2018,SOFR,1.72
04/25/2018,EFFR,1.7
04/25/2018,OBFR,1.69
04/25/2018,TGCR,1.67
04/25/2018,BGCR,1.67
04/25/2018,SOFR,1.71
04/24/2018,EFFR,1.7
04/24/2018,OBFR,1.69
04/24/2018,TGCR,1.68
04/24/2018,BGCR,1.68
04/24/2018,SOFR,1.71
04/23/2018,EFFR,1.7
04/23/2018,OBFR,1.69
04/23/2018,TGCR,1.67
04/23/2018,BGCR,1.67
04/23/2018,SOFR,1.7
04/20/2018,EFFR,1.7
04/20/2018,OBFR,1.69
04/20/2018,TGCR,1.67
04/20/2018,BGCR,1.67
04/20/2018,SOFR,1.72
04/19/2018,EFFR,1.69
04/19/2018,OBFR,1.69
04/19/2018,TGCR,1.67
04/19/2018,BGCR,1.67
04/19/2018,SOFR,1.73
04/18/2018,EFFR,1.69
04/18/2018,OBFR,1.69
04/18/2018,TGCR,1.69
04/18/2018,BGCR,1.69
04/18/2018,SOFR,1.75
04/17/2018,EFFR,1.69
04/17/2018,OBFR,1.69
04/17/2018,TGCR,1.7
04/17/2018,BGCR,1.7
04/17/2018,SOFR,1.76
04/16/2018,EFFR,1.69
04/16/2018,OBFR,1.69
04/16/2018,TGCR,1.7
04/16/2018,BGCR,1.7
04/16/2018,SOFR,1.77
04/13/2018,EFFR,1.69
04/13/2018,OBFR,1.69
04/13/2018,TGCR,1.68
04/13/2018,BGCR,1.68
04/13/2018,SOFR,1.72
04/12/2018,EFFR,1.69
04/12/2018,OBFR,1.69
04/12/2018,TGCR,1.68
04/12/2018,BGCR,1.68
04/12/2018,SOFR,1.73
04/11/2018,EFFR,1.69
04/11/2018,OBFR,1.69
04/11/2018,TGCR,1.7
04/11/2018,BGCR,1.7
04/11/2018,SOFR,1.76
04/10/2018,EFFR,1.69
04/10/2018,OBFR,1.69
04/10/2018,TGCR,1.7
04/10/2018,BGCR,1.7
04/10/2018,SOFR,1.75
04/09/2018,EFFR,1.69
04/09/2018,OBFR,1.69
04/09/2018,TGCR,1.7
04/09/2018,BGCR,1.7
04/09/2018,SOFR,1.75
04/06/2018,EFFR,1.69
04/06/2018,OBFR,1.69
04/06/2018,TGCR,1.7
04/06/2018,BGCR,1.7
04/06/2018,SOFR,1.75
04/05/2018,EFFR,1.69
04/05/2018,OBFR,1.69
04/05/2018,TGCR,1.7
04/05/2018,BGCR,1.7
04/05/2018,SOFR,1.75
04/04/2018,EFFR,1.69
04/04/2018,OBFR,1.69
04/04/2018,TGCR,1.7
04/04/2018,BGCR,1.7
04/04/2018,SOFR,1.74
04/03/2018,EFFR,1.69
04/03/2018,OBFR,1.68
04/03/2018,TGCR,1.81
04/03/2018,BGCR,1.81
04/03/2018,SOFR,1.83
04/02/2018,EFFR,1.68
04/02/2018,OBFR,1.68
04/02/2018,TGCR,1.77
04/02/2018,BGCR,1.77
04/02/2018,SOFR,1.8
03/30/2018,EFFR,1.67
03/30/2018,OBFR,1.67
03/29/2018,EFFR,1.68
03/29/2018,OBFR,1.68
03/28/2018,EFFR,1.68
03/28/2018,OBFR,1.68
03/27/2018,EFFR,1.68
03/27/2018,OBFR,1.68
03/26/2018,EFFR,1.68
03/26/2018,OBFR,1.68
03/23/2018,EFFR,1.68
03/23/2018,OBFR,1.68
03/22/2018,EFFR,1.68
03/22/2018,OBFR,1.68
03/21/2018,EFFR,1.44
03/21/2018,OBFR,1.43
03/20/2018,EFFR,1.44
03/20/2018,OBFR,1.43
03/19/2018,EFFR,1.43
03/19/2018,OBFR,1.43
03/16/2018,EFFR,1.43
03/16/2018,OBFR,1.43
03/15/2018,EFFR,1.43
03/15/2018,OBFR,1.42
03/14/2018,EFFR,1.42
03/14/2018,OBFR,1.42
03/13/2018,EFFR,1.42
03/13/2018,OBFR,1.42
03/12/2018,EFFR,1.42
03/12/2018,OBFR,1.42
03/09/2018,EFFR,1.42
03/09/2018,OBFR,1.42
03/08/2018,EFFR,1.42
03/08/2018,OBFR,1.42
03/07/2018,EFFR,1.42
03/07/2018,OBFR,1.42
03/06/2018,EFFR,1.42
03/06/2018,OBFR,1.42
03/05/2018,EFFR,1.42
03/05/2018,OBFR,1.42
03/02/2018,EFFR,1.42
03/02/2018,OBFR,1.42
03/01/2018,EFFR,1.42
03/01/2018,OBFR,1.42
02/28/2018,EFFR,1.35
02/28/2018,OBFR,1.35
02/27/2018,EFFR,1.42
02/27/2018,OBFR,1.42
02/26/2018,EFFR,1.42
02/26/2018,OBFR,1.42
02/23/2018,EFFR,1.42
02/23/2018,OBFR,1.42
02/22/2018,EFFR,1.42
02/22/2018,OBFR,1.42
02/21/2018,EFFR,1.42
02/21/2018,OBFR,1.42
02/20/2018,EFFR,1.42
02/20/2018,OBFR,1.42
02/16/2018,EFFR,1.42
02/16/2018,OBFR,1.42
02/15/2018,EFFR,1.42
02/15/2018,OBFR,1.42
02/14/2018,EFFR,1.42
02/14/2018,OBFR,1.42
02/13/2018,EFFR,1.42
02/13/2018,OBFR,1.42
02/12/2018,EFFR,1.42
02/12/2018,OBFR,1.42
02/09/2018,EFFR,1.42
02/09/2018,OBFR,1.42
02/08/2018,EFFR,1.42
02/08/2018,OBFR,1.42
02/07/2018,EFFR,1.42
02/07/2018,OBFR,1.42
02/06/2018,EFFR,1.42
02/06/2018,OBFR,1.42
02/05/2018,EFFR,1.42
02/05/2018,OBFR,1.42
02/02/2018,EFFR,1.42
02/02/2018,OBFR,1.42
02/01/2018,EFFR,1.42
02/01/2018,OBFR,1.42
01/31/2018,EFFR,1.34
01/31/2018,OBFR,1.34
01/30/2018,EFFR,1.42
01/30/2018,OBFR,1.42
01/29/2018,EFFR,1.42
01/29/2018,OBFR,1.42
01/26/2018,EFFR,1.42
01/26/2018,OBFR,1.42
01/25/2018,EFFR,1.42
01/25/2018,OBFR,1.42
01/24/2018,EFFR,1.42
01/24/2018,OBFR,1.42
01/23/2018,EFFR,1.42
01/23/2018,OBFR,1.42
01/22/2018,EFFR,1.42
01/22/2018,OBFR,1.42
01/19/2018,EFFR,1.42
01/19/2018,OBFR,1.42
01/18/2018,EFFR,1.42
01/18/2018,OBFR,1.42
01/17/2018,EFFR,1.42
01/17/2018,OBFR,1.42
01/16/2018,EFFR,1.42
01/16/2018,OBFR,1.42
01/12/2018,EFFR,1.42
01/12/2018,OBFR,1.42
01/11/2018,EFFR,1.42
01/11/2018,OBFR,1.42
01/10/2018,EFFR,1.42
01/10/2018,OBFR,1.42
01/09/2018,EFFR,1.42
01/09/2018,OBFR,1.42
01/08/2018,EFFR,1.42
01/08/2018,OBFR,1.42
01/05/2018,EFFR,1.42
01/05/2018,OBFR,1.42
01/04/2018,EFFR,1.42
01/04/2018,OBFR,1.42
01/03/2018,EFFR,1.42
01/03/2018,OBFR,1.42
01/02/2018,EFFR,1.42
01/02/2018,OBFR,1.42
12/29/2017,EFFR,1.33
12/29/2017,OBFR,1.33
12/28/2017,EFFR,1.42
12/28/2017,OBFR,1.42
12/27/2017,EFFR,1.42
12/27/2017,OBFR,1.42
12/26/2017,EFFR,1.42
12/26/2017,OBFR,1.42
12/22/2017,EFFR,1.42
12/22/2017,OBFR,1.42
12/21/2017,EFFR,1.42
12/21/2017,OBFR,1.42
12/20/2017,EFFR,1.42
12/20/2017,OBFR,1.42
12/19/2017,EFFR,1.42
12/19/2017,OBFR,1.42
12/18/2017,EFFR,1.42
12/18/2017,OBFR,1.41
12/15/2017,EFFR,1.41
12/15/2017,OBFR,1.41
12/14/2017,EFFR,1.41
12/14/2017,OBFR,1.41
12/13/2017,EFFR,1.17
12/13/2017,OBFR,1.16
12/12/2017,EFFR,1.17
12/12/2017,OBFR,1.16
12/11/2017,EFFR,1.16
12/11/2017,OBFR,1.16
12/08/2017,EFFR,1.16
12/08/2017,OBFR,1.16
12/07/2017,EFFR,1.16
12/07/2017,OBFR,1.16
12/06/2017,EFFR,1.16
12/06/2017,OBFR,1.16
12/05/2017,EFFR,1.16
12/05/2017,OBFR,1.16
12/04/2017,EFFR,1.16
12/04/2017,OBFR,1.16
12/01/2017,EFFR,1.16
12/01/2017,OBFR,1.16
11/30/2017,EFFR,1.07
11/30/2017,OBFR,1.08
11/29/2017,EFFR,1.16
11/29/2017,OBFR,1.16
11/28/2017,EFFR,1.16
11/28/2017,OBFR,1.16
11/27/2017,EFFR,1.16
11/27/2017,OBFR,1.16
11/24/2017,EFFR,1.16
11/24/2017,OBFR,1.16
11/22/2017,EFFR,1.16
11/22/2017,OBFR,1.16
11/21/2017,EFFR,1.16
11/21/2017,OBFR,1.16
11/20/2017,EFFR,1.16
11/20/2017,OBFR,1.16
11/17/2017,EFFR,1.16
11/17/2017,OBFR,1.16
11/16/2017,EFFR,1.16
11/16/2017,OBFR,1.16
11/15/2017,EFFR,1.16
11/15/2017,OBFR,1.16
11/14/2017,EFFR,1.16
11/14/2017,OBFR,1.16
11/13/2017,EFFR,1.16
11/13/2017,OBFR,1.16
11/10/2017,EFFR,1.16
11/10/2017,OBFR,1.16
11/09/2017,EFFR,1.16
11/09/2017,OBFR,1.16
11/08/2017,EFFR,1.16
11/08/2017,OBFR,1.16
11/07/2017,EFFR,1.16
11/07/2017,OBFR,1.16
11/06/2017,EFFR,1.16
11/06/2017,OBFR,1.16
11/03/2017,EFFR,1.16
11/03/2017,OBFR,1.16
11/02/2017,EFFR,1.16
11/02/2017,OBFR,1.16
11/01/2017,EFFR,1.16
11/01/2017,OBFR,1.16
10/31/2017,EFFR,1.07
10/31/2017,OBFR,1.07
10/30/2017,EFFR,1.16
10/30/2017,OBFR,1.16
10/27/2017,EFFR,1.16
10/27/2017,OBFR,1.16
10/26/2017,EFFR,1.16
10/26/2017,OBFR,1.16
10/25/2017,EFFR,1.16
10/25/2017,OBFR,1.16
10/24/2017,EFFR,1.16
10/24/2017,OBFR,1.16
10/23/2017,EFFR,1.16
10/23/2017,OBFR,1.16
10/20/2017,EFFR,1.16
10/20/2017,OBFR,1.16
10/19/2017,EFFR,1.16
10/19/2017,OBFR,1.16
10/18/2017,EFFR,1.16
10/18/2017,OBFR,1.16
10/17/2017,EFFR,1.16
10/17/2017,OBFR,1.16
10/16/2017,EFFR,1.16
10/16/2017,OBFR,1.16
10/13/2017,EFFR,1.16
10/13/2017,OBFR,1.16
10/12/2017,EFFR,1.16
10/12/2017,OBFR,1.16
10/11/2017,EFFR,1.16
10/11/2017,OBFR,1.16
10/10/2017,EFFR,1.16
10/10/2017,OBFR,1.16
10/06/2017,EFFR,1.16
10/06/2017,OBFR,1.16
10/05/2017,EFFR,1.16
10/05/2017,OBFR,1.16
10/04/2017,EFFR,1.16
10/04/2017,OBFR,1.16
10/03/2017,EFFR,1.16
10/03/2017,OBFR,1.16
10/02/2017,EFFR,1.16
10/02/2017,OBFR,1.16
09/29/2017,EFFR,1.06
09/29/2017,OBFR,1.06
09/28/2017,EFFR,1.16
09/28/2017,OBFR,1.16
09/27/2017,EFFR,1.16
09/27/2017,OBFR,1.16
09/26/2017,EFFR,1.16
09/26/2017,OBFR,1.16
09/25/2017,EFFR,1.16
09/25/2017,OBFR,1.16
09/22/2017,EFFR,1.16
09/22/2017,OBFR,1.16
09/21/2017,EFFR,1.16
09/21/2017,OBFR,1.17
09/20/2017,EFFR,1.16
09/20/2017,OBFR,1.16
09/19/2017,EFFR,1.16
09/19/2017,OBFR,1.16
09/18/2017,EFFR,1.16
09/18/2017,OBFR,1.16
09/15/2017,EFFR,1.16
09/15/2017,OBFR,1.16
09/14/2017,EFFR,1.16
09/14/2017,OBFR,1.16
09/13/2017,EFFR,1.16
09/13/2017,OBFR,1.16
09/12/2017,EFFR,1.16
09/12/2017,OBFR,1.16
09/11/2017,EFFR,1.16
09/11/2017,OBFR,1.16
09/08/2017,EFFR,1.16
09/08/2017,OBFR,1.16
09/07/2017,EFFR,1.16
09/07/2017,OBFR,1.16
09/06/2017,EFFR,1.16
09/06/2017,OBFR,1.16
09/05/2017,EFFR,1.16
09/05/2017,OBFR,1.16
09/01/2017,EFFR,1.16
09/01/2017,OBFR,1.16
08/31/2017,EFFR,1.07
08/31/2017,OBFR,1.07
08/30/2017,EFFR,1.16
08/30/2017,OBFR,1.16
08/29/2017,EFFR,1.16
08/29/2017,OBFR,1.16
08/28/2017,EFFR,1.16
08/28/2017,OBFR,1.16
08/25/2017,EFFR,1.16
08/25/2017,OBFR,1.16
08/24/2017,EFFR,1.16
08/24/2017,OBFR,1.16
08/23/2017,EFFR,1.16
08/23/2017,OBFR,1.16
08/22/2017,EFFR,1.16
08/22/2017,OBFR,1.16
08/21/2017,EFFR,1.16
08/21/2017,OBFR,1.16
08/18/2017,EFFR,1.16
08/18/2017,OBFR,1.16
08/17/2017,EFFR,1.16
08/17/2017,OBFR,1.16
08/16/2017,EFFR,1.16
08/16/2017,OBFR,1.16
08/15/2017,EFFR,1.16
08/15/2017,OBFR,1.16
08/14/2017,EFFR,1.16
08/14/2017,OBFR,1.16
08/11/2017,EFFR,1.16
08/11/2017,OBFR,1.16
08/10/2017,EFFR,1.16
08/10/2017,OBFR,1.16
08/09/2017,EFFR,1.16
08/09/2017,OBFR,1.16
08/08/2017,EFFR,1.16
08/08/2017,OBFR,1.16
08/07/2017,EFFR,1.16
08/07/2017,OBFR,1.16
08/04/2017,EFFR,1.16
08/04/2017,OBFR,1.16
08/03/2017,EFFR,1.16
08/03/2017,OBFR,1.16
08/02/2017,EFFR,1.16
08/02/2017,OBFR,1.16
08/01/2017,EFFR,1.16
08/01/2017,OBFR,1.16
07/31/2017,EFFR,1.07
07/31/2017,OBFR,1.07
07/28/2017,EFFR,1.16
07/28/2017,OBFR,1.16
07/27/2017,EFFR,1.16
07/27/2017,OBFR,1.16
07/26/2017,EFFR,1.16
07/26/2017,OBFR,1.16
07/25/2017,EFFR,1.16
07/25/2017,OBFR,1.16
07/24/2017,EFFR,1.16
07/24/2017,OBFR,1.16
07/21/2017,EFFR,1.16
07/21/2017,OBFR,1.16
07/20/2017,EFFR,1.16
07/20/2017,OBFR,1.16
07/19/2017,EFFR,1.16
07/19/2017,OBFR,1.16
07/18/2017,EFFR,1.16
07/18/2017,OBFR,1.16
07/17/2017,EFFR,1.16
07/17/2017,OBFR,1.16
07/14/2017,EFFR,1.16
07/14/2017,OBFR,1.16
07/13/2017,EFFR,1.16
07/13/2017,OBFR,1.16
07/12/2017,EFFR,1.16
07/12/2017,OBFR,1.16
07/11/2017,EFFR,1.16
07/11/2017,OBFR,1.16
07/10/2017,EFFR,1.16
07/10/2017,OBFR,1.16
07/07/2017,EFFR,1.16
07/07/2017,OBFR,1.16
07/06/2017,EFFR,1.16
07/06/2017,OBFR,1.16
07/05/2017,EFFR,1.16
07/05/2017,OBFR,1.16
07/03/2017,EFFR,1.16
07/03/2017,OBFR,1.16
06/30/2017,EFFR,1.06
06/30/2017,OBFR,1.06
06/29/2017,EFFR,1.16
06/29/2017,OBFR,1.16
06/28/2017,EFFR,1.16
06/28/2017,OBFR,1.16
06/27/2017,EFFR,1.16
06/27/2017,OBFR,1.16
06/26/2017,EFFR,1.16
06/26/2017,OBFR,1.16
06/23/2017,EFFR,1.16
06/23/2017,OBFR,1.16
06/22/2017,EFFR,1.16
06/22/2017,OBFR,1.16
06/21/2017,EFFR,1.16
06/21/2017,OBFR,1.16
06/20/2017,EFFR,1.16
06/20/2017,OBFR,1.16
06/19/2017,EFFR,1.16
06/19/2017,OBFR,1.16
06/16/2017,EFFR,1.16
06/16/2017,OBFR,1.16
06/15/2017,EFFR,1.16
06/15/2017,OBFR,1.16
06/14/2017,EFFR,0.91
06/14/2017,OBFR,0.91
06/13/2017,EFFR,0.91
06/13/2017,OBFR,0.91
06/12/2017,EFFR,0.91
06/12/2017,OBFR,0.91
06/09/2017,EFFR,0.91
06/09/2017,OBFR,0.91
06/08/2017,EFFR,0.91
06/08/2017,OBFR,0.91
06/07/2017,EFFR,0.91
06/07/2017,OBFR,0.91
06/06/2017,EFFR,0.91
06/06/2017,OBFR,0.91
06/05/2017,EFFR,0.91
06/05/2017,OBFR,0.91
06/02/2017,EFFR,0.91
06/02/2017,OBFR,0.91
06/01/2017,EFFR,0.91
06/01/2017,OBFR,0.91
05/31/2017,EFFR,0.83
05/31/2017,OBFR,0.83
05/30/2017,EFFR,0.91
05/30/2017,OBFR,0.91
05/26/2017,EFFR,0.91
05/26/2017,OBFR,0.91
05/25/2017,EFFR,0.91
05/25/2017,OBFR,0.91
05/24/2017,EFFR,0.91
05/24/2017,OBFR,0.91
05/23/2017,EFFR,0.91
05/23/2017,OBFR,0.91
05/22/2017,EFFR,0.91
05/22/2017,OBFR,0.91
05/19/2017,EFFR,0.91
05/19/2017,OBFR,0.91
05/18/2017,EFFR,0.91
05/18/2017,OBFR,0.91
05/17/2017,EFFR,0.91
05/17/2017,OBFR,0.91
05/16/2017,EFFR,0.91
05/16/2017,OBFR,0.91
05/15/2017,EFFR,0.91
05/15/2017,OBFR,0.91
05/12/2017,EFFR,0.91
05/12/2017,OBFR,0.91
05/11/2017,EFFR,0.91
05/11/2017,OBFR,0.91
05/10/2017,EFFR,0.91
05/10/2017,OBFR,0.91
05/09/2017,EFFR,0.91
05/09/2017,OBFR,0.91
05/08/2017,EFFR,0.91
05/08/2017,OBFR,0.91
05/05/2017,EFFR,0.91
05/05/2017,OBFR,0.91
05/04/2017,EFFR,0.91
05/04/2017,OBFR,0.91
05/03/2017,EFFR,0.91
05/03/2017,OBFR,0.91
05/02/2017,EFFR,0.91
05/02/2017,OBFR,0.91
05/01/2017,EFFR,0.91
05/01/2017,OBFR,0.91
04/28/2017,EFFR,0.83
04/28/2017,OBFR,0.83
04/27/2017,EFFR,0.91
04/27/2017,OBFR,0.91
04/26/2017,EFFR,0.91
04/26/2017,OBFR,0.91
04/25/2017,EFFR,0.91
04/25/2017,OBFR,0.91
04/24/2017,EFFR,0.91
04/24/2017,OBFR,0.91
04/21/2017,EFFR,0.91
04/21/2017,OBFR,0.91
04/20/2017,EFFR,0.91
04/20/2017,OBFR,0.91
04/19/2017,EFFR,0.91
04/19/2017,OBFR,0.91
04/18/2017,EFFR,0.91
04/18/2017,OBFR,0.91
04/17/2017,EFFR,0.91
04/17/2017,OBFR,0.91
04/14/2017,EFFR,0.91
04/14/2017,OBFR,0.91
04/13/2017,EFFR,0.91
04/13/2017,OBFR,0.91
04/12/2017,EFFR,0.91
04/12/2017,OBFR,0.91
04/11/2017,EFFR,0.91
04/11/2017,OBFR,0.91
04/10/2017,EFFR,0.91
04/10/2017,OBFR,0.91
04/07/2017,EFFR,0.91
04/07/2017,OBFR,0.91
04/06/2017,EFFR,0.91
04/06/2017,OBFR,0.91
04/05/2017,EFFR,0.91
04/05/2017,OBFR,0.91
04/04/2017,EFFR,0.91
04/04/2017,OBFR,0.91
04/03/2017,EFFR,0.91
04/03/2017,OBFR,0.91
03/31/2017,EFFR,0.82
03/31/2017,OBFR,0.82
03/30/2017,EFFR,0.91
03/30/2017,OBFR,0.91
03/29/2017,EFFR,0.91
03/29/2017,OBFR,0.91
03/28/2017,EFFR,0.91
03/28/2017,OBFR,0.91
03/27/2017,EFFR,0.91
03/27/2017,OBFR,0.91
03/24/2017,EFFR,0.91
03/24/2017,OBFR,0.91
03/23/2017,EFFR,0.91
03/23/2017,OBFR,0.91
03/22/2017,EFFR,0.91
03/22/2017,OBFR,0.91
03/21/2017,EFFR,0.91
03/21/2017,OBFR,0.91
03/20/2017,EFFR,0.91
03/20/2017,OBFR,0.91
03/17/2017,EFFR,0.91
03/17/2017,OBFR,0.91
03/16/2017,EFFR,0.91
03/16/2017,OBFR,0.91
03/15/2017,EFFR,0.66
03/15/2017,OBFR,0.66
03/14/2017,EFFR,0.66
03/14/2017,OBFR,0.66
03/13/2017,EFFR,0.66
03/13/2017,OBFR,0.66
03/10/2017,EFFR,0.66
03/10/2017,OBFR,0.66
03/09/2017,EFFR,0.66
03/09/2017,OBFR,0.66
03/08/2017,EFFR,0.66
03/08/2017,OBFR,0.66
03/07/2017,EFFR,0.66
03/07/2017,OBFR,0.66
03/06/2017,EFFR,0.66
03/06/2017,OBFR,0.66
03/03/2017,EFFR,0.66
03/03/2017,OBFR,0.66
03/02/2017,EFFR,0.66
03/02/2017,OBFR,0.66
03/01/2017,EFFR,0.66
03/01/2017,OBFR,0.66
02/28/2017,EFFR,0.57
02/28/2017,OBFR,0.57
02/27/2017,EFFR,0.66
02/27/2017,OBFR,0.66
02/24/2017,EFFR,0.66
02/24/2017,OBFR,0.66
02/23/2017,EFFR,0.66
02/23/2017,OBFR,0.66
02/22/2017,EFFR,0.66
02/22/2017,OBFR,0.66
02/21/2017,EFFR,0.66
02/21/2017,OBFR,0.66
02/17/2017,EFFR,0.66
02/17/2017,OBFR,0.66
02/16/2017,EFFR,0.66
02/16/2017,OBFR,0.66
02/15/2017,EFFR,0.66
02/15/2017,OBFR,0.66
02/14/2017,EFFR,0.66
02/14/2017,OBFR,0.66
02/13/2017,EFFR,0.66
02/13/2017,OBFR,0.66
02/10/2017,EFFR,0.66
02/10/2017,OBFR,0.66
02/09/2017,EFFR,0.66
02/09/2017,OBFR,0.66
02/08/2017,EFFR,0.66
02/08/2017,OBFR,0.66
02/07/2017,EFFR,0.66
02/07/2017,OBFR,0.66
02/06/2017,EFFR,0.66
02/06/2017,OBFR,0.66
02/03/2017,EFFR,0.66
02/03/2017,OBFR,0.66
02/02/2017,EFFR,0.66
02/02/2017,OBFR,0.66
02/01/2017,EFFR,0.66
02/01/2017,OBFR,0.66
01/31/2017,EFFR,0.56
01/31/2017,OBFR,0.56
01/30/2017,EFFR,0.66
01/30/2017,OBFR,0.66
01/27/2017,EFFR,0.66
01/27/2017,OBFR,0.66
01/26/2017,EFFR,0.66
01/26/2017,OBFR,0.66
01/25/2017,EFFR,0.66
01/25/2017,OBFR,0.66
01/24/2017,EFFR,0.66
01/24/2017,OBFR,0.66
01/23/2017,EFFR,0.66
01/23/2017,OBFR,0.66
01/20/2017,EFFR,0.66
01/20/2017,OBFR,0.66
01/19/2017,EFFR,0.66
01/19/2017,OBFR,0.66
01/18/2017,EFFR,0.66
01/18/2017,OBFR,0.66
01/17/2017,EFFR,0.66
01/17/2017,OBFR,0.66
01/13/2017,EFFR,0.66
01/13/2017,OBFR,0.66
01/12/2017,EFFR,0.66
01/12/2017,OBFR,0.66
01/11/2017,EFFR,0.66
01/11/2017,OBFR,0.66
01/10/2017,EFFR,0.66
01/10/2017,OBFR,0.66
01/09/2017,EFFR,0.66
01/09/2017,OBFR,0.66
01/06/2017,EFFR,0.66
01/06/2017,OBFR,0.66
01/05/2017,EFFR,0.66
01/05/2017,OBFR,0.66
01/04/2017,EFFR,0.66
01/04/2017,OBFR,0.66
01/03/2017,EFFR,0.66
01/03/2017,OBFR,0.66
12/30/2016,EFFR,0.55
12/30/2016,OBFR,0.55
12/29/2016,EFFR,0.66
12/29/2016,OBFR,0.66
12/28/2016,EFFR,0.66
12/28/2016,OBFR,0.66
12/27/2016,EFFR,0.66
12/27/2016,OBFR,0.66
12/23/2016,EFFR,0.66
12/23/2016,OBFR,0.66
12/22/2016,EFFR,0.66
12/22/2016,OBFR,0.66
12/21/2016,EFFR,0.66
12/21/2016,OBFR,0.66
12/20/2016,EFFR,0.66
12/20/2016,OBFR,0.66
12/19/2016,EFFR,0.66
12/19/2016,OBFR,0.66
12/16/2016,EFFR,0.66
12/16/2016,OBFR,0.66
12/15/2016,EFFR,0.66
12/15/2016,OBFR,0.66
12/14/2016,EFFR,0.41
12/14/2016,OBFR,0.41
12/13/2016,EFFR,0.41
12/13/2016,OBFR,0.41
12/12/2016,EFFR,0.41
12/12/2016,OBFR,0.41
12/09/2016,EFFR,0.41
12/09/2016,OBFR,0.41
12/08/2016,EFFR,0.41
12/08/2016,OBFR,0.41
12/07/2016,EFFR,0.41
12/07/2016,OBFR,0.41
12/06/2016,EFFR,0.41
12/06/2016,OBFR,0.41
12/05/2016,EFFR,0.41
12/05/2016,OBFR,0.41
12/02/2016,EFFR,0.41
12/02/2016,OBFR,0.41
12/01/2016,EFFR,0.41
12/01/2016,OBFR,0.41
11/30/2016,EFFR,0.31
11/30/2016,OBFR,0.31
11/29/2016,EFFR,0.41
11/29/2016,OBFR,0.41
11/28/2016,EFFR,0.41
11/28/2016,OBFR,0.41
11/25/2016,EFFR,0.41
11/25/2016,OBFR,0.41
11/23/2016,EFFR,0.41
11/23/2016,OBFR,0.41
11/22/2016,EFFR,0.41
11/22/2016,OBFR,0.41
11/21/2016,EFFR,0.41
11/21/2016,OBFR,0.41
11/18/2016,EFFR,0.41
11/18/2016,OBFR,0.41
11/17/2016,EFFR,0.41
11/17/2016,OBFR,0.41
11/16/2016,EFFR,0.41
11/16/2016,OBFR,0.41
11/15/2016,EFFR,0.41
11/15/2016,OBFR,0.41
11/14/2016,EFFR,0.41
11/14/2016,OBFR,0.41
11/10/2016,EFFR,0.41
11/10/2016,OBFR,0.41
11/09/2016,EFFR,0.41
11/09/2016,OBFR,0.41
11/08/2016,EFFR,0.41
11/08/2016,OBFR,0.41
11/07/2016,EFFR,0.41
11/07/2016,OBFR,0.41
11/04/2016,EFFR,0.41
11/04/2016,OBFR,0.41
11/03/2016,EFFR,0.41
11/03/2016,OBFR,0.41
11/02/2016,EFFR,0.41
11/02/2016,OBFR,0.41
11/01/2016,EFFR,0.41
11/01/2016,OBFR,0.41
10/31/2016,EFFR,0.31
10/31/2016,OBFR,0.31
10/28/2016,EFFR,0.41
10/28/2016,OBFR,0.41
10/27/2016,EFFR,0.41
10/27/2016,OBFR,0.41
10/26/2016,EFFR,0.41
10/26/2016,OBFR,0.41
10/25/2016,EFFR,0.41
10/25/2016,OBFR,0.41
10/24/2016,EFFR,0.41
10/24/2016,OBFR,0.41
10/21/2016,EFFR,0.41
10/21/2016,OBFR,0.41
10/20/2016,EFFR,0.41
10/20/2016,OBFR,0.41
10/19/2016,EFFR,0.41
10/19/2016,OBFR,0.41
10/18/2016,EFFR,0.41
10/18/2016,OBFR,0.41
10/17/2016,EFFR,0.41
10/17/2016,OBFR,0.41
10/14/2016,EFFR,0.41
10/14/2016,OBFR,0.41
10/13/2016,EFFR,0.41
10/13/2016,OBFR,0.41
10/12/2016,EFFR,0.41
10/12/2016,OBFR,0.41
10/11/2016,EFFR,0.41
10/11/2016,OBFR,0.41
10/07/2016,EFFR,0.4
10/07/2016,OBFR,0.41
10/06/2016,EFFR,0.4
10/06/2016,OBFR,0.4
10/05/2016,EFFR,0.4
10/05/2016,OBFR,0.4
10/04/2016,EFFR,0.4
10/04/2016,OBFR,0.4
10/03/2016,EFFR,0.4
10/03/2016,OBFR,0.4
09/30/2016,EFFR,0.29
09/30/2016,OBFR,0.29
09/29/2016,EFFR,0.4
09/29/2016,OBFR,0.4
09/28/2016,EFFR,0.4
09/28/2016,OBFR,0.4
09/27/2016,EFFR,0.4
09/27/2016,OBFR,0.4
09/26/2016,EFFR,0.4
09/26/2016,OBFR,0.4
09/23/2016,EFFR,0.4
09/23/2016,OBFR,0.4
09/22/2016,EFFR,0.4
09/22/2016,OBFR,0.4
09/21/2016,EFFR,0.4
09/21/2016,OBFR,0.4
09/20/2016,EFFR,0.4
09/20/2016,OBFR,0.4
09/19/2016,EFFR,0.4
09/19/2016,OBFR,0.4
09/16/2016,EFFR,0.4
09/16/2016,OBFR,0.4
09/15/2016,EFFR,0.4
09/15/2016,OBFR,0.4
09/14/2016,EFFR,0.4
09/14/2016,OBFR,0.4
09/13/2016,EFFR,0.4
09/13/2016,OBFR,0.4
09/12/2016,EFFR,0.4
09/12/2016,OBFR,0.4
09/09/2016,EFFR,0.4
09/09/2016,OBFR,0.4
09/08/2016,EFFR,0.4
09/08/2016,OBFR,0.4
09/07/2016,EFFR,0.4
09/07/2016,OBFR,0.4
09/06/2016,EFFR,0.4
09/06/2016,OBFR,0.4
09/02/2016,EFFR,0.4
09/02/2016,OBFR,0.4
09/01/2016,EFFR,0.4
09/01/2016,OBFR,0.4
08/31/2016,EFFR,0.3
08/31/2016,OBFR,0.3
08/30/2016,EFFR,0.4
08/30/2016,OBFR,0.4
08/29/2016,EFFR,0.4
08/29/2016,OBFR,0.4
08/26/2016,EFFR,0.4
08/26/2016,OBFR,0.4
08/25/2016,EFFR,0.4
08/25/2016,OBFR,0.4
08/24/2016,EFFR,0.4
08/24/2016,OBFR,0.4
08/23/2016,EFFR,0.4
08/23/2016,OBFR,0.4
08/22/2016,EFFR,0.4
08/22/2016,OBFR,0.4
08/19/2016,EFFR,0.4
08/19/2016,OBFR,0.4
08/18/2016,EFFR,0.4
08/18/2016,OBFR,0.4
08/17/2016,EFFR,0.4
08/17/2016,OBFR,0.4
08/16/2016,EFFR,0.4
08/16/2016,OBFR,0.4
08/15/2016,EFFR,0.4
08/15/2016,OBFR,0.4
08/12/2016,EFFR,0.4
08/12/2016,OBFR,0.4
08/11/2016,EFFR,0.4
08/11/2016,OBFR,0.4
08/10/2016,EFFR,0.4
08/10/2016,OBFR,0.4
08/09/2016,EFFR,0.4
08/09/2016,OBFR,0.4
08/08/2016,EFFR,0.4
08/08/2016,OBFR,0.4
08/05/2016,EFFR,0.4
08/05/2016,OBFR,0.4
08/04/2016,EFFR,0.4
08/04/2016,OBFR,0.4
08/03/2016,EFFR,0.4
08/03/2016,OBFR,0.4
08/02/2016,EFFR,0.4
08/02/2016,OBFR,0.4
08/01/2016,EFFR,0.4
08/01/2016,OBFR,0.4
07/29/2016,EFFR,0.3
07/29/2016,OBFR,0.3
07/28/2016,EFFR,0.4
07/28/2016,OBFR,0.4
07/27/2016,EFFR,0.4
07/27/2016,OBFR,0.4
07/26/2016,EFFR,0.4
07/26/2016,OBFR,0.4
07/25/2016,EFFR,0.4
07/25/2016,OBFR,0.4
07/22/2016,EFFR,0.4
07/22/2016,OBFR,0.4
07/21/2016,EFFR,0.4
07/21/2016,OBFR,0.4
07/20/2016,EFFR,0.4
07/20/2016,OBFR,0.4
07/19/2016,EFFR,0.4
07/19/2016,OBFR,0.4
07/18/2016,EFFR,0.4
07/18/2016,OBFR,0.4
07/15/2016,EFFR,0.4
07/15/2016,OBFR,0.4
07/14/2016,EFFR,0.4
07/14/2016,OBFR,0.4
07/13/2016,EFFR,0.4
07/13/2016,OBFR,0.4
07/12/2016,EFFR,0.4
07/12/2016,OBFR,0.4
07/11/2016,EFFR,0.4
07/11/2016,OBFR,0.4
07/08/2016,EFFR,0.4
07/08/2016,OBFR,0.4
07/07/2016,EFFR,0.4
07/07/2016,OBFR,0.4
07/06/2016,EFFR,0.4
07/06/2016,OBFR,0.4
07/05/2016,EFFR,0.4
07/05/2016,OBFR,0.4
07/01/2016,EFFR,0.41
07/01/2016,OBFR,0.41
06/30/2016,EFFR,0.3
06/30/2016,OBFR,0.3
06/29/2016,EFFR,0.41
06/29/2016,OBFR,0.41
06/28/2016,EFFR,0.41
06/28/2016,OBFR,0.41
06/27/2016,EFFR,0.41
06/27/2016,OBFR,0.41
06/24/2016,EFFR,0.4
06/24/2016,OBFR,0.4
06/23/2016,EFFR,0.39
06/23/2016,OBFR,0.39
06/22/2016,EFFR,0.38
06/22/2016,OBFR,0.38
06/21/2016,EFFR,0.38
06/21/2016,OBFR,0.38
06/20/2016,EFFR,0.38
06/20/2016,OBFR,0.38
06/17/2016,EFFR,0.38
06/17/2016,OBFR,0.38
06/16/2016,EFFR,0.38
06/16/2016,OBFR,0.38
06/15/2016,EFFR,0.37
06/15/2016,OBFR,0.38
06/14/2016,EFFR,0.37
06/14/2016,OBFR,0.37
06/13/2016,EFFR,0.37
06/13/2016,OBFR,0.37
06/10/2016,EFFR,0.37
06/10/2016,OBFR,0.37
06/09/2016,EFFR,0.37
06/09/2016,OBFR,0.37
06/08/2016,EFFR,0.37
06/08/2016,OBFR,0.37
06/07/2016,EFFR,0.37
06/07/2016,OBFR,0.37
06/06/2016,EFFR,0.37
06/06/2016,OBFR,0.37
06/03/2016,EFFR,0.37
06/03/2016,OBFR,0.37
06/02/2016,EFFR,0.37
06/02/2016,OBFR,0.37
06/01/2016,EFFR,0.37
06/01/2016,OBFR,0.37
05/31/2016,EFFR,0.29
05/31/2016,OBFR,0.29
05/27/2016,EFFR,0.37
05/27/2016,OBFR,0.37
05/26/2016,EFFR,0.37
05/26/2016,OBFR,0.37
05/25/2016,EFFR,0.37
05/25/2016,OBFR,0.37
05/24/2016,EFFR,0.37
05/24/2016,OBFR,0.37
05/23/2016,EFFR,0.37
05/23/2016,OBFR,0.37
05/20/2016,EFFR,0.37
05/20/2016,OBFR,0.37
05/19/2016,EFFR,0.37
05/19/2016,OBFR,0.37
05/18/2016,EFFR,0.37
05/18/2016,OBFR,0.37
05/17/2016,EFFR,0.37
05/17/2016,OBFR,0.37
05/16/2016,EFFR,0.37
05/16/2016,OBFR,0.37
05/13/2016,EFFR,0.37
05/13/2016,OBFR,0.37
05/12/2016,EFFR,0.37
05/12/2016,OBFR,0.37
05/11/2016,EFFR,0.37
05/11/2016,OBFR,0.37
05/10/2016,EFFR,0.37
05/10/2016,OBFR,0.37
05/09/2016,EFFR,0.37
05/09/2016,OBFR,0.37
05/06/2016,EFFR,0.37
05/06/2016,OBFR,0.37
05/05/2016,EFFR,0.37
05/05/2016,OBFR,0.37
05/04/2016,EFFR,0.37
05/04/2016,OBFR,0.37
05/03/2016,EFFR,0.37
05/03/2016,OBFR,0.37
05/02/2016,EFFR,0.37
05/02/2016,OBFR,0.37
04/29/2016,EFFR,0.3
04/29/2016,OBFR,0.3
04/28/2016,EFFR,0.37
04/28/2016,OBFR,0.37
04/27/2016,EFFR,0.37
04/27/2016,OBFR,0.37
04/26/2016,EFFR,0.37
04/26/2016,OBFR,0.37
04/25/2016,EFFR,0.37
04/25/2016,OBFR,0.37
04/22/2016,EFFR,0.37
04/22/2016,OBFR,0.37
04/21/2016,EFFR,0.37
04/21/2016,OBFR,0.37
04/20/2016,EFFR,0.37
04/20/2016,OBFR,0.37
04/19/2016,EFFR,0.37
04/19/2016,OBFR,0.37
04/18/2016,EFFR,0.37
04/18/2016,OBFR,0.37
04/15/2016,EFFR,0.37
04/15/2016,OBFR,0.37
04/14/2016,EFFR,0.37
04/14/2016,OBFR,0.37
04/13/2016,EFFR,0.37
04/13/2016,OBFR,0.37
04/12/2016,EFFR,0.37
04/12/2016,OBFR,0.37
04/11/2016,EFFR,0.37
04/11/2016,OBFR,0.37
04/08/2016,EFFR,0.37
04/08/2016,OBFR,0.37
04/07/2016,EFFR,0.37
04/07/2016,OBFR,0.37
04/06/2016,EFFR,0.37
04/06/2016,OBFR,0.37
04/05/2016,EFFR,0.37
04/05/2016,OBFR,0.37
04/04/2016,EFFR,0.37
04/04/2016,OBFR,0.37
04/01/2016,EFFR,0.37
04/01/2016,OBFR,0.37
03/31/2016,EFFR,0.25
03/31/2016,OBFR,0.25
03/30/2016,EFFR,0.37
03/30/2016,OBFR,0.37
03/29/2016,EFFR,0.37
03/29/2016,OBFR,0.37
03/28/2016,EFFR,0.37
03/28/2016,OBFR,0.37
03/25/2016,EFFR,0.37
03/25/2016,OBFR,0.37
03/24/2016,EFFR,0.37
03/24/2016,OBFR,0.37
03/23/2016,EFFR,0.37
03/23/2016,OBFR,0.37
03/22/2016,EFFR,0.37
03/22/2016,OBFR,0.37
03/21/2016,EFFR,0.37
03/21/2016,OBFR,0.37
03/18/2016,EFFR,0.37
03/18/2016,OBFR,0.37
03/17/2016,EFFR,0.37
03/17/2016,OBFR,0.37
03/16/2016,EFFR,0.37
03/16/2016,OBFR,0.37
03/15/2016,EFFR,0.37
03/15/2016,OBFR,0.37
03/14/2016,EFFR,0.36
03/14/2016,OBFR,0.37
03/11/2016,EFFR,0.36
03/11/2016,OBFR,0.37
03/10/2016,EFFR,0.36
03/10/2016,OBFR,0.37
03/09/2016,EFFR,0.36
03/09/2016,OBFR,0.37
03/08/2016,EFFR,0.36
03/08/2016,OBFR,0.37
03/07/2016,EFFR,0.36
03/07/2016,OBFR,0.37
03/04/2016,EFFR,0.36
03/04/2016,OBFR,0.37
03/03/2016,EFFR,0.37
03/03/2016,OBFR,0.37
03/02/2016,EFFR,0.37
03/02/2016,OBFR,0.37
03/01/2016,EFFR,0.36
03/01/2016,OBFR,0.37
02/29/2016,EFFR,0.29
02/26/2016,EFFR,0.37
02/25/2016,EFFR,0.37
02/24/2016,EFFR,0.38
02/23/2016,EFFR,0.38
02/22/2016,EFFR,0.38
02/19/2016,EFFR,0.38
02/18/2016,EFFR,0.38
02/17/2016,EFFR,0.37
02/16/2016,EFFR,0.38
02/12/2016,EFFR,0.38
02/11/2016,EFFR,0.38
02/10/2016,EFFR,0.38
02/09/2016,EFFR,0.38
02/08/2016,EFFR,0.38
02/05/2016,EFFR,0.38
02/04/2016,EFFR,0.38
02/03/2016,EFFR,0.38
02/02/2016,EFFR,0.38
02/01/2016,EFFR,0.38
01/29/2016,EFFR,0.29
01/28/2016,EFFR,0.38
01/27/2016,EFFR,0.38
01/26/2016,EFFR,0.38
01/25/2016,EFFR,0.38
01/22/2016,EFFR,0.38
01/21/2016,EFFR,0.37
01/20/2016,EFFR,0.37
01/19/2016,EFFR,0.36
01/15/2016,EFFR,0.36
01/14/2016,EFFR,0.36
01/13/2016,EFFR,0.36
01/12/2016,EFFR,0.36
01/11/2016,EFFR,0.36
01/08/2016,EFFR,0.36
01/07/2016,EFFR,0.36
01/06/2016,EFFR,0.36
01/05/2016,EFFR,0.36
01/04/2016,EFFR,0.36
12/31/2015,EFFR,0.2
12/30/2015,EFFR,0.35
12/29/2015,EFFR,0.36
12/28/2015,EFFR,0.36
12/24/2015,EFFR,0.36
12/23/2015,EFFR,0.36
12/22/2015,EFFR,0.36
12/21/2015,EFFR,0.36
12/18/2015,EFFR,0.37
12/17/2015,EFFR,0.37
12/16/2015,EFFR,0.15
12/15/2015,EFFR,0.15
12/14/2015,EFFR,0.15
12/11/2015,EFFR,0.14
12/10/2015,EFFR,0.14
12/09/2015,EFFR,0.14
12/08/2015,EFFR,0.13
12/07/2015,EFFR,0.13
12/04/2015,EFFR,0.13
12/03/2015,EFFR,0.13
12/02/2015,EFFR,0.13
12/01/2015,EFFR,0.13
11/30/2015,EFFR,0.08
11/27/2015,EFFR,0.12
11/25/2015,EFFR,0.12
11/24/2015,EFFR,0.12
11/23/2015,EFFR,0.12
11/20/2015,EFFR,0.12
11/19/2015,EFFR,0.12
11/18/2015,EFFR,0.12
11/17/2015,EFFR,0.13
11/16/2015,EFFR,0.13
11/13/2015,EFFR,0.12
11/12/2015,EFFR,0.12
11/10/2015,EFFR,0.12
11/09/2015,EFFR,0.12
11/06/2015,EFFR,0.12
11/05/2015,EFFR,0.12
11/04/2015,EFFR,0.12
11/03/2015,EFFR,0.12
11/02/2015,EFFR,0.12
10/30/2015,EFFR,0.07
10/29/2015,EFFR,0.12
10/28/2015,EFFR,0.12
10/27/2015,EFFR,0.12
10/26/2015,EFFR,0.12
10/23/2015,EFFR,0.12
10/22/2015,EFFR,0.12
10/21/2015,EFFR,0.13
10/20/2015,EFFR,0.13
10/19/2015,EFFR,0.13
10/16/2015,EFFR,0.13
10/15/2015,EFFR,0.13
10/14/2015,EFFR,0.13
10/13/2015,EFFR,0.13
10/09/2015,EFFR,0.13
10/08/2015,EFFR,0.13
10/07/2015,EFFR,0.13
10/06/2015,EFFR,0.13
10/05/2015,EFFR,0.13
10/02/2015,EFFR,0.13
10/01/2015,EFFR,0.13
09/30/2015,EFFR,0.07
09/29/2015,EFFR,0.13
09/28/2015,EFFR,0.13
09/25/2015,EFFR,0.13
09/24/2015,EFFR,0.14
09/23/2015,EFFR,0.14
09/22/2015,EFFR,0.14
09/21/2015,EFFR,0.14
09/18/2015,EFFR,0.14
09/17/2015,EFFR,0.14
09/16/2015,EFFR,0.14
09/15/2015,EFFR,0.14
09/14/2015,EFFR,0.14
09/11/2015,EFFR,0.14
09/10/2015,EFFR,0.14
09/09/2015,EFFR,0.14
09/08/2015,EFFR,0.14
09/04/2015,EFFR,0.14
09/03/2015,EFFR,0.14
09/02/2015,EFFR,0.14
09/01/2015,EFFR,0.14
08/31/2015,EFFR,0.08
08/28/2015,EFFR,0.14
08/27/2015,EFFR,0.14
08/26/2015,EFFR,0.14
08/25/2015,EFFR,0.15
08/24/2015,EFFR,0.15
08/21/2015,EFFR,0.15
08/20/2015,EFFR,0.15
08/19/2015,EFFR,0.15
08/18/2015,EFFR,0.15
08/17/2015,EFFR,0.15
08/14/2015,EFFR,0.14
08/13/2015,EFFR,0.15
08/12/2015,EFFR,0.15
08/11/2015,EFFR,0.15
08/10/2015,EFFR,0.14
08/07/2015,EFFR,0.14
08/06/2015,EFFR,0.14
08/05/2015,EFFR,0.14
08/04/2015,EFFR,0.14
08/03/2015,EFFR,0.14
07/31/2015,EFFR,0.08
07/30/2015,EFFR,0.14
07/29/2015,EFFR,0.14
07/28/2015,EFFR,0.14
07/27/2015,EFFR,0.14
07/24/2015,EFFR,0.13
07/23/2015,EFFR,0.13
07/22/2015,EFFR,0.13
07/21/2015,EFFR,0.13
07/20/2015,EFFR,0.14
07/17/2015,EFFR,0.13
07/16/2015,EFFR,0.14
07/15/2015,EFFR,0.13
07/14/2015,EFFR,0.13
07/13/2015,EFFR,0.13
07/10/2015,EFFR,0.13
07/09/2015,EFFR,0.13
07/08/2015,EFFR,0.13
07/07/2015,EFFR,0.13
07/06/2015,EFFR,0.13
07/03/2015,EFFR,0.13
07/02/2015,EFFR,0.13
07/01/2015,EFFR,0.13
06/30/2015,EFFR,0.08
06/29/2015,EFFR,0.14
06/26/2015,EFFR,0.13
06/25/2015,EFFR,0.13
06/24/2015,EFFR,0.13
06/23/2015,EFFR,0.13
06/22/2015,EFFR,0.13
06/19/2015,EFFR,0.13
06/18/2015,EFFR,0.14
06/17/2015,EFFR,0.14
06/16/2015,EFFR,0.14
06/15/2015,EFFR,0.13
06/12/2015,EFFR,0.13
06/11/2015,EFFR,0.13
06/10/2015,EFFR,0.13
06/09/2015,EFFR,0.13
06/08/2015,EFFR,0.13
06/05/2015,EFFR,0.13
06/04/2015,EFFR,0.13
06/03/2015,EFFR,0.13
06/02/2015,EFFR,0.12
06/01/2015,EFFR,0.12
05/29/2015,EFFR,0.08
05/28/2015,EFFR,0.12
05/27/2015,EFFR,0.12
05/26/2015,EFFR,0.12
05/22/2015,EFFR,0.13
05/21/2015,EFFR,0.12
05/20/2015,EFFR,0.12
05/19/2015,EFFR,0.12
05/18/2015,EFFR,0.13
05/15/2015,EFFR,0.13
05/14/2015,EFFR,0.13
05/13/2015,EFFR,0.13
05/12/2015,EFFR,0.13
05/11/2015,EFFR,0.13
05/08/2015,EFFR,0.13
05/07/2015,EFFR,0.13
05/06/2015,EFFR,0.13
05/05/2015,EFFR,0.13
05/04/2015,EFFR,0.13
05/01/2015,EFFR,0.13
04/30/2015,EFFR,0.08
04/29/2015,EFFR,0.13
04/28/2015,EFFR,0.13
04/27/2015,EFFR,0.13
04/24/2015,EFFR,0.13
04/23/2015,EFFR,0.13
04/22/2015,EFFR,0.13
04/21/2015,EFFR,0.13
04/20/2015,EFFR,0.13
04/17/2015,EFFR,0.13
04/16/2015,EFFR,0.13
04/15/2015,EFFR,0.13
04/14/2015,EFFR,0.13
04/13/2015,EFFR,0.13
04/10/2015,EFFR,0.12
04/09/2015,EFFR,0.12
04/08/2015,EFFR,0.12
04/07/2015,EFFR,0.12
04/06/2015,EFFR,0.13
04/03/2015,EFFR,0.12
04/02/2015,EFFR,0.12
04/01/2015,EFFR,0.12
03/31/2015,EFFR,0.06
03/30/2015,EFFR,0.12
03/27/2015,EFFR,0.12
03/26/2015,EFFR,0.11
03/25/2015,EFFR,0.12
03/24/2015,EFFR,0.11
03/23/2015,EFFR,0.12
03/20/2015,EFFR,0.12
03/19/2015,EFFR,0.12
03/18/2015,EFFR,0.11
03/17/2015,EFFR,0.12
03/16/2015,EFFR,0.12
03/13/2015,EFFR,0.11
03/12/2015,EFFR,0.11
03/11/2015,EFFR,0.11
03/10/2015,EFFR,0.12
03/09/2015,EFFR,0.12
03/06/2015,EFFR,0.12
03/05/2015,EFFR,0.11
03/04/2015,EFFR,0.11
03/03/2015,EFFR,0.12
03/02/2015,EFFR,0.12
02/27/2015,EFFR,0.06
02/26/2015,EFFR,0.11
02/25/2015,EFFR,0.11
02/24/2015,EFFR,0.11
02/23/2015,EFFR,0.11
02/20/2015,EFFR,0.12
02/19/2015,EFFR,0.12
02/18/2015,EFFR,0.12
02/17/2015,EFFR,0.12
02/13/2015,EFFR,0.12
02/12/2015,EFFR,0.12
02/11/2015,EFFR,0.12
02/10/2015,EFFR,0.12
02/09/2015,EFFR,0.12
02/06/2015,EFFR,0.11
02/05/2015,EFFR,0.12
02/04/2015,EFFR,0.11
02/03/2015,EFFR,0.12
02/02/2015,EFFR,0.12
01/30/2015,EFFR,0.06
01/29/2015,EFFR,0.11
01/28/2015,EFFR,0.12
01/27/2015,EFFR,0.11
01/26/2015,EFFR,0.12
01/23/2015,EFFR,0.12
01/22/2015,EFFR,0.12
01/21/2015,EFFR,0.12
01/20/2015,EFFR,0.12
01/16/2015,EFFR,0.13
01/15/2015,EFFR,0.12
01/14/2015,EFFR,0.12
01/13/2015,EFFR,0.12
01/12/2015,EFFR,0.12
01/09/2015,EFFR,0.12
01/08/2015,EFFR,0.12
01/07/2015,EFFR,0.12
01/06/2015,EFFR,0.12
01/05/2015,EFFR,0.12
01/02/2015,EFFR,0.12
12/31/2014,EFFR,0.06
12/30/2014,EFFR,0.13
12/29/2014,EFFR,0.13
12/26/2014,EFFR,0.13
12/24/2014,EFFR,0.13
12/23/2014,EFFR,0.13
12/22/2014,EFFR,0.13
12/19/2014,EFFR,0.13
12/18/2014,EFFR,0.13
12/17/2014,EFFR,0.13
12/16/2014,EFFR,0.12
12/15/2014,EFFR,0.11
12/12/2014,EFFR,0.12
12/11/2014,EFFR,0.12
12/10/2014,EFFR,0.12
12/09/2014,EFFR,0.12
12/08/2014,EFFR,0.12
12/05/2014,EFFR,0.12
12/04/2014,EFFR,0.12
12/03/2014,EFFR,0.12
12/02/2014,EFFR,0.12
12/01/2014,EFFR,0.13
11/28/2014,EFFR,0.08
11/26/2014,EFFR,0.1
11/25/2014,EFFR,0.1
11/24/2014,EFFR,0.1
11/21/2014,EFFR,0.1
11/20/2014,EFFR,0.1
11/19/2014,EFFR,0.1
11/18/2014,EFFR,0.11
11/17/2014,EFFR,0.1
11/14/2014,EFFR,0.09
11/13/2014,EFFR,0.09
11/12/2014,EFFR,0.09
11/10/2014,EFFR,0.09
11/07/2014,EFFR,0.09
11/06/2014,EFFR,0.09
11/05/2014,EFFR,0.09
11/04/2014,EFFR,0.1
11/03/2014,EFFR,0.09
10/31/2014,EFFR,0.07
10/30/2014,EFFR,0.09
10/29/2014,EFFR,0.09
10/28/2014,EFFR,0.09
10/27/2014,EFFR,0.09
10/24/2014,EFFR,0.09
10/23/2014,EFFR,0.09
10/22/2014,EFFR,0.09
10/21/2014,EFFR,0.09
10/20/2014,EFFR,0.09
10/17/2014,EFFR,0.09
10/16/2014,EFFR,0.09
10/15/2014,EFFR,0.09
10/14/2014,EFFR,0.09
10/10/2014,EFFR,0.09
10/09/2014,EFFR,0.08
10/08/2014,EFFR,0.09
10/07/2014,EFFR,0.09
10/06/2014,EFFR,0.09
10/03/2014,EFFR,0.09
10/02/2014,EFFR,0.09
10/01/2014,EFFR,0.09
09/30/2014,EFFR,0.07
09/29/2014,EFFR,0.08
09/26/2014,EFFR,0.09
09/25/2014,EFFR,0.09
09/24/2014,EFFR,0.09
09/23/2014,EFFR,0.09
09/22/2014,EFFR,0.09
09/19/2014,EFFR,0.09
09/18/2014,EFFR,0.09
09/17/2014,EFFR,0.09
09/16/2014,EFFR,0.09
09/15/2014,EFFR,0.09
09/12/2014,EFFR,0.09
09/11/2014,EFFR,0.09
09/10/2014,EFFR,0.09
09/09/2014,EFFR,0.09
09/08/2014,EFFR,0.09
09/05/2014,EFFR,0.09
09/04/2014,EFFR,0.09
09/03/2014,EFFR,0.09
09/02/2014,EFFR,0.09
08/29/2014,EFFR,0.07
08/28/2014,EFFR,0.09
08/27/2014,EFFR,0.09
08/26/2014,EFFR,0.09
08/25/2014,EFFR,0.09
08/22/2014,EFFR,0.09
08/21/2014,EFFR,0.09
08/20/2014,EFFR,0.09
08/19/2014,EFFR,0.09
08/18/2014,EFFR,0.09
08/15/2014,EFFR,0.09
08/14/2014,EFFR,0.09
08/13/2014,EFFR,0.09
08/12/2014,EFFR,0.09
08/11/2014,EFFR,0.09
08/08/2014,EFFR,0.09
08/07/2014,EFFR,0.09
08/06/2014,EFFR,0.09
08/05/2014,EFFR,0.09
08/04/2014,EFFR,0.09
08/01/2014,EFFR,0.09
07/31/2014,EFFR,0.08
07/30/2014,EFFR,0.09
07/29/2014,EFFR,0.09
07/28/2014,EFFR,0.09
07/25/2014,EFFR,0.09
07/24/2014,EFFR,0.09
07/23/2014,EFFR,0.09
07/22/2014,EFFR,0.09
07/21/2014,EFFR,0.1
07/18/2014,EFFR,0.09
07/17/2014,EFFR,0.09
07/16/2014,EFFR,0.09
07/15/2014,EFFR,0.09
07/14/2014,EFFR,0.09
07/11/2014,EFFR,0.09
07/10/2014,EFFR,0.09
07/09/2014,EFFR,0.09
07/08/2014,EFFR,0.09
07/07/2014,EFFR,0.1
07/03/2014,EFFR,0.09
07/02/2014,EFFR,0.1
07/01/2014,EFFR,0.1
06/30/2014,EFFR,0.09
06/27/2014,EFFR,0.1
06/26/2014,EFFR,0.1
06/25/2014,EFFR,0.1
06/24/2014,EFFR,0.1
06/23/2014,EFFR,0.1
06/20/2014,EFFR,0.1
06/19/2014,EFFR,0.1
06/18/2014,EFFR,0.1
06/17/2014,EFFR,0.1
06/16/2014,EFFR,0.1
06/13/2014,EFFR,0.1
06/12/2014,EFFR,0.09
06/11/2014,EFFR,0.09
06/10/2014,EFFR,0.09
06/09/2014,EFFR,0.09
06/06/2014,EFFR,0.09
06/05/2014,EFFR,0.09
06/04/2014,EFFR,0.09
06/03/2014,EFFR,0.1
06/02/2014,EFFR,0.09
05/30/2014,EFFR,0.08
05/29/2014,EFFR,0.09
05/28/2014,EFFR,0.09
05/27/2014,EFFR,0.09
05/23/2014,EFFR,0.09
05/22/2014,EFFR,0.09
05/21/2014,EFFR,0.09
05/20/2014,EFFR,0.09
05/19/2014,EFFR,0.09
05/16/2014,EFFR,0.09
05/15/2014,EFFR,0.09
05/14/2014,EFFR,0.08
05/13/2014,EFFR,0.09
05/12/2014,EFFR,0.08
05/09/2014,EFFR,0.08
05/08/2014,EFFR,0.08
05/07/2014,EFFR,0.08
05/06/2014,EFFR,0.09
05/05/2014,EFFR,0.09
05/02/2014,EFFR,0.09
05/01/2014,EFFR,0.09
04/30/2014,EFFR,0.09
04/29/2014,EFFR,0.1
04/28/2014,EFFR,0.09
04/25/2014,EFFR,0.09
04/24/2014,EFFR,0.1
04/23/2014,EFFR,0.1
04/22/2014,EFFR,0.1
04/21/2014,EFFR,0.1
04/18/2014,EFFR,0.1
04/17/2014,EFFR,0.09
04/16/2014,EFFR,0.09
04/15/2014,EFFR,0.1
04/14/2014,EFFR,0.09
04/11/2014,EFFR,0.09
04/10/2014,EFFR,0.08
04/09/2014,EFFR,0.08
04/08/2014,EFFR,0.08
04/07/2014,EFFR,0.09
04/04/2014,EFFR,0.08
04/03/2014,EFFR,0.08
04/02/2014,EFFR,0.09
04/01/2014,EFFR,0.08
03/31/2014,EFFR,0.06
03/28/2014,EFFR,0.08
03/27/2014,EFFR,0.08
03/26/2014,EFFR,0.08
03/25/2014,EFFR,0.09
03/24/2014,EFFR,0.09
03/21/2014,EFFR,0.08
03/20/2014,EFFR,0.08
03/19/2014,EFFR,0.08
03/18/2014,EFFR,0.08
03/17/2014,EFFR,0.08
03/14/2014,EFFR,0.08
03/13/2014,EFFR,0.08
03/12/2014,EFFR,0.08
03/11/2014,EFFR,0.08
03/10/2014,EFFR,0.08
03/07/2014,EFFR,0.08
03/06/2014,EFFR,0.08
03/05/2014,EFFR,0.08
03/04/2014,EFFR,0.07
03/03/2014,EFFR,0.07
02/28/2014,EFFR,0.06
02/27/2014,EFFR,0.07
02/26/2014,EFFR,0.07
02/25/2014,EFFR,0.07
02/24/2014,EFFR,0.07
02/21/2014,EFFR,0.07
02/20/2014,EFFR,0.07
02/19/2014,EFFR,0.07
02/18/2014,EFFR,0.07
02/14/2014,EFFR,0.06
02/13/2014,EFFR,0.06
02/12/2014,EFFR,0.07
02/11/2014,EFFR,0.06
02/10/2014,EFFR,0.07
02/07/2014,EFFR,0.06
02/06/2014,EFFR,0.07
02/05/2014,EFFR,0.07
02/04/2014,EFFR,0.07
02/03/2014,EFFR,0.07
01/31/2014,EFFR,0.07
01/30/2014,EFFR,0.07
01/29/2014,EFFR,0.07
01/28/2014,EFFR,0.07
01/27/2014,EFFR,0.07
01/24/2014,EFFR,0.07
01/23/2014,EFFR,0.07
01/22/2014,EFFR,0.07
01/21/2014,EFFR,0.07
01/17/2014,EFFR,0.07
01/16/2014,EFFR,0.07
01/15/2014,EFFR,0.07
01/14/2014,EFFR,0.07
01/13/2014,EFFR,0.07
01/10/2014,EFFR,0.07
01/09/2014,EFFR,0.07
01/08/2014,EFFR,0.07
01/07/2014,EFFR,0.07
01/06/2014,EFFR,0.08
01/03/2014,EFFR,0.08
01/02/2014,EFFR,0.08
12/31/2013,EFFR,0.07
12/30/2013,EFFR,0.08
12/27/2013,EFFR,0.08
12/26/2013,EFFR,0.08
12/24/2013,EFFR,0.08
12/23/2013,EFFR,0.09
12/20/2013,EFFR,0.09
12/19/2013,EFFR,0.09
12/18/2013,EFFR,0.09
12/17/2013,EFFR,0.09
12/16/2013,EFFR,0.09
12/13/2013,EFFR,0.08
12/12/2013,EFFR,0.09
12/11/2013,EFFR,0.08
12/10/2013,EFFR,0.09
12/09/2013,EFFR,0.09
12/06/2013,EFFR,0.09
12/05/2013,EFFR,0.09
12/04/2013,EFFR,0.09
12/03/2013,EFFR,0.09
12/02/2013,EFFR,0.09
11/29/2013,EFFR,0.07
11/27/2013,EFFR,0.09
11/26/2013,EFFR,0.09
11/25/2013,EFFR,0.09
11/22/2013,EFFR,0.09
11/21/2013,EFFR,0.09
11/20/2013,EFFR,0.09
11/19/2013,EFFR,0.09
11/18/2013,EFFR,0.09
11/15/2013,EFFR,0.09
11/14/2013,EFFR,0.09
11/13/2013,EFFR,0.08
11/12/2013,EFFR,0.08
11/08/2013,EFFR,0.08
11/07/2013,EFFR,0.08
11/06/2013,EFFR,0.08
11/05/2013,EFFR,0.08
11/04/2013,EFFR,0.08
11/01/2013,EFFR,0.08
10/31/2013,EFFR,0.07
10/30/2013,EFFR,0.08
10/29/2013,EFFR,0.08
10/28/2013,EFFR,0.08
10/25/2013,EFFR,0.08
10/24/2013,EFFR,0.08
10/23/2013,EFFR,0.08
10/22/2013,EFFR,0.08
10/21/2013,EFFR,0.09
10/18/2013,EFFR,0.1
10/17/2013,EFFR,0.1
10/16/2013,EFFR,0.11
10/15/2013,EFFR,0.1
10/11/2013,EFFR,0.1
10/10/2013,EFFR,0.09
10/09/2013,EFFR,0.09
10/08/2013,EFFR,0.08
10/07/2013,EFFR,0.08
10/04/2013,EFFR,0.08
10/03/2013,EFFR,0.08
10/02/2013,EFFR,0.07
10/01/2013,EFFR,0.08
09/30/2013,EFFR,0.06
09/27/2013,EFFR,0.08
09/26/2013,EFFR,0.08
09/25/2013,EFFR,0.08
09/24/2013,EFFR,0.09
09/23/2013,EFFR,0.09
09/20/2013,EFFR,0.08
09/19/2013,EFFR,0.09
09/18/2013,EFFR,0.08
09/17/2013,EFFR,0.08
09/16/2013,EFFR,0.08
09/13/2013,EFFR,0.08
09/12/2013,EFFR,0.08
09/11/2013,EFFR,0.08
09/10/2013,EFFR,0.08
09/09/2013,EFFR,0.08
09/06/2013,EFFR,0.08
09/05/2013,EFFR,0.08
09/04/2013,EFFR,0.08
09/03/2013,EFFR,0.09
08/30/2013,EFFR,0.07
08/29/2013,EFFR,0.08
08/28/2013,EFFR,0.07
08/27/2013,EFFR,0.07
08/26/2013,EFFR,0.08
08/23/2013,EFFR,0.08
08/22/2013,EFFR,0.09
08/21/2013,EFFR,0.08
08/20/2013,EFFR,0.09
08/19/2013,EFFR,0.09
08/16/2013,EFFR,0.09
08/15/2013,EFFR,0.08
08/14/2013,EFFR,0.09
08/13/2013,EFFR,0.08
08/12/2013,EFFR,0.08
08/09/2013,EFFR,0.08
08/08/2013,EFFR,0.09
08/07/2013,EFFR,0.09
08/06/2013,EFFR,0.09
08/05/2013,EFFR,0.08
08/02/2013,EFFR,0.09
08/01/2013,EFFR,0.08
07/31/2013,EFFR,0.09
07/30/2013,EFFR,0.09
07/29/2013,EFFR,0.08
07/26/2013,EFFR,0.09
07/25/2013,EFFR,0.09
07/24/2013,EFFR,0.09
07/23/2013,EFFR,0.09
07/22/2013,EFFR,0.09
07/19/2013,EFFR,0.09
07/18/2013,EFFR,0.09
07/17/2013,EFFR,0.09
07/16/2013,EFFR,0.09
07/15/2013,EFFR,0.09
07/12/2013,EFFR,0.09
07/11/2013,EFFR,0.09
07/10/2013,EFFR,0.09
07/09/2013,EFFR,0.1
07/08/2013,EFFR,0.1
07/05/2013,EFFR,0.1
07/03/2013,EFFR,0.1
07/02/2013,EFFR,0.1
07/01/2013,EFFR,0.1
06/28/2013,EFFR,0.07
06/27/2013,EFFR,0.09
06/26/2013,EFFR,0.09
06/25/2013,EFFR,0.09
06/24/2013,EFFR,0.1
06/21/2013,EFFR,0.1
06/20/2013,EFFR,0.1
06/19/2013,EFFR,0.1
06/18/2013,EFFR,0.12
06/17/2013,EFFR,0.11
06/14/2013,EFFR,0.1
06/13/2013,EFFR,0.09
06/12/2013,EFFR,0.08
06/11/2013,EFFR,0.09
06/10/2013,EFFR,0.09
06/07/2013,EFFR,0.09
06/06/2013,EFFR,0.1
06/05/2013,EFFR,0.09
06/04/2013,EFFR,0.11
06/03/2013,EFFR,0.1
05/31/2013,EFFR,0.09
05/30/2013,EFFR,0.08
05/29/2013,EFFR,0.08
05/28/2013,EFFR,0.09
05/24/2013,EFFR,0.09
05/23/2013,EFFR,0.08
05/22/2013,EFFR,0.08
05/21/2013,EFFR,0.09
05/20/2013,EFFR,0.1
05/17/2013,EFFR,0.1
05/16/2013,EFFR,0.11
05/15/2013,EFFR,0.12
05/14/2013,EFFR,0.11
05/13/2013,EFFR,0.12
05/10/2013,EFFR,0.12
05/09/2013,EFFR,0.12
05/08/2013,EFFR,0.12
05/07/2013,EFFR,0.12
05/06/2013,EFFR,0.14
05/03/2013,EFFR,0.14
05/02/2013,EFFR,0.15
05/01/2013,EFFR,0.14
04/30/2013,EFFR,0.14
04/29/2013,EFFR,0.13
04/26/2013,EFFR,0.13
04/25/2013,EFFR,0.13
04/24/2013,EFFR,0.13
04/23/2013,EFFR,0.14
04/22/2013,EFFR,0.15
04/19/2013,EFFR,0.15
04/18/2013,EFFR,0.15
04/17/2013,EFFR,0.15
04/16/2013,EFFR,0.15
04/15/2013,EFFR,0.15
04/12/2013,EFFR,0.15
04/11/2013,EFFR,0.15
04/10/2013,EFFR,0.15
04/09/2013,EFFR,0.15
04/08/2013,EFFR,0.15
04/05/2013,EFFR,0.15
04/04/2013,EFFR,0.14
04/03/2013,EFFR,0.14
04/02/2013,EFFR,0.15
04/01/2013,EFFR,0.16
03/29/2013,EFFR,0.09
03/28/2013,EFFR,0.13
03/27/2013,EFFR,0.12
03/26/2013,EFFR,0.14
03/25/2013,EFFR,0.15
03/22/2013,EFFR,0.15
03/21/2013,EFFR,0.16
03/20/2013,EFFR,0.15
03/19/2013,EFFR,0.15
03/18/2013,EFFR,0.16
03/15/2013,EFFR,0.16
03/14/2013,EFFR,0.15
03/13/2013,EFFR,0.14
03/12/2013,EFFR,0.15
03/11/2013,EFFR,0.16
03/08/2013,EFFR,0.15
03/07/2013,EFFR,0.16
03/06/2013,EFFR,0.15
03/05/2013,EFFR,0.15
03/04/2013,EFFR,0.16
03/01/2013,EFFR,0.14
02/28/2013,EFFR,0.14
02/27/2013,EFFR,0.14
02/26/2013,EFFR,0.14
02/25/2013,EFFR,0.15
02/22/2013,EFFR,0.16
02/21/2013,EFFR,0.16
02/20/2013,EFFR,0.15
02/19/2013,EFFR,0.15
02/15/2013,EFFR,0.16
02/14/2013,EFFR,0.14
02/13/2013,EFFR,0.14
02/12/2013,EFFR,0.13
02/11/2013,EFFR,0.14
02/08/2013,EFFR,0.14
02/07/2013,EFFR,0.13
02/06/2013,EFFR,0.13
02/05/2013,EFFR,0.13
02/04/2013,EFFR,0.13
02/01/2013,EFFR,0.14
01/31/2013,EFFR,0.15
01/30/2013,EFFR,0.12
01/29/2013,EFFR,0.12
01/28/2013,EFFR,0.14
01/25/2013,EFFR,0.14
01/24/2013,EFFR,0.15
01/23/2013,EFFR,0.13
01/22/2013,EFFR,0.14
01/18/2013,EFFR,0.14
01/17/2013,EFFR,0.14
01/16/2013,EFFR,0.14
01/15/2013,EFFR,0.15
01/14/2013,EFFR,0.14
01/11/2013,EFFR,0.14
01/10/2013,EFFR,0.14
01/09/2013,EFFR,0.14
01/08/2013,EFFR,0.15
01/07/2013,EFFR,0.16
01/04/2013,EFFR,0.16
01/03/2013,EFFR,0.17
01/02/2013,EFFR,0.17
12/31/2012,EFFR,0.09
12/28/2012,EFFR,0.17
12/27/2012,EFFR,0.17
12/26/2012,EFFR,0.17
12/24/2012,EFFR,0.18
12/21/2012,EFFR,0.17
12/20/2012,EFFR,0.17
12/19/2012,EFFR,0.17
12/18/2012,EFFR,0.17
12/17/2012,EFFR,0.16
12/14/2012,EFFR,0.17
12/13/2012,EFFR,0.16
12/12/2012,EFFR,0.17
12/11/2012,EFFR,0.17
12/10/2012,EFFR,0.16
12/07/2012,EFFR,0.16
12/06/2012,EFFR,0.16
12/05/2012,EFFR,0.16
12/04/2012,EFFR,0.17
12/03/2012,EFFR,0.16
11/30/2012,EFFR,0.16
11/29/2012,EFFR,0.16
11/28/2012,EFFR,0.16
11/27/2012,EFFR,0.16
11/26/2012,EFFR,0.16
11/23/2012,EFFR,0.16
11/21/2012,EFFR,0.16
11/20/2012,EFFR,0.16
11/19/2012,EFFR,0.16
11/16/2012,EFFR,0.16
11/15/2012,EFFR,0.16
11/14/2012,EFFR,0.16
11/13/2012,EFFR,0.16
11/09/2012,EFFR,0.16
11/08/2012,EFFR,0.16
11/07/2012,EFFR,0.16
11/06/2012,EFFR,0.16
11/05/2012,EFFR,0.17
11/02/2012,EFFR,0.16
11/01/2012,EFFR,0.17
10/31/2012,EFFR,0.18
10/30/2012,EFFR,0.17
10/29/2012,EFFR,0.17
10/26/2012,EFFR,0.16
10/25/2012,EFFR,0.16
10/24/2012,EFFR,0.17
10/23/2012,EFFR,0.15
10/22/2012,EFFR,0.15
10/19/2012,EFFR,0.16
10/18/2012,EFFR,0.15
10/17/2012,EFFR,0.15
10/16/2012,EFFR,0.16
10/15/2012,EFFR,0.16
10/12/2012,EFFR,0.16
10/11/2012,EFFR,0.16
10/10/2012,EFFR,0.16
10/09/2012,EFFR,0.16
10/05/2012,EFFR,0.15
10/04/2012,EFFR,0.15
10/03/2012,EFFR,0.16
10/02/2012,EFFR,0.16
10/01/2012,EFFR,0.15
09/28/2012,EFFR,0.09
09/27/2012,EFFR,0.14
09/26/2012,EFFR,0.15
09/25/2012,EFFR,0.15
09/24/2012,EFFR,0.16
09/21/2012,EFFR,0.15
09/20/2012,EFFR,0.16
09/19/2012,EFFR,0.15
09/18/2012,EFFR,0.16
09/17/2012,EFFR,0.16
09/14/2012,EFFR,0.16
09/13/2012,EFFR,0.15
09/12/2012,EFFR,0.15
09/11/2012,EFFR,0.15
09/10/2012,EFFR,0.15
09/07/2012,EFFR,0.15
09/06/2012,EFFR,0.16
09/05/2012,EFFR,0.16
09/04/2012,EFFR,0.14
08/31/2012,EFFR,0.13
08/30/2012,EFFR,0.14
08/29/2012,EFFR,0.13
08/28/2012,EFFR,0.13
08/27/2012,EFFR,0.13
08/24/2012,EFFR,0.13
08/23/2012,EFFR,0.13
08/22/2012,EFFR,0.13
08/21/2012,EFFR,0.13
08/20/2012,EFFR,0.13
08/17/2012,EFFR,0.13
08/16/2012,EFFR,0.13
08/15/2012,EFFR,0.13
08/14/2012,EFFR,0.13
08/13/2012,EFFR,0.13
08/10/2012,EFFR,0.13
08/09/2012,EFFR,0.13
08/08/2012,EFFR,0.13
08/07/2012,EFFR,0.13
08/06/2012,EFFR,0.14
08/03/2012,EFFR,0.14
08/02/2012,EFFR,0.14
08/01/2012,EFFR,0.14
07/31/2012,EFFR,0.13
07/30/2012,EFFR,0.14
07/27/2012,EFFR,0.14
07/26/2012,EFFR,0.14
07/25/2012,EFFR,0.15
07/24/2012,EFFR,0.15
07/23/2012,EFFR,0.14
07/20/2012,EFFR,0.13
07/19/2012,EFFR,0.13
07/18/2012,EFFR,0.16
07/17/2012,EFFR,0.17
07/16/2012,EFFR,0.18
07/13/2012,EFFR,0.19
07/12/2012,EFFR,0.18
07/11/2012,EFFR,0.17
07/10/2012,EFFR,0.17
07/09/2012,EFFR,0.17
07/06/2012,EFFR,0.17
07/05/2012,EFFR,0.17
07/03/2012,EFFR,0.17
07/02/2012,EFFR,0.18
06/29/2012,EFFR,0.09
06/28/2012,EFFR,0.15
06/27/2012,EFFR,0.15
06/26/2012,EFFR,0.16
06/25/2012,EFFR,0.17
06/22/2012,EFFR,0.17
06/21/2012,EFFR,0.17
06/20/2012,EFFR,0.16
06/19/2012,EFFR,0.17
06/18/2012,EFFR,0.17
06/15/2012,EFFR,0.18
06/14/2012,EFFR,0.17
06/13/2012,EFFR,0.17
06/12/2012,EFFR,0.16
06/11/2012,EFFR,0.17
06/08/2012,EFFR,0.17
06/07/2012,EFFR,0.16
06/06/2012,EFFR,0.16
06/05/2012,EFFR,0.17
06/04/2012,EFFR,0.17
06/01/2012,EFFR,0.16
05/31/2012,EFFR,0.16
05/30/2012,EFFR,0.16
05/29/2012,EFFR,0.16
05/25/2012,EFFR,0.15
05/24/2012,EFFR,0.15
05/23/2012,EFFR,0.15
05/22/2012,EFFR,0.16
05/21/2012,EFFR,0.16
05/18/2012,EFFR,0.16
05/17/2012,EFFR,0.16
05/16/2012,EFFR,0.16
05/15/2012,EFFR,0.16
05/14/2012,EFFR,0.16
05/11/2012,EFFR,0.15
05/10/2012,EFFR,0.15
05/09/2012,EFFR,0.15
05/08/2012,EFFR,0.16
05/07/2012,EFFR,0.16
05/04/2012,EFFR,0.16
05/03/2012,EFFR,0.15
05/02/2012,EFFR,0.15
05/01/2012,EFFR,0.16
04/30/2012,EFFR,0.16
04/27/2012,EFFR,0.13
04/26/2012,EFFR,0.14
04/25/2012,EFFR,0.15
04/24/2012,EFFR,0.14
04/23/2012,EFFR,0.13
04/20/2012,EFFR,0.12
04/19/2012,EFFR,0.13
04/18/2012,EFFR,0.15
04/17/2012,EFFR,0.16
04/16/2012,EFFR,0.15
04/13/2012,EFFR,0.15
04/12/2012,EFFR,0.15
04/11/2012,EFFR,0.16
04/10/2012,EFFR,0.15
04/09/2012,EFFR,0.16
04/06/2012,EFFR,0.12
04/05/2012,EFFR,0.15
04/04/2012,EFFR,0.15
04/03/2012,EFFR,0.15
04/02/2012,EFFR,0.15
03/30/2012,EFFR,0.09
03/29/2012,EFFR,0.13
03/28/2012,EFFR,0.13
03/27/2012,EFFR,0.14
03/26/2012,EFFR,0.14
03/23/2012,EFFR,0.14
03/22/2012,EFFR,0.14
03/21/2012,EFFR,0.15
03/20/2012,EFFR,0.15
03/19/2012,EFFR,0.15
03/16/2012,EFFR,0.15
03/15/2012,EFFR,0.14
03/14/2012,EFFR,0.13
03/13/2012,EFFR,0.12
03/12/2012,EFFR,0.12
03/09/2012,EFFR,0.12
03/08/2012,EFFR,0.11
03/07/2012,EFFR,0.11
03/06/2012,EFFR,0.11
03/05/2012,EFFR,0.11
03/02/2012,EFFR,0.11
03/01/2012,EFFR,0.11
02/29/2012,EFFR,0.1
02/28/2012,EFFR,0.1
02/27/2012,EFFR,0.1
02/24/2012,EFFR,0.09
02/23/2012,EFFR,0.08
02/22/2012,EFFR,0.08
02/21/2012,EFFR,0.1
02/17/2012,EFFR,0.09
02/16/2012,EFFR,0.11
02/15/2012,EFFR,0.12
02/14/2012,EFFR,0.12
02/13/2012,EFFR,0.12
02/10/2012,EFFR,0.12
02/09/2012,EFFR,0.11
02/08/2012,EFFR,0.11
02/07/2012,EFFR,0.11
02/06/2012,EFFR,0.11
02/03/2012,EFFR,0.11
02/02/2012,EFFR,0.11
02/01/2012,EFFR,0.11
01/31/2012,EFFR,0.11
01/30/2012,EFFR,0.09
01/27/2012,EFFR,0.09
01/26/2012,EFFR,0.08
01/25/2012,EFFR,0.08
01/24/2012,EFFR,0.09
01/23/2012,EFFR,0.09
01/20/2012,EFFR,0.09
01/19/2012,EFFR,0.1
01/18/2012,EFFR,0.09
01/17/2012,EFFR,0.09
01/13/2012,EFFR,0.09
01/12/2012,EFFR,0.08
01/11/2012,EFFR,0.08
01/10/2012,EFFR,0.08
01/09/2012,EFFR,0.08
01/06/2012,EFFR,0.07
01/05/2012,EFFR,0.07
01/04/2012,EFFR,0.07
01/03/2012,EFFR,0.07
12/30/2011,EFFR,0.04
12/29/2011,EFFR,0.07
12/28/2011,EFFR,0.07
12/27/2011,EFFR,0.07
12/23/2011,EFFR,0.08
12/22/2011,EFFR,0.07
12/21/2011,EFFR,0.07
12/20/2011,EFFR,0.07
12/19/2011,EFFR,0.07
12/16/2011,EFFR,0.07
12/15/2011,EFFR,0.07
12/14/2011,EFFR,0.07
12/13/2011,EFFR,0.07
12/12/2011,EFFR,0.07
12/09/2011,EFFR,0.07
12/08/2011,EFFR,0.07
12/07/2011,EFFR,0.08
12/06/2011,EFFR,0.08
12/05/2011,EFFR,0.08
12/02/2011,EFFR,0.08
12/01/2011,EFFR,0.08
11/30/2011,EFFR,0.1
11/29/2011,EFFR,0.08
11/28/2011,EFFR,0.08
11/25/2011,EFFR,0.07
11/23/2011,EFFR,0.09
11/22/2011,EFFR,0.08
11/21/2011,EFFR,0.08
11/18/2011,EFFR,0.08
11/17/2011,EFFR,0.08
11/16/2011,EFFR,0.08
11/15/2011,EFFR,0.09
11/14/2011,EFFR,0.08
11/10/2011,EFFR,0.08
11/09/2011,EFFR,0.08
11/08/2011,EFFR,0.08
11/07/2011,EFFR,0.08
11/04/2011,EFFR,0.08
11/03/2011,EFFR,0.09
11/02/2011,EFFR,0.08
11/01/2011,EFFR,0.08
10/31/2011,EFFR,0.09
10/28/2011,EFFR,0.07
10/27/2011,EFFR,0.07
10/26/2011,EFFR,0.08
10/25/2011,EFFR,0.07
10/24/2011,EFFR,0.07
10/21/2011,EFFR,0.07
10/20/2011,EFFR,0.07
10/19/2011,EFFR,0.07
10/18/2011,EFFR,0.07
10/17/2011,EFFR,0.07
10/14/2011,EFFR,0.07
10/13/2011,EFFR,0.07
10/12/2011,EFFR,0.07
10/11/2011,EFFR,0.07
10/07/2011,EFFR,0.07
10/06/2011,EFFR,0.07
10/05/2011,EFFR,0.07
10/04/2011,EFFR,0.07
10/03/2011,EFFR,0.08
09/30/2011,EFFR,0.06
09/29/2011,EFFR,0.08
09/28/2011,EFFR,0.08
09/27/2011,EFFR,0.08
09/26/2011,EFFR,0.08
09/23/2011,EFFR,0.08
09/22/2011,EFFR,0.08
09/21/2011,EFFR,0.08
09/20/2011,EFFR,0.09
09/19/2011,EFFR,0.09
09/16/2011,EFFR,0.09
09/15/2011,EFFR,0.09
09/14/2011,EFFR,0.08
09/13/2011,EFFR,0.09
09/12/2011,EFFR,0.09
09/09/2011,EFFR,0.09
09/08/2011,EFFR,0.09
09/07/2011,EFFR,0.09
09/06/2011,EFFR,0.09
09/02/2011,EFFR,0.08
09/01/2011,EFFR,0.08
08/31/2011,EFFR,0.08
08/30/2011,EFFR,0.08
08/29/2011,EFFR,0.09
08/26/2011,EFFR,0.09
08/25/2011,EFFR,0.08
08/24/2011,EFFR,0.08
08/23/2011,EFFR,0.08
08/22/2011,EFFR,0.09
08/19/2011,EFFR,0.09
08/18/2011,EFFR,0.09
08/17/2011,EFFR,0.09
08/16/2011,EFFR,0.09
08/15/2011,EFFR,0.1
08/12/2011,EFFR,0.1
08/11/2011,EFFR,0.09
08/10/2011,EFFR,0.1
08/09/2011,EFFR,0.1
08/08/2011,EFFR,0.11
08/05/2011,EFFR,0.08
08/04/2011,EFFR,0.09
08/03/2011,EFFR,0.12
08/02/2011,EFFR,0.16
08/01/2011,EFFR,0.17
07/29/2011,EFFR,0.11
07/28/2011,EFFR,0.08
07/27/2011,EFFR,0.07
07/26/2011,EFFR,0.06
07/25/2011,EFFR,0.06
07/22/2011,EFFR,0.06
07/21/2011,EFFR,0.06
07/20/2011,EFFR,0.06
07/19/2011,EFFR,0.06
07/18/2011,EFFR,0.06
07/15/2011,EFFR,0.06
07/14/2011,EFFR,0.06
07/13/2011,EFFR,0.06
07/12/2011,EFFR,0.06
07/11/2011,EFFR,0.07
07/08/2011,EFFR,0.07
07/07/2011,EFFR,0.07
07/06/2011,EFFR,0.07
07/05/2011,EFFR,0.08
07/01/2011,EFFR,0.08
06/30/2011,EFFR,0.07
06/29/2011,EFFR,0.07
06/28/2011,EFFR,0.08
06/27/2011,EFFR,0.08
06/24/2011,EFFR,0.08
06/23/2011,EFFR,0.08
06/22/2011,EFFR,0.09
06/21/2011,EFFR,0.09
06/20/2011,EFFR,0.09
06/17/2011,EFFR,0.1
06/16/2011,EFFR,0.1
06/15/2011,EFFR,0.1
06/14/2011,EFFR,0.1
06/13/2011,EFFR,0.1
06/10/2011,EFFR,0.09
06/09/2011,EFFR,0.09
06/08/2011,EFFR,0.09
06/07/2011,EFFR,0.09
06/06/2011,EFFR,0.1
06/03/2011,EFFR,0.11
06/02/2011,EFFR,0.1
06/01/2011,EFFR,0.1
05/31/2011,EFFR,0.1
05/27/2011,EFFR,0.1
05/26/2011,EFFR,0.09
05/25/2011,EFFR,0.09
05/24/2011,EFFR,0.1
05/23/2011,EFFR,0.1
05/20/2011,EFFR,0.1
05/19/2011,EFFR,0.09
05/18/2011,EFFR,0.1
05/17/2011,EFFR,0.09
05/16/2011,EFFR,0.1
05/13/2011,EFFR,0.09
05/12/2011,EFFR,0.09
05/11/2011,EFFR,0.09
05/10/2011,EFFR,0.09
05/09/2011,EFFR,0.09
05/06/2011,EFFR,0.09
05/05/2011,EFFR,0.09
05/04/2011,EFFR,0.09
05/03/2011,EFFR,0.09
05/02/2011,EFFR,0.09
04/29/2011,EFFR,0.09
04/28/2011,EFFR,0.09
04/27/2011,EFFR,0.09
04/26/2011,EFFR,0.09
04/25/2011,EFFR,0.1
04/22/2011,EFFR,0.1
04/21/2011,EFFR,0.1
04/20/2011,EFFR,0.1
04/19/2011,EFFR,0.11
04/18/2011,EFFR,0.1
04/15/2011,EFFR,0.12
04/14/2011,EFFR,0.09
04/13/2011,EFFR,0.08
04/12/2011,EFFR,0.08
04/11/2011,EFFR,0.09
04/08/2011,EFFR,0.09
04/07/2011,EFFR,0.1
04/06/2011,EFFR,0.1
04/05/2011,EFFR,0.09
04/04/2011,EFFR,0.09
04/01/2011,EFFR,0.11
03/31/2011,EFFR,0.1
03/30/2011,EFFR,0.13
03/29/2011,EFFR,0.13
03/28/2011,EFFR,0.13
03/25/2011,EFFR,0.13
03/24/2011,EFFR,0.13
03/23/2011,EFFR,0.14
03/22/2011,EFFR,0.14
03/21/2011,EFFR,0.14
03/18/2011,EFFR,0.15
03/17/2011,EFFR,0.14
03/16/2011,EFFR,0.14
03/15/2011,EFFR,0.14
03/14/2011,EFFR,0.14
03/11/2011,EFFR,0.13
03/10/2011,EFFR,0.14
03/09/2011,EFFR,0.14
03/08/2011,EFFR,0.14
03/07/2011,EFFR,0.14
03/04/2011,EFFR,0.15
03/03/2011,EFFR,0.15
03/02/2011,EFFR,0.16
03/01/2011,EFFR,0.15
02/28/2011,EFFR,0.16
02/25/2011,EFFR,0.15
02/24/2011,EFFR,0.15
02/23/2011,EFFR,0.15
02/22/2011,EFFR,0.15
02/18/2011,EFFR,0.15
02/17/2011,EFFR,0.15
02/16/2011,EFFR,0.15
02/15/2011,EFFR,0.16
02/14/2011,EFFR,0.15
02/11/2011,EFFR,0.15
02/10/2011,EFFR,0.15
02/09/2011,EFFR,0.15
02/08/2011,EFFR,0.16
02/07/2011,EFFR,0.17
02/04/2011,EFFR,0.17
02/03/2011,EFFR,0.17
02/02/2011,EFFR,0.18
02/01/2011,EFFR,0.18
01/31/2011,EFFR,0.17
01/28/2011,EFFR,0.17
01/27/2011,EFFR,0.17
01/26/2011,EFFR,0.17
01/25/2011,EFFR,0.17
01/24/2011,EFFR,0.18
01/21/2011,EFFR,0.17
01/20/2011,EFFR,0.18
01/19/2011,EFFR,0.18
01/18/2011,EFFR,0.19
01/14/2011,EFFR,0.16
01/13/2011,EFFR,0.16
01/12/2011,EFFR,0.16
01/11/2011,EFFR,0.17
01/10/2011,EFFR,0.17
01/07/2011,EFFR,0.17
01/06/2011,EFFR,0.17
01/05/2011,EFFR,0.18
01/04/2011,EFFR,0.18
01/03/2011,EFFR,0.19
12/31/2010,EFFR,0.13
12/30/2010,EFFR,0.19
12/29/2010,EFFR,0.18
12/28/2010,EFFR,0.18
12/27/2010,EFFR,0.19
12/24/2010,EFFR,0.19
12/23/2010,EFFR,0.19
12/22/2010,EFFR,0.19
12/21/2010,EFFR,0.2
12/20/2010,EFFR,0.21
12/17/2010,EFFR,0.2
12/16/2010,EFFR,0.2
12/15/2010,EFFR,0.2
12/14/2010,EFFR,0.19
12/13/2010,EFFR,0.17
12/10/2010,EFFR,0.16
12/09/2010,EFFR,0.16
12/08/2010,EFFR,0.17
12/07/2010,EFFR,0.17
12/06/2010,EFFR,0.18
12/03/2010,EFFR,0.18
12/02/2010,EFFR,0.19
12/01/2010,EFFR,0.2
11/30/2010,EFFR,0.2
11/29/2010,EFFR,0.2
11/26/2010,EFFR,0.2
11/24/2010,EFFR,0.2
11/23/2010,EFFR,0.2
11/22/2010,EFFR,0.19
11/19/2010,EFFR,0.21
11/18/2010,EFFR,0.2
11/17/2010,EFFR,0.2
11/16/2010,EFFR,0.21
11/15/2010,EFFR,0.21
11/12/2010,EFFR,0.19
11/10/2010,EFFR,0.17
11/09/2010,EFFR,0.17
11/08/2010,EFFR,0.18
11/05/2010,EFFR,0.18
11/04/2010,EFFR,0.19
11/03/2010,EFFR,0.2
11/02/2010,EFFR,0.2
11/01/2010,EFFR,0.2
10/29/2010,EFFR,0.2
10/28/2010,EFFR,0.19
10/27/2010,EFFR,0.19
10/26/2010,EFFR,0.19
10/25/2010,EFFR,0.19
10/22/2010,EFFR,0.19
10/21/2010,EFFR,0.19
10/20/2010,EFFR,0.19
10/19/2010,EFFR,0.19
10/18/2010,EFFR,0.19
10/15/2010,EFFR,0.2
10/14/2010,EFFR,0.19
10/13/2010,EFFR,0.18
10/12/2010,EFFR,0.18
10/08/2010,EFFR,0.18
10/07/2010,EFFR,0.18
10/06/2010,EFFR,0.19
10/05/2010,EFFR,0.2
10/04/2010,EFFR,0.2
10/01/2010,EFFR,0.2
09/30/2010,EFFR,0.15
09/29/2010,EFFR,0.19
09/28/2010,EFFR,0.19
09/27/2010,EFFR,0.19
09/24/2010,EFFR,0.21
09/23/2010,EFFR,0.2
09/22/2010,EFFR,0.21
09/21/2010,EFFR,0.2
09/20/2010,EFFR,0.21
09/17/2010,EFFR,0.21
09/16/2010,EFFR,0.21
09/15/2010,EFFR,0.21
09/14/2010,EFFR,0.19
09/13/2010,EFFR,0.18
09/10/2010,EFFR,0.18
09/09/2010,EFFR,0.18
09/08/2010,EFFR,0.19
09/07/2010,EFFR,0.2
09/03/2010,EFFR,0.19
09/02/2010,EFFR,0.19
09/01/2010,EFFR,0.19
08/31/2010,EFFR,0.21
08/30/2010,EFFR,0.19
08/27/2010,EFFR,0.19
08/26/2010,EFFR,0.19
08/25/2010,EFFR,0.19
08/24/2010,EFFR,0.19
08/23/2010,EFFR,0.19
08/20/2010,EFFR,0.2
08/19/2010,EFFR,0.19
08/18/2010,EFFR,0.19
08/17/2010,EFFR,0.2
08/16/2010,EFFR,0.2
08/13/2010,EFFR,0.19
08/12/2010,EFFR,0.18
08/11/2010,EFFR,0.17
08/10/2010,EFFR,0.18
08/09/2010,EFFR,0.18
08/06/2010,EFFR,0.18
08/05/2010,EFFR,0.19
08/04/2010,EFFR,0.19
08/03/2010,EFFR,0.19
08/02/2010,EFFR,0.19
07/30/2010,EFFR,0.18
07/29/2010,EFFR,0.19
07/28/2010,EFFR,0.2
07/27/2010,EFFR,0.19
07/26/2010,EFFR,0.19
07/23/2010,EFFR,0.19
07/22/2010,EFFR,0.18
07/21/2010,EFFR,0.18
07/20/2010,EFFR,0.18
07/19/2010,EFFR,0.19
07/16/2010,EFFR,0.19
07/15/2010,EFFR,0.19
07/14/2010,EFFR,0.17
07/13/2010,EFFR,0.17
07/12/2010,EFFR,0.17
07/09/2010,EFFR,0.18
07/08/2010,EFFR,0.17
07/07/2010,EFFR,0.18
07/06/2010,EFFR,0.18
07/02/2010,EFFR,0.18
07/01/2010,EFFR,0.17
06/30/2010,EFFR,0.09
06/29/2010,EFFR,0.15
06/28/2010,EFFR,0.17
06/25/2010,EFFR,0.16
06/24/2010,EFFR,0.16
06/23/2010,EFFR,0.17
06/22/2010,EFFR,0.18
06/21/2010,EFFR,0.17
06/18/2010,EFFR,0.18
06/17/2010,EFFR,0.19
06/16/2010,EFFR,0.19
06/15/2010,EFFR,0.19
06/14/2010,EFFR,0.18
06/11/2010,EFFR,0.18
06/10/2010,EFFR,0.18
06/09/2010,EFFR,0.18
06/08/2010,EFFR,0.19
06/07/2010,EFFR,0.19
06/04/2010,EFFR,0.19
06/03/2010,EFFR,0.19
06/02/2010,EFFR,0.2
06/01/2010,EFFR,0.2
05/28/2010,EFFR,0.19
05/27/2010,EFFR,0.2
05/26/2010,EFFR,0.2
05/25/2010,EFFR,0.21
05/24/2010,EFFR,0.21
05/21/2010,EFFR,0.2
05/20/2010,EFFR,0.2
05/19/2010,EFFR,0.2
05/18/2010,EFFR,0.21
05/17/2010,EFFR,0.21
05/14/2010,EFFR,0.2
05/13/2010,EFFR,0.2
05/12/2010,EFFR,0.2
05/11/2010,EFFR,0.2
05/10/2010,EFFR,0.2
05/07/2010,EFFR,0.2
05/06/2010,EFFR,0.2
05/05/2010,EFFR,0.21
05/04/2010,EFFR,0.21
05/03/2010,EFFR,0.2
04/30/2010,EFFR,0.2
04/29/2010,EFFR,0.19
04/28/2010,EFFR,0.2
04/27/2010,EFFR,0.2
04/26/2010,EFFR,0.2
04/23/2010,EFFR,0.2
04/22/2010,EFFR,0.2
04/21/2010,EFFR,0.2
04/20/2010,EFFR,0.2
04/19/2010,EFFR,0.2
04/16/2010,EFFR,0.21
04/15/2010,EFFR,0.22
04/14/2010,EFFR,0.2
04/13/2010,EFFR,0.2
04/12/2010,EFFR,0.19
04/09/2010,EFFR,0.19
04/08/2010,EFFR,0.19
04/07/2010,EFFR,0.19
04/06/2010,EFFR,0.2
04/05/2010,EFFR,0.2
04/02/2010,EFFR,0.2
04/01/2010,EFFR,0.17
03/31/2010,EFFR,0.09
03/30/2010,EFFR,0.16
03/29/2010,EFFR,0.16
03/26/2010,EFFR,0.17
03/25/2010,EFFR,0.17
03/24/2010,EFFR,0.17
03/23/2010,EFFR,0.17
03/22/2010,EFFR,0.18
03/19/2010,EFFR,0.18
03/18/2010,EFFR,0.18
03/17/2010,EFFR,0.18
03/16/2010,EFFR,0.2
03/15/2010,EFFR,0.2
03/12/2010,EFFR,0.17
03/11/2010,EFFR,0.15
03/10/2010,EFFR,0.14
03/09/2010,EFFR,0.14
03/08/2010,EFFR,0.15
03/05/2010,EFFR,0.17
03/04/2010,EFFR,0.16
03/03/2010,EFFR,0.15
03/02/2010,EFFR,0.14
03/01/2010,EFFR,0.14
02/26/2010,EFFR,0.13
02/25/2010,EFFR,0.12
02/24/2010,EFFR,0.11
02/23/2010,EFFR,0.12
02/22/2010,EFFR,0.12
02/19/2010,EFFR,0.13
02/18/2010,EFFR,0.12
02/17/2010,EFFR,0.12
02/16/2010,EFFR,0.13
02/12/2010,EFFR,0.12
02/11/2010,EFFR,0.12
02/10/2010,EFFR,0.12
02/09/2010,EFFR,0.13
02/08/2010,EFFR,0.13
02/05/2010,EFFR,0.13
02/04/2010,EFFR,0.14
02/03/2010,EFFR,0.13
02/02/2010,EFFR,0.14
02/01/2010,EFFR,0.14
01/29/2010,EFFR,0.12
01/28/2010,EFFR,0.12
01/27/2010,EFFR,0.12
01/26/2010,EFFR,0.12
01/25/2010,EFFR,0.12
01/22/2010,EFFR,0.11
01/21/2010,EFFR,0.12
01/20/2010,EFFR,0.13
01/19/2010,EFFR,0.13
01/15/2010,EFFR,0.12
01/14/2010,EFFR,0.11
01/13/2010,EFFR,0.11
01/12/2010,EFFR,0.11
01/11/2010,EFFR,0.11
01/08/2010,EFFR,0.11
01/07/2010,EFFR,0.1
01/06/2010,EFFR,0.12
01/05/2010,EFFR,0.12
01/04/2010,EFFR,0.12
